date,season,home_team,away_team,home_avg_scored,home_avg_conceded,home_ppg,home_avg_sot,away_avg_scored,away_avg_conceded,away_ppg,away_avg_sot,home_home_avg_scored,home_home_avg_conceded,away_away_avg_scored,away_away_avg_conceded,h2h_hw_rate,h2h_d_rate,h2h_aw_rate,h2h_avg_goals,home_rest_days,away_rest_days,odds_home,odds_draw,odds_away,impl_home,impl_draw,impl_away,odds_over_2_5,odds_under_2_5,impl_over_2_5,impl_under_2_5,target_result,target_home_score,target_away_score,target_over_2_5,target_btts
2020-09-12,2020/21,Fulham,Arsenal,1.4,1.4,1.3,4.5,1.4,1.4,1.3,4.5,1.4,1.4,1.4,1.4,0.45,0.25,0.3,2.6,7.0,7.0,6.0,4.33,1.53,0.16666666666666666,0.23094688221709006,0.6535947712418301,1.72,2.1,0.5813953488372093,0.47619047619047616,A,0,3,1,0
2020-09-12,2020/21,Crystal Palace,Southampton,1.4,1.4,1.3,4.5,1.4,1.4,1.3,4.5,1.4,1.4,1.4,1.4,0.45,0.25,0.3,2.6,7.0,7.0,3.1,3.25,2.37,0.3225806451612903,0.3076923076923077,0.42194092827004215,2.2,1.66,0.45454545454545453,0.6024096385542169,H,1,0,0,0
2020-09-12,2020/21,Liverpool,Leeds United,1.4,1.4,1.3,4.5,1.4,1.4,1.3,4.5,1.4,1.4,1.4,1.4,0.45,0.25,0.3,2.6,7.0,7.0,1.28,6.0,9.5,0.78125,0.16666666666666666,0.10526315789473684,1.53,2.5,0.6535947712418301,0.4,H,4,3,1,1
2020-09-12,2020/21,West Ham United,Newcastle United,1.4,1.4,1.3,4.5,1.4,1.4,1.3,4.5,1.4,1.4,1.4,1.4,0.45,0.25,0.3,2.6,7.0,7.0,2.15,3.4,3.4,0.46511627906976744,0.29411764705882354,0.29411764705882354,1.9,1.9,0.5263157894736842,0.5263157894736842,A,0,2,0,0
2020-09-13,2020/21,West Bromwich Albion,Leicester City,1.4,1.4,1.3,4.5,1.4,1.4,1.3,4.5,1.4,1.4,1.4,1.4,0.45,0.25,0.3,2.6,7.0,7.0,3.8,3.6,1.95,0.2631578947368421,0.2777777777777778,0.5128205128205129,1.9,1.9,0.5263157894736842,0.5263157894736842,A,0,3,1,0
2020-09-13,2020/21,Tottenham Hotspur,Everton,1.4,1.4,1.3,4.5,1.4,1.4,1.3,4.5,1.4,1.4,1.4,1.4,0.45,0.25,0.3,2.6,7.0,7.0,1.83,3.6,4.33,0.5464480874316939,0.2777777777777778,0.23094688221709006,1.9,1.9,0.5263157894736842,0.5263157894736842,A,0,1,0,0
2020-09-14,2020/21,Brighton & Hove Albion,Chelsea,1.4,1.4,1.3,4.5,1.4,1.4,1.3,4.5,1.4,1.4,1.4,1.4,0.45,0.25,0.3,2.6,7.0,7.0,5.0,4.33,1.61,0.2,0.23094688221709006,0.6211180124223602,1.72,2.1,0.5813953488372093,0.47619047619047616,A,1,3,1,1
2020-09-14,2020/21,Sheffield United,Wolverhampton Wanderers,1.4,1.4,1.3,4.5,1.4,1.4,1.3,4.5,1.4,1.4,1.4,1.4,0.45,0.25,0.3,2.6,7.0,7.0,3.25,3.1,2.37,0.3076923076923077,0.3225806451612903,0.42194092827004215,2.62,1.5,0.38167938931297707,0.6666666666666666,A,0,2,0,0
2020-09-19,2020/21,Everton,West Bromwich Albion,1.0,0.0,3.0,4.0,0.0,3.0,0.0,1.0,1.4,1.4,1.4,1.4,0.45,0.25,0.3,2.6,6.0,6.0,1.5,4.2,6.5,0.6666666666666666,0.23809523809523808,0.15384615384615385,1.87,2.03,0.53475935828877,0.4926108374384237,H,5,2,1,1
2020-09-19,2020/21,Leeds United,Fulham,3.0,4.0,0.0,3.0,0.0,3.0,0.0,2.0,1.4,1.4,1.4,1.4,0.45,0.25,0.3,2.6,7.0,7.0,1.61,3.9,5.75,0.6211180124223602,0.25641025641025644,0.17391304347826086,1.97,1.93,0.5076142131979695,0.5181347150259068,H,4,3,1,1
2020-09-19,2020/21,Manchester United,Crystal Palace,1.4,1.4,1.3,4.5,1.0,0.0,3.0,3.0,1.4,1.4,1.4,1.4,0.45,0.25,0.3,2.6,7.0,7.0,1.3,5.5,9.5,0.7692307692307692,0.18181818181818182,0.10526315789473684,1.66,2.2,0.6024096385542169,0.45454545454545453,A,1,3,1,1
2020-09-19,2020/21,Arsenal,West Ham United,3.0,0.0,3.0,6.0,0.0,2.0,0.0,3.0,1.4,1.4,1.4,1.4,0.45,0.25,0.3,2.6,7.0,7.0,1.53,4.5,5.5,0.6535947712418301,0.2222222222222222,0.18181818181818182,1.66,2.2,0.6024096385542169,0.45454545454545453,H,2,1,1,1
2020-09-20,2020/21,Newcastle United,Brighton & Hove Albion,2.0,0.0,3.0,2.0,1.0,3.0,0.0,3.0,1.4,1.4,1.4,1.4,0.45,0.25,0.3,2.6,8.0,6.0,2.6,3.1,2.87,0.3846153846153846,0.3225806451612903,0.3484320557491289,2.37,1.57,0.42194092827004215,0.6369426751592356,A,0,3,1,0
2020-09-20,2020/21,Southampton,Tottenham Hotspur,0.0,1.0,0.0,5.0,0.0,1.0,0.0,5.0,1.4,1.4,1.4,1.4,0.45,0.25,0.3,2.6,8.0,7.0,3.0,3.3,2.37,0.3333333333333333,0.30303030303030304,0.42194092827004215,2.02,1.88,0.49504950495049505,0.5319148936170213,A,2,5,1,1
2020-09-20,2020/21,Leicester City,Burnley,3.0,0.0,3.0,7.0,1.4,1.4,1.3,4.5,1.4,1.4,1.4,1.4,0.45,0.25,0.3,2.6,7.0,7.0,1.61,4.0,5.5,0.6211180124223602,0.25,0.18181818181818182,1.9,1.9,0.5263157894736842,0.5263157894736842,H,4,2,1,1
2020-09-20,2020/21,Chelsea,Liverpool,3.0,1.0,3.0,5.0,4.0,3.0,3.0,6.0,1.4,1.4,1.4,1.4,0.45,0.25,0.3,2.6,6.0,8.0,3.1,3.6,2.2,0.3225806451612903,0.2777777777777778,0.45454545454545453,1.61,2.3,0.6211180124223602,0.4347826086956522,A,0,2,0,0
2020-09-21,2020/21,Aston Villa,Sheffield United,1.4,1.4,1.3,4.5,0.0,2.0,0.0,2.0,1.4,1.4,1.4,1.4,0.45,0.25,0.3,2.6,7.0,7.0,2.7,3.1,2.75,0.37037037037037035,0.3225806451612903,0.36363636363636365,2.2,1.66,0.45454545454545453,0.6024096385542169,H,1,0,0,0
2020-09-21,2020/21,Wolverhampton Wanderers,Manchester City,2.0,0.0,3.0,4.0,1.4,1.4,1.3,4.5,1.4,1.4,1.4,1.4,0.45,0.25,0.3,2.6,7.0,7.0,6.5,4.33,1.5,0.15384615384615385,0.23094688221709006,0.6666666666666666,1.72,2.1,0.5813953488372093,0.47619047619047616,A,1,3,1,1
2020-09-26,2020/21,Brighton & Hove Albion,Manchester United,2.0,1.5,1.5,4.5,1.0,3.0,0.0,4.0,1.0,3.0,1.4,1.4,0.45,0.25,0.3,2.6,6.0,7.0,4.75,3.75,1.72,0.21052631578947367,0.26666666666666666,0.5813953488372093,1.9,1.9,0.5263157894736842,0.5263157894736842,A,2,3,1,1
2020-09-26,2020/21,Crystal Palace,Everton,2.0,0.5,3.0,4.0,3.0,1.0,3.0,5.5,1.0,0.0,1.0,0.0,0.45,0.25,0.3,2.6,7.0,7.0,3.75,3.25,2.1,0.26666666666666666,0.3076923076923077,0.47619047619047616,2.1,1.72,0.47619047619047616,0.5813953488372093,A,1,2,1,1
2020-09-26,2020/21,West Bromwich Albion,Chelsea,1.0,4.0,0.0,2.5,1.5,1.5,1.5,4.0,0.0,3.0,3.0,1.0,0.45,0.25,0.3,2.6,7.0,6.0,9.0,4.75,1.36,0.1111111111111111,0.21052631578947367,0.7352941176470588,1.66,2.2,0.6024096385542169,0.45454545454545453,D,3,3,1,1
2020-09-26,2020/21,Burnley,Southampton,2.0,4.0,0.0,5.0,1.0,3.0,0.0,6.0,1.4,1.4,0.0,1.0,0.45,0.25,0.3,2.6,6.0,6.0,3.2,3.3,2.3,0.3125,0.30303030303030304,0.4347826086956522,2.1,1.72,0.47619047619047616,0.5813953488372093,A,0,1,0,0
2020-09-27,2020/21,Sheffield United,Leeds United,0.0,1.5,0.0,1.5,3.5,3.5,1.5,5.0,0.0,2.0,3.0,4.0,0.45,0.25,0.3,2.6,6.0,8.0,2.7,3.3,2.62,0.37037037037037035,0.30303030303030304,0.38167938931297707,1.9,1.9,0.5263157894736842,0.5263157894736842,A,0,1,0,0
2020-09-27,2020/21,Tottenham Hotspur,Newcastle United,2.5,1.5,1.5,5.5,1.0,1.5,1.5,1.0,0.0,1.0,2.0,0.0,0.45,0.25,0.3,2.6,7.0,7.0,1.45,4.5,7.0,0.6896551724137931,0.2222222222222222,0.14285714285714285,1.72,2.1,0.5813953488372093,0.47619047619047616,D,1,1,0,1
2020-09-27,2020/21,Manchester City,Leicester City,3.0,1.0,3.0,9.0,3.5,1.0,3.0,6.5,1.4,1.4,3.0,0.0,0.45,0.25,0.3,2.6,6.0,7.0,1.28,6.0,9.5,0.78125,0.16666666666666666,0.10526315789473684,1.4,3.0,0.7142857142857143,0.3333333333333333,A,2,5,1,1
2020-09-27,2020/21,West Ham United,Wolverhampton Wanderers,0.5,2.0,0.0,3.0,1.5,1.5,1.5,2.5,0.0,2.0,2.0,0.0,0.45,0.25,0.3,2.6,8.0,6.0,3.6,3.5,2.05,0.2777777777777778,0.2857142857142857,0.48780487804878053,2.1,1.72,0.47619047619047616,0.5813953488372093,H,4,0,1,0
2020-09-28,2020/21,Fulham,Aston Villa,1.5,3.5,0.0,4.0,1.0,0.0,3.0,2.0,0.0,3.0,1.4,1.4,0.45,0.25,0.3,2.6,9.0,7.0,2.9,3.25,2.5,0.3448275862068966,0.3076923076923077,0.4,2.0,1.8,0.5,0.5555555555555556,A,0,3,1,0
2020-09-28,2020/21,Liverpool,Arsenal,3.0,1.5,3.0,6.0,2.5,0.5,3.0,4.5,4.0,3.0,3.0,0.0,0.45,0.25,0.3,2.6,8.0,9.0,1.45,4.75,6.5,0.6896551724137931,0.21052631578947367,0.15384615384615385,1.53,2.5,0.6535947712418301,0.4,H,3,1,1,1
2020-10-03,2020/21,Everton,Brighton & Hove Albion,2.6666666666666665,1.0,3.0,5.333333333333333,2.0,2.0,1.0,4.666666666666667,5.0,2.0,3.0,0.0,0.45,0.25,0.3,2.6,7.0,7.0,1.72,3.75,4.8,0.5813953488372093,0.26666666666666666,0.20833333333333334,1.8,2.0,0.5555555555555556,0.5,H,4,2,1,1
2020-10-03,2020/21,Chelsea,Crystal Palace,2.0,2.0,1.3333333333333333,6.0,1.6666666666666667,1.0,2.0,3.0,0.0,2.0,3.0,1.0,0.45,0.25,0.3,2.6,7.0,7.0,1.4,4.75,8.0,0.7142857142857143,0.21052631578947367,0.125,1.61,2.3,0.6211180124223602,0.4347826086956522,H,4,0,1,0
2020-10-03,2020/21,Newcastle United,Burnley,1.0,1.3333333333333333,1.3333333333333333,1.0,1.0,2.5,0.0,3.5,0.0,3.0,2.0,4.0,0.45,0.25,0.3,2.6,6.0,7.0,2.4,3.2,3.1,0.4166666666666667,0.3125,0.3225806451612903,2.3,1.61,0.4347826086956522,0.6211180124223602,H,3,1,1,1
2020-10-03,2020/21,Leeds United,Manchester City,2.6666666666666665,2.3333333333333335,2.0,6.333333333333333,2.5,3.0,1.5,7.0,4.0,3.0,3.0,1.0,0.45,0.25,0.3,2.6,6.0,6.0,7.5,5.25,1.36,0.13333333333333333,0.19047619047619047,0.7352941176470588,1.36,3.2,0.7352941176470588,0.3125,D,1,1,0,1
2020-10-04,2020/21,Leicester City,West Ham United,4.0,1.3333333333333333,3.0,6.666666666666667,1.6666666666666667,1.3333333333333333,1.0,4.333333333333333,4.0,2.0,1.0,2.0,0.45,0.25,0.3,2.6,7.0,7.0,1.61,4.2,5.25,0.6211180124223602,0.23809523809523808,0.19047619047619047,1.66,2.2,0.6024096385542169,0.45454545454545453,A,0,3,1,0
2020-10-04,2020/21,Southampton,West Bromwich Albion,1.0,2.0,1.0,4.333333333333333,1.6666666666666667,3.6666666666666665,0.3333333333333333,2.6666666666666665,2.0,5.0,2.0,5.0,0.45,0.25,0.3,2.6,8.0,8.0,1.72,3.8,4.75,0.5813953488372093,0.2631578947368421,0.21052631578947367,1.8,2.0,0.5555555555555556,0.5,H,2,0,0,0
2020-10-04,2020/21,Arsenal,Sheffield United,2.0,1.3333333333333333,2.0,4.0,0.0,1.3333333333333333,0.0,2.3333333333333335,2.0,1.0,0.0,1.0,0.45,0.25,0.3,2.6,6.0,7.0,1.57,4.0,6.0,0.6369426751592356,0.25,0.16666666666666666,1.9,1.9,0.5263157894736842,0.5263157894736842,H,2,1,1,1
2020-10-04,2020/21,Wolverhampton Wanderers,Fulham,1.0,2.3333333333333335,1.0,2.3333333333333335,1.0,3.3333333333333335,0.0,3.6666666666666665,1.0,3.0,3.0,4.0,0.45,0.25,0.3,2.6,7.0,6.0,1.5,4.0,7.5,0.6666666666666666,0.25,0.13333333333333333,2.1,1.72,0.47619047619047616,0.5813953488372093,H,1,0,0,0
2020-10-04,2020/21,Manchester United,Tottenham Hotspur,2.0,2.5,1.5,3.5,2.0,1.3333333333333333,1.3333333333333333,7.666666666666667,1.0,3.0,5.0,2.0,0.45,0.25,0.3,2.6,8.0,7.0,1.85,3.8,4.0,0.5405405405405405,0.2631578947368421,0.25,1.72,2.1,0.5813953488372093,0.47619047619047616,A,1,6,1,1
2020-10-04,2020/21,Aston Villa,Liverpool,2.0,0.0,3.0,3.5,3.0,1.3333333333333333,3.0,6.666666666666667,1.0,0.0,2.0,0.0,0.45,0.25,0.3,2.6,6.0,6.0,10.0,5.5,1.3,0.1,0.18181818181818182,0.7692307692307692,1.53,2.5,0.6535947712418301,0.4,H,7,2,1,1
2020-10-17,2020/21,Everton,Liverpool,3.0,1.25,3.0,5.5,2.75,2.75,2.25,7.0,4.5,2.0,2.0,3.5,0.45,0.25,0.3,2.6,14.0,13.0,3.75,4.2,1.83,0.26666666666666666,0.23809523809523808,0.5464480874316939,1.53,2.5,0.6535947712418301,0.4,D,2,2,1,1
2020-10-17,2020/21,Chelsea,Southampton,2.5,1.5,1.75,6.0,1.25,1.5,1.5,5.0,2.0,1.0,0.5,0.5,0.45,0.25,0.3,2.6,14.0,13.0,1.45,4.75,6.5,0.6896551724137931,0.21052631578947367,0.15384615384615385,1.57,2.37,0.6369426751592356,0.42194092827004215,D,3,3,1,1
2020-10-17,2020/21,Manchester City,Arsenal,2.0,2.3333333333333335,1.3333333333333333,5.333333333333333,2.0,1.25,2.25,4.25,2.0,5.0,2.0,1.5,0.45,0.25,0.3,2.6,14.0,13.0,1.44,5.0,6.5,0.6944444444444444,0.2,0.15384615384615385,1.44,2.75,0.6944444444444444,0.36363636363636365,H,1,0,0,0
2020-10-17,2020/21,Newcastle United,Manchester United,1.5,1.25,1.75,2.0,1.6666666666666667,3.6666666666666665,1.0,3.0,1.5,2.0,3.0,2.0,0.45,0.25,0.3,2.6,14.0,13.0,4.75,4.0,1.66,0.21052631578947367,0.25,0.6024096385542169,1.72,2.1,0.5813953488372093,0.47619047619047616,A,1,4,1,1
2020-10-18,2020/21,Crystal Palace,Brighton & Hove Albion,1.25,1.75,1.5,2.25,2.0,2.5,0.75,4.25,1.0,1.0,2.5,2.0,0.45,0.25,0.3,2.6,15.0,15.0,2.62,3.3,2.7,0.38167938931297707,0.30303030303030304,0.37037037037037035,2.2,1.66,0.45454545454545453,0.6024096385542169,D,1,1,0,1
2020-10-18,2020/21,Sheffield United,Fulham,0.25,1.5,0.0,2.25,0.75,2.75,0.0,3.25,0.0,1.5,1.5,2.5,0.45,0.25,0.3,2.6,14.0,14.0,2.1,3.3,3.7,0.47619047619047616,0.30303030303030304,0.27027027027027023,2.2,1.66,0.45454545454545453,0.6024096385542169,D,1,1,0,1
2020-10-18,2020/21,Leicester City,Aston Villa,3.0,1.75,2.25,5.0,3.6666666666666665,0.6666666666666666,3.0,6.0,2.0,2.5,3.0,0.0,0.45,0.25,0.3,2.6,14.0,14.0,1.83,3.8,4.1,0.5464480874316939,0.2631578947368421,0.24390243902439027,1.66,2.2,0.6024096385542169,0.45454545454545453,A,0,1,0,0
2020-10-18,2020/21,Tottenham Hotspur,West Ham United,3.0,1.25,1.75,7.75,2.0,1.0,1.5,4.75,0.5,1.0,2.0,1.0,0.45,0.25,0.3,2.6,14.0,14.0,1.57,4.33,5.5,0.6369426751592356,0.23094688221709006,0.18181818181818182,1.57,2.37,0.6369426751592356,0.42194092827004215,D,3,3,1,1
2020-10-19,2020/21,West Bromwich Albion,Burnley,1.25,3.25,0.25,2.5,1.0,2.6666666666666665,0.0,3.3333333333333335,1.5,3.0,1.5,3.5,0.45,0.25,0.3,2.6,15.0,16.0,2.45,3.3,2.9,0.4081632653061224,0.30303030303030304,0.3448275862068966,2.1,1.72,0.47619047619047616,0.5813953488372093,D,0,0,0,0
2020-10-19,2020/21,Leeds United,Wolverhampton Wanderers,2.25,2.0,1.75,6.5,1.0,1.75,1.5,3.0,2.5,2.0,1.0,2.0,0.45,0.25,0.3,2.6,16.0,15.0,2.5,3.3,2.87,0.4,0.30303030303030304,0.3484320557491289,2.1,1.72,0.47619047619047616,0.5813953488372093,A,0,1,0,0
2020-10-23,2020/21,Aston Villa,Leeds United,3.0,0.5,3.0,5.5,1.8,1.8,1.4,5.6,4.0,1.0,2.0,2.0,0.45,0.25,0.3,2.6,5.0,4.0,2.05,3.75,3.3,0.48780487804878053,0.26666666666666666,0.30303030303030304,1.57,2.37,0.6369426751592356,0.42194092827004215,A,0,3,1,0
2020-10-24,2020/21,West Ham United,Manchester City,2.2,1.4,1.4,4.6,1.75,1.75,1.75,5.25,2.0,1.0,2.0,1.0,0.45,0.25,0.3,2.6,6.0,7.0,8.0,5.25,1.36,0.125,0.19047619047619047,0.7352941176470588,1.4,3.0,0.7142857142857143,0.3333333333333333,D,1,1,0,1
2020-10-24,2020/21,Fulham,Crystal Palace,0.8,2.4,0.2,3.8,1.2,1.6,1.4,2.0,0.0,3.0,1.5,2.5,0.45,0.25,0.3,2.6,6.0,6.0,2.75,3.1,2.7,0.36363636363636365,0.3225806451612903,0.37037037037037035,2.3,1.61,0.4347826086956522,0.6211180124223602,A,1,2,1,1
2020-10-24,2020/21,Manchester United,Chelsea,2.25,3.0,1.5,5.75,2.6,1.8,1.6,5.8,1.0,4.5,3.0,2.0,0.45,0.25,0.3,2.6,7.0,7.0,2.37,3.6,2.8,0.42194092827004215,0.2777777777777778,0.35714285714285715,1.61,2.3,0.6211180124223602,0.4347826086956522,D,0,0,0,0
2020-10-24,2020/21,Liverpool,Sheffield United,2.6,2.6,2.0,7.2,0.4,1.4,0.2,3.0,3.5,2.0,0.5,1.5,0.45,0.25,0.3,2.6,7.0,6.0,1.22,6.5,12.0,0.819672131147541,0.15384615384615385,0.08333333333333333,1.5,2.62,0.6666666666666666,0.38167938931297707,H,2,1,1,1
2020-10-25,2020/21,Southampton,Everton,1.6,1.8,1.4,5.2,2.8,1.4,2.6,5.4,2.0,2.5,1.5,0.5,0.45,0.25,0.3,2.6,8.0,8.0,2.75,3.4,2.55,0.36363636363636365,0.29411764705882354,0.3921568627450981,1.8,2.0,0.5555555555555556,0.5,H,2,0,0,0
2020-10-25,2020/21,Wolverhampton Wanderers,Newcastle United,1.0,1.4,1.8,3.0,1.4,1.8,1.4,2.4,1.0,1.5,1.5,0.5,0.45,0.25,0.3,2.6,6.0,8.0,1.75,3.5,5.25,0.5714285714285714,0.2857142857142857,0.19047619047619047,2.2,1.66,0.45454545454545453,0.6024096385542169,D,1,1,0,1
2020-10-25,2020/21,Arsenal,Leicester City,1.6,1.2,1.8,4.0,2.4,1.6,1.8,5.0,2.0,1.0,4.0,1.0,0.45,0.25,0.3,2.6,8.0,7.0,1.9,3.75,3.8,0.5263157894736842,0.26666666666666666,0.2631578947368421,1.72,2.1,0.5813953488372093,0.47619047619047616,A,0,1,0,0
2020-10-26,2020/21,Brighton & Hove Albion,West Bromwich Albion,1.8,2.2,0.8,4.0,1.0,2.6,0.4,3.2,1.5,3.0,1.0,3.5,0.45,0.25,0.3,2.6,8.0,7.0,1.7,4.0,4.75,0.5882352941176471,0.25,0.21052631578947367,1.8,2.0,0.5555555555555556,0.5,D,1,1,0,1
2020-10-26,2020/21,Burnley,Tottenham Hotspur,0.75,2.0,0.25,3.5,3.0,1.6,1.6,7.4,0.0,1.0,5.5,1.5,0.45,0.25,0.3,2.6,7.0,8.0,5.75,4.0,1.6,0.17391304347826086,0.25,0.625,1.9,1.9,0.5263157894736842,0.5263157894736842,A,0,1,0,0
2020-10-30,2020/21,Wolverhampton Wanderers,Crystal Palace,0.8,1.6,1.4,2.8,1.4,1.8,1.4,3.4,1.0,1.3333333333333333,1.6666666666666667,2.0,0.45,0.25,0.3,2.6,5.0,6.0,2.0,3.2,4.33,0.5,0.3125,0.23094688221709006,2.75,1.44,0.36363636363636365,0.6944444444444444,H,2,0,0,0
2020-10-31,2020/21,Sheffield United,Manchester City,0.6,1.4,0.2,3.0,1.6,1.6,1.6,5.6,0.3333333333333333,1.3333333333333333,1.6666666666666667,1.0,0.45,0.25,0.3,2.6,7.0,7.0,9.5,6.0,1.28,0.10526315789473684,0.16666666666666666,0.78125,1.5,2.62,0.6666666666666666,0.38167938931297707,A,0,1,0,0
2020-10-31,2020/21,Burnley,Chelsea,0.6,1.8,0.2,3.6,2.0,1.6,1.2,5.0,0.0,1.0,2.0,1.3333333333333333,0.45,0.25,0.3,2.6,5.0,7.0,6.0,4.5,1.5,0.16666666666666666,0.2222222222222222,0.6666666666666666,1.66,2.2,0.6024096385542169,0.45454545454545453,A,0,3,1,0
2020-10-31,2020/21,Liverpool,West Ham United,2.2,2.2,2.0,7.0,2.4,1.2,1.6,4.4,3.0,1.6666666666666667,2.3333333333333335,1.6666666666666667,0.45,0.25,0.3,2.6,7.0,7.0,1.36,5.25,7.5,0.7352941176470588,0.19047619047619047,0.13333333333333333,1.4,3.0,0.7142857142857143,0.3333333333333333,H,2,1,1,1
2020-11-01,2020/21,Aston Villa,Southampton,2.4,1.0,2.4,5.2,2.0,1.6,2.0,5.4,2.6666666666666665,1.6666666666666667,1.3333333333333333,1.3333333333333333,0.45,0.25,0.3,2.6,9.0,7.0,2.45,3.5,2.8,0.4081632653061224,0.2857142857142857,0.35714285714285715,1.66,2.2,0.6024096385542169,0.45454545454545453,A,3,4,1,1
2020-11-01,2020/21,Newcastle United,Everton,1.2,2.0,1.0,2.4,2.6,1.8,2.0,5.0,1.3333333333333333,2.6666666666666665,1.0,1.0,0.45,0.25,0.3,2.6,7.0,7.0,3.7,3.4,2.05,0.27027027027027023,0.29411764705882354,0.48780487804878053,1.8,2.0,0.5555555555555556,0.5,H,2,1,1,1
2020-11-01,2020/21,Manchester United,Arsenal,1.8,2.4,1.4,5.4,1.0,1.4,1.2,3.6,0.6666666666666666,3.0,1.3333333333333333,1.3333333333333333,0.45,0.25,0.3,2.6,8.0,7.0,2.0,3.6,3.6,0.5,0.2777777777777778,0.2777777777777778,1.72,2.1,0.5813953488372093,0.47619047619047616,A,0,1,0,0
2020-11-01,2020/21,Tottenham Hotspur,Brighton & Hove Albion,3.2,1.4,2.2,7.0,1.8,1.8,1.0,4.0,1.3333333333333333,1.6666666666666667,2.0,1.6666666666666667,0.45,0.25,0.3,2.6,6.0,6.0,1.61,4.0,5.5,0.6211180124223602,0.25,0.18181818181818182,1.66,2.2,0.6024096385542169,0.45454545454545453,H,2,1,1,1
2020-11-02,2020/21,Fulham,West Bromwich Albion,1.0,2.2,0.2,4.0,1.2,2.2,0.6,3.6,0.3333333333333333,2.6666666666666665,1.0,2.6666666666666665,0.45,0.25,0.3,2.6,9.0,7.0,2.4,3.3,3.0,0.4166666666666667,0.30303030303030304,0.3333333333333333,2.0,1.8,0.5,0.5555555555555556,H,2,0,0,0
2020-11-02,2020/21,Leeds United,Leicester City,1.8,1.0,2.0,6.8,2.0,1.6,1.8,4.0,1.6666666666666667,1.6666666666666667,3.0,0.6666666666666666,0.45,0.25,0.3,2.6,10.0,8.0,2.5,3.6,2.62,0.4,0.2777777777777778,0.38167938931297707,1.72,2.1,0.5813953488372093,0.47619047619047616,A,1,4,1,1
2020-11-06,2020/21,Brighton & Hove Albion,Burnley,1.4,2.2,0.4,3.2,0.2,1.6,0.2,2.6,1.3333333333333333,2.3333333333333335,1.0,2.3333333333333335,0.45,0.25,0.3,2.6,5.0,6.0,1.85,3.5,4.33,0.5405405405405405,0.2857142857142857,0.23094688221709006,2.1,1.72,0.47619047619047616,0.5813953488372093,D,0,0,0,0
2020-11-06,2020/21,Southampton,Newcastle United,2.4,1.2,2.6,4.8,1.6,1.6,1.6,3.2,2.0,1.6666666666666667,1.3333333333333333,0.6666666666666666,0.45,0.25,0.3,2.6,5.0,5.0,2.0,3.6,3.7,0.5,0.2777777777777778,0.27027027027027023,1.8,2.0,0.5555555555555556,0.5,H,2,0,0,0
2020-11-07,2020/21,Everton,Manchester United,1.8,1.8,1.4,4.4,1.6,2.0,1.4,5.0,3.6666666666666665,2.0,3.5,1.5,0.45,0.25,0.3,2.6,6.0,6.0,2.9,3.5,2.37,0.3448275862068966,0.2857142857142857,0.42194092827004215,1.72,2.1,0.5813953488372093,0.47619047619047616,A,1,3,1,1
2020-11-07,2020/21,Crystal Palace,Leeds United,0.8,2.0,0.8,2.8,1.2,1.2,1.4,6.2,1.0,1.0,2.3333333333333335,1.3333333333333333,0.45,0.25,0.3,2.6,8.0,5.0,2.87,3.4,2.45,0.3484320557491289,0.29411764705882354,0.4081632653061224,1.9,1.9,0.5263157894736842,0.5263157894736842,H,4,1,1,1
2020-11-07,2020/21,Chelsea,Sheffield United,2.6,1.2,1.8,6.2,0.6,1.4,0.2,3.0,2.3333333333333335,1.6666666666666667,0.6666666666666666,1.6666666666666667,0.45,0.25,0.3,2.6,7.0,7.0,1.36,5.0,8.5,0.7352941176470588,0.2,0.11764705882352941,1.72,2.1,0.5813953488372093,0.47619047619047616,H,4,1,1,1
2020-11-07,2020/21,West Ham United,Fulham,2.4,1.2,1.6,4.4,0.8,1.4,0.8,4.0,1.6666666666666667,1.0,1.3333333333333333,2.0,0.45,0.25,0.3,2.6,7.0,5.0,1.83,3.75,4.2,0.5464480874316939,0.26666666666666666,0.23809523809523808,1.8,2.0,0.5555555555555556,0.5,H,1,0,0,0
2020-11-08,2020/21,West Bromwich Albion,Tottenham Hotspur,0.8,1.6,0.6,3.0,2.6,1.2,2.2,6.4,1.0,2.0,4.0,1.0,0.45,0.25,0.3,2.6,6.0,7.0,7.0,4.33,1.45,0.14285714285714285,0.23094688221709006,0.6896551724137931,1.72,2.1,0.5813953488372093,0.47619047619047616,A,0,1,0,0
2020-11-08,2020/21,Leicester City,Wolverhampton Wanderers,2.0,1.4,1.8,4.4,1.0,1.0,2.0,3.6,1.3333333333333333,2.0,1.0,1.3333333333333333,0.45,0.25,0.3,2.6,6.0,9.0,2.3,3.2,3.25,0.4347826086956522,0.3125,0.3076923076923077,2.3,1.61,0.4347826086956522,0.6211180124223602,H,1,0,0,0
2020-11-08,2020/21,Manchester City,Liverpool,1.2,1.4,1.6,5.4,2.2,2.4,2.0,6.8,1.5,2.5,2.0,3.0,0.45,0.25,0.3,2.6,8.0,8.0,1.95,4.2,3.4,0.5128205128205129,0.23809523809523808,0.29411764705882354,1.44,2.75,0.6944444444444444,0.36363636363636365,D,1,1,0,1
2020-11-08,2020/21,Arsenal,Aston Villa,0.8,1.2,1.2,3.4,2.8,1.8,1.8,6.8,1.3333333333333333,1.0,2.0,0.0,0.45,0.25,0.3,2.6,7.0,7.0,1.65,4.1,5.0,0.6060606060606061,0.24390243902439027,0.2,1.66,2.2,0.6024096385542169,0.45454545454545453,A,0,3,1,0
2020-11-21,2020/21,Newcastle United,Chelsea,1.4,1.8,1.4,3.4,2.8,0.8,2.2,6.0,1.5,2.25,2.25,1.0,0.45,0.25,0.3,2.6,15.0,14.0,6.5,4.75,1.45,0.15384615384615385,0.21052631578947367,0.6896551724137931,1.66,2.2,0.6024096385542169,0.45454545454545453,A,0,2,0,0
2020-11-21,2020/21,Aston Villa,Brighton & Hove Albion,2.8,1.8,1.8,7.0,1.0,1.6,0.6,2.8,2.75,2.25,1.75,1.75,0.45,0.25,0.3,2.6,13.0,15.0,2.15,3.6,3.2,0.46511627906976744,0.2777777777777778,0.3125,1.72,2.1,0.5813953488372093,0.47619047619047616,A,1,2,1,1
2020-11-21,2020/21,Tottenham Hotspur,Manchester City,2.6,1.0,2.6,5.0,1.0,0.6,1.8,4.8,1.5,1.5,1.5,0.75,0.45,0.25,0.3,2.6,13.0,13.0,4.0,4.0,1.8,0.25,0.25,0.5555555555555556,1.57,2.37,0.6369426751592356,0.42194092827004215,H,2,0,0,0
2020-11-21,2020/21,Manchester United,West Bromwich Albion,1.6,1.8,1.4,5.4,0.2,1.2,0.4,2.8,0.5,2.5,0.75,2.5,0.45,0.25,0.3,2.6,14.0,13.0,1.3,5.5,9.5,0.7692307692307692,0.18181818181818182,0.10526315789473684,1.66,2.2,0.6024096385542169,0.45454545454545453,H,1,0,0,0
2020-11-22,2020/21,Fulham,Everton,0.8,1.0,0.8,4.0,1.6,2.2,0.8,3.6,0.75,2.0,1.0,1.25,0.45,0.25,0.3,2.6,15.0,15.0,3.9,3.9,1.85,0.25641025641025644,0.25641025641025644,0.5405405405405405,1.72,2.1,0.5813953488372093,0.47619047619047616,A,2,3,1,1
2020-11-22,2020/21,Sheffield United,West Ham United,0.8,2.0,0.2,2.8,1.8,1.2,1.6,4.4,0.25,1.25,2.0,1.75,0.45,0.25,0.3,2.6,15.0,15.0,3.0,3.25,2.4,0.3333333333333333,0.3076923076923077,0.4166666666666667,2.1,1.72,0.47619047619047616,0.5813953488372093,A,0,1,0,0
2020-11-22,2020/21,Leeds United,Arsenal,1.2,2.0,0.8,5.0,0.6,1.2,1.2,3.2,1.5,2.25,1.25,1.0,0.45,0.25,0.3,2.6,15.0,14.0,3.0,3.75,2.2,0.3333333333333333,0.26666666666666666,0.45454545454545453,1.66,2.2,0.6024096385542169,0.45454545454545453,D,0,0,0,0
2020-11-22,2020/21,Liverpool,Leicester City,1.8,2.4,1.6,5.8,1.2,1.0,1.8,3.6,2.75,1.5,3.25,0.75,0.45,0.25,0.3,2.6,14.0,14.0,1.85,4.0,3.8,0.5405405405405405,0.25,0.2631578947368421,1.57,2.37,0.6369426751592356,0.42194092827004215,H,3,0,1,0
2020-11-23,2020/21,Burnley,Crystal Palace,0.2,1.4,0.4,2.4,1.4,1.8,1.4,3.8,0.0,1.6666666666666667,1.25,2.0,0.45,0.25,0.3,2.6,17.0,16.0,2.75,3.1,2.75,0.36363636363636365,0.3225806451612903,0.36363636363636365,2.5,1.53,0.4,0.6535947712418301,H,1,0,0,0
2020-11-23,2020/21,Wolverhampton Wanderers,Southampton,1.0,0.4,2.0,3.6,2.6,1.2,2.6,6.2,1.25,1.0,2.0,1.75,0.45,0.25,0.3,2.6,15.0,17.0,2.3,3.25,3.25,0.4347826086956522,0.3076923076923077,0.3076923076923077,2.2,1.66,0.45454545454545453,0.6024096385542169,D,1,1,0,1
2020-11-27,2020/21,Crystal Palace,Newcastle United,1.4,1.2,1.4,4.8,0.8,2.0,0.8,2.6,1.75,1.0,1.0,1.0,0.45,0.25,0.3,2.6,4.0,6.0,2.05,3.25,3.75,0.48780487804878053,0.3076923076923077,0.26666666666666666,2.37,1.57,0.42194092827004215,0.6369426751592356,A,0,2,0,0
2020-11-28,2020/21,Brighton & Hove Albion,Liverpool,1.0,1.0,1.2,2.8,2.0,1.0,2.2,6.8,1.0,1.75,1.75,2.5,0.45,0.25,0.3,2.6,7.0,6.0,5.5,4.2,1.57,0.18181818181818182,0.23809523809523808,0.6369426751592356,1.57,2.37,0.6369426751592356,0.42194092827004215,D,1,1,0,1
2020-11-28,2020/21,Manchester City,Burnley,0.8,0.8,1.6,5.4,0.2,0.8,1.0,2.6,1.3333333333333333,2.0,0.75,1.75,0.45,0.25,0.3,2.6,7.0,5.0,1.16,7.5,16.0,0.8620689655172414,0.13333333333333333,0.0625,1.44,2.75,0.6944444444444444,0.36363636363636365,H,5,0,1,0
2020-11-28,2020/21,Everton,Leeds United,1.4,2.2,0.8,3.8,1.0,1.8,0.8,4.4,3.0,2.25,2.0,2.0,0.45,0.25,0.3,2.6,6.0,6.0,1.95,3.8,3.6,0.5128205128205129,0.2631578947368421,0.2777777777777778,1.61,2.3,0.6211180124223602,0.4347826086956522,A,0,1,0,0
2020-11-28,2020/21,West Bromwich Albion,Sheffield United,0.2,1.0,0.4,2.8,0.6,1.8,0.2,3.4,0.75,1.75,0.75,2.25,0.45,0.25,0.3,2.6,7.0,6.0,2.6,3.2,2.8,0.3846153846153846,0.3125,0.35714285714285715,2.3,1.61,0.4347826086956522,0.6211180124223602,H,1,0,0,0
2020-11-29,2020/21,Southampton,Manchester United,2.4,1.4,2.2,5.2,1.6,0.6,2.0,6.4,2.0,1.25,3.3333333333333335,1.3333333333333333,0.45,0.25,0.3,2.6,6.0,8.0,4.0,3.5,1.95,0.25,0.2857142857142857,0.5128205128205129,1.8,2.0,0.5555555555555556,0.5,A,2,3,1,1
2020-11-29,2020/21,Chelsea,Tottenham Hotspur,2.4,0.8,2.2,5.4,1.8,0.8,2.6,3.8,2.75,1.5,3.25,0.75,0.45,0.25,0.3,2.6,8.0,8.0,2.05,3.5,3.6,0.48780487804878053,0.2857142857142857,0.2777777777777778,1.72,2.1,0.5813953488372093,0.47619047619047616,D,0,0,0,0
2020-11-29,2020/21,Arsenal,Wolverhampton Wanderers,0.2,1.0,0.8,2.6,1.0,0.6,1.6,4.4,1.0,1.5,0.75,1.25,0.45,0.25,0.3,2.6,7.0,6.0,2.05,3.4,3.75,0.48780487804878053,0.29411764705882354,0.26666666666666666,2.3,1.61,0.4347826086956522,0.6211180124223602,A,1,2,1,1
2020-11-30,2020/21,Leicester City,Fulham,1.2,1.0,1.8,4.4,1.2,1.4,0.8,4.8,1.25,1.5,1.0,1.75,0.45,0.25,0.3,2.6,8.0,8.0,1.5,4.33,6.5,0.6666666666666666,0.23094688221709006,0.15384615384615385,1.72,2.1,0.5813953488372093,0.47619047619047616,A,1,2,1,1
2020-11-30,2020/21,West Ham United,Aston Villa,1.4,1.2,1.6,3.8,1.6,1.8,1.2,5.6,1.5,0.75,2.3333333333333335,0.0,0.45,0.25,0.3,2.6,8.0,9.0,2.25,3.6,3.0,0.4444444444444444,0.2777777777777778,0.3333333333333333,1.72,2.1,0.5813953488372093,0.47619047619047616,H,2,1,1,1
2020-12-05,2020/21,Burnley,Everton,0.2,1.8,0.8,2.0,1.0,2.0,0.6,4.4,0.25,1.25,1.4,1.4,0.45,0.25,0.3,2.6,7.0,7.0,4.0,3.5,1.9,0.25,0.2857142857142857,0.5263157894736842,2.0,1.8,0.5,0.5555555555555556,D,1,1,0,1
2020-12-05,2020/21,Manchester City,Fulham,1.6,0.8,1.6,5.6,1.4,1.4,1.2,4.6,2.25,1.5,1.2,1.6,0.45,0.25,0.3,2.6,7.0,5.0,1.1,11.0,19.0,0.9090909090909091,0.09090909090909091,0.05263157894736842,1.3,3.5,0.7692307692307692,0.2857142857142857,H,2,0,0,0
2020-12-05,2020/21,West Ham United,Manchester United,1.2,0.8,2.0,3.4,1.4,0.8,2.0,4.8,1.6,0.8,3.25,1.5,0.45,0.25,0.3,2.6,5.0,6.0,3.6,3.6,2.0,0.2777777777777778,0.2777777777777778,0.5,1.72,2.1,0.5813953488372093,0.47619047619047616,A,1,3,1,1
2020-12-05,2020/21,Chelsea,Leeds United,1.8,0.2,2.2,5.0,1.2,1.6,1.4,5.4,2.2,1.2,1.8,1.6,0.45,0.25,0.3,2.6,6.0,7.0,1.5,4.5,6.0,0.6666666666666666,0.2222222222222222,0.16666666666666666,1.5,2.62,0.6666666666666666,0.38167938931297707,H,3,1,1,1
2020-12-06,2020/21,West Bromwich Albion,Crystal Palace,0.4,1.0,0.8,2.8,1.2,1.4,1.2,5.2,0.8,1.4,1.0,1.8,0.45,0.25,0.3,2.6,8.0,9.0,2.87,3.2,2.55,0.3484320557491289,0.3125,0.3921568627450981,2.2,1.66,0.45454545454545453,0.6024096385542169,A,1,5,1,1
2020-12-06,2020/21,Sheffield United,Leicester City,0.4,1.8,0.0,3.2,1.4,1.2,1.8,4.0,0.2,1.2,2.6,1.2,0.45,0.25,0.3,2.6,8.0,6.0,3.8,3.5,1.95,0.2631578947368421,0.2857142857142857,0.5128205128205129,2.0,1.8,0.5,0.5555555555555556,A,1,2,1,1
2020-12-06,2020/21,Tottenham Hotspur,Arsenal,1.2,0.2,2.6,2.8,0.4,1.2,0.8,2.4,1.6,1.2,1.0,0.8,0.45,0.25,0.3,2.6,7.0,7.0,1.95,3.6,3.8,0.5128205128205129,0.2777777777777778,0.2631578947368421,1.9,1.9,0.5263157894736842,0.5263157894736842,H,2,0,0,0
2020-12-06,2020/21,Liverpool,Wolverhampton Wanderers,1.8,0.8,2.2,5.6,1.2,0.8,1.6,4.8,2.8,1.2,1.0,1.2,0.45,0.25,0.3,2.6,8.0,7.0,1.5,4.33,6.5,0.6666666666666666,0.23094688221709006,0.15384615384615385,1.72,2.1,0.5813953488372093,0.47619047619047616,H,4,0,1,0
2020-12-07,2020/21,Brighton & Hove Albion,Southampton,1.0,1.0,1.2,2.8,2.2,1.4,2.0,5.0,1.0,1.6,1.8,1.6,0.45,0.25,0.3,2.6,9.0,8.0,2.45,3.4,2.9,0.4081632653061224,0.29411764705882354,0.3448275862068966,1.9,1.9,0.5263157894736842,0.5263157894736842,A,1,2,1,1
2020-12-11,2020/21,Leeds United,West Ham United,0.8,2.2,0.8,4.2,1.2,1.2,1.8,4.2,1.2,1.8,1.8,1.4,0.45,0.25,0.3,2.6,6.0,6.0,2.15,3.7,3.1,0.46511627906976744,0.27027027027027023,0.3225806451612903,1.57,2.37,0.6369426751592356,0.42194092827004215,A,1,2,1,1
2020-12-12,2020/21,Wolverhampton Wanderers,Aston Villa,1.0,1.4,1.4,4.8,1.6,2.2,0.6,6.0,1.2,1.0,2.0,0.5,0.45,0.25,0.3,2.6,6.0,12.0,2.25,3.25,3.25,0.4444444444444444,0.3076923076923077,0.3076923076923077,2.0,1.8,0.5,0.5555555555555556,A,0,1,0,0
2020-12-12,2020/21,Newcastle United,West Bromwich Albion,1.0,1.2,1.4,3.2,0.4,1.8,0.6,3.0,1.2,2.2,0.6,2.2,0.45,0.25,0.3,2.6,15.0,6.0,2.45,3.2,3.0,0.4081632653061224,0.3125,0.3333333333333333,2.2,1.66,0.45454545454545453,0.6024096385542169,H,2,1,1,1
2020-12-12,2020/21,Manchester United,Manchester City,2.0,1.0,2.4,5.2,1.8,0.6,2.0,5.4,0.6,2.0,1.2,1.0,0.45,0.25,0.3,2.6,7.0,7.0,4.33,4.2,1.72,0.23094688221709006,0.23809523809523808,0.5813953488372093,1.61,2.3,0.6211180124223602,0.4347826086956522,D,0,0,0,0
2020-12-12,2020/21,Everton,Chelsea,1.2,1.8,0.8,5.2,2.4,0.4,2.6,7.0,2.4,2.0,2.2,0.8,0.45,0.25,0.3,2.6,7.0,7.0,4.33,4.2,1.7,0.23094688221709006,0.23809523809523808,0.5882352941176471,1.61,2.3,0.6211180124223602,0.4347826086956522,H,1,0,0,0
2020-12-13,2020/21,Southampton,Sheffield United,2.2,1.6,2.0,4.4,0.4,1.8,0.0,3.0,2.0,1.6,0.6,2.0,0.45,0.25,0.3,2.6,6.0,7.0,1.7,3.75,5.0,0.5882352941176471,0.26666666666666666,0.2,2.01,1.89,0.49751243781094534,0.5291005291005292,H,3,0,1,0
2020-12-13,2020/21,Crystal Palace,Tottenham Hotspur,1.8,1.4,1.2,4.4,1.4,0.2,2.6,2.8,1.4,1.2,2.6,0.6,0.45,0.25,0.3,2.6,7.0,7.0,4.5,3.9,1.72,0.2222222222222222,0.25641025641025644,0.5813953488372093,1.9,1.9,0.5263157894736842,0.5263157894736842,D,1,1,0,1
2020-12-13,2020/21,Fulham,Liverpool,1.2,1.4,1.2,4.2,2.2,0.6,2.2,5.8,1.0,2.2,1.6,2.2,0.45,0.25,0.3,2.6,8.0,7.0,9.0,5.5,1.3,0.1111111111111111,0.18181818181818182,0.7692307692307692,1.4,3.0,0.7142857142857143,0.3333333333333333,D,1,1,0,1
2020-12-13,2020/21,Arsenal,Burnley,0.4,1.4,0.8,2.0,0.4,1.8,1.0,1.8,1.0,1.6,0.6,2.4,0.45,0.25,0.3,2.6,7.0,8.0,1.53,4.2,6.25,0.6535947712418301,0.23809523809523808,0.16,1.9,1.9,0.5263157894736842,0.5263157894736842,A,0,1,0,0
2020-12-13,2020/21,Leicester City,Brighton & Hove Albion,1.6,1.4,1.8,4.4,1.0,1.2,1.0,3.0,1.2,1.6,1.8,1.6,0.45,0.25,0.3,2.6,7.0,6.0,2.0,3.5,3.8,0.5,0.2857142857142857,0.2631578947368421,1.9,1.9,0.5263157894736842,0.5263157894736842,H,3,0,1,0
2020-12-15,2020/21,Wolverhampton Wanderers,Chelsea,0.6,1.6,0.8,5.2,1.8,0.6,2.0,5.8,1.0,0.6,1.6,0.8,0.45,0.25,0.3,2.6,3.0,3.0,5.25,3.8,1.66,0.19047619047619047,0.2631578947368421,0.6024096385542169,2.0,1.8,0.5,0.5555555555555556,H,2,1,1,1
2020-12-15,2020/21,Manchester City,West Bromwich Albion,1.6,0.6,1.6,4.2,0.6,1.8,0.6,3.4,2.2,1.2,0.4,1.6,0.45,0.25,0.3,2.6,3.0,3.0,1.09,11.0,21.0,0.9174311926605504,0.09090909090909091,0.047619047619047616,1.36,3.2,0.7352941176470588,0.3125,D,1,1,0,1
2020-12-16,2020/21,Arsenal,Southampton,0.2,1.6,0.2,2.8,2.0,1.0,2.0,4.8,0.6,1.6,2.2,1.6,0.45,0.25,0.3,2.6,3.0,3.0,2.25,3.5,3.1,0.4444444444444444,0.2857142857142857,0.3225806451612903,1.8,2.0,0.5555555555555556,0.5,D,1,1,0,1
2020-12-16,2020/21,Leeds United,Newcastle United,0.8,1.8,0.8,4.8,1.2,1.2,1.8,4.2,0.6,1.6,1.2,0.8,0.45,0.25,0.3,2.6,5.0,4.0,1.75,4.0,4.33,0.5714285714285714,0.25,0.23094688221709006,1.72,2.1,0.5813953488372093,0.47619047619047616,H,5,2,1,1
2020-12-16,2020/21,Leicester City,Everton,1.4,1.2,1.8,4.0,1.2,1.4,1.4,5.2,1.0,1.2,1.4,1.6,0.45,0.25,0.3,2.6,3.0,4.0,2.15,3.6,3.25,0.46511627906976744,0.2777777777777778,0.3076923076923077,1.72,2.1,0.5813953488372093,0.47619047619047616,A,0,2,0,0
2020-12-16,2020/21,Fulham,Brighton & Hove Albion,1.0,1.6,0.8,4.0,0.8,1.4,1.0,3.4,1.2,1.8,1.2,2.2,0.45,0.25,0.3,2.6,3.0,3.0,2.87,3.3,2.5,0.3484320557491289,0.30303030303030304,0.4,2.0,1.8,0.5,0.5555555555555556,D,0,0,0,0
2020-12-16,2020/21,Liverpool,Tottenham Hotspur,2.0,0.6,1.8,6.0,1.2,0.2,2.2,3.4,2.8,0.6,1.8,0.4,0.45,0.25,0.3,2.6,3.0,3.0,1.75,3.8,4.5,0.5714285714285714,0.2631578947368421,0.2222222222222222,1.66,2.2,0.6024096385542169,0.45454545454545453,H,2,1,1,1
2020-12-16,2020/21,West Ham United,Crystal Palace,1.4,1.0,2.4,5.2,2.0,1.2,1.4,5.0,1.8,1.0,1.4,1.8,0.45,0.25,0.3,2.6,5.0,3.0,2.05,3.4,3.6,0.48780487804878053,0.29411764705882354,0.2777777777777778,1.9,1.9,0.5263157894736842,0.5263157894736842,D,1,1,0,1
2020-12-17,2020/21,Aston Villa,Burnley,1.8,1.6,1.2,5.6,0.6,1.2,1.6,2.2,2.4,2.2,0.4,1.6,0.45,0.25,0.3,2.6,5.0,4.0,1.75,3.8,4.5,0.5714285714285714,0.2631578947368421,0.2222222222222222,1.9,1.9,0.5263157894736842,0.5263157894736842,D,0,0,0,0
2020-12-17,2020/21,Sheffield United,Manchester United,0.4,2.2,0.0,2.8,2.0,0.8,2.6,5.2,0.4,1.2,3.2,1.4,0.45,0.25,0.3,2.6,4.0,5.0,7.0,4.6,1.44,0.14285714285714285,0.2173913043478261,0.6944444444444444,1.8,2.0,0.5555555555555556,0.5,A,2,3,1,1
2020-12-19,2020/21,Crystal Palace,Liverpool,1.4,1.2,1.0,4.2,2.2,0.6,2.2,7.6,1.4,1.4,1.4,2.4,0.45,0.25,0.3,2.6,3.0,3.0,6.5,4.33,1.5,0.15384615384615385,0.23094688221709006,0.6666666666666666,1.61,2.3,0.6211180124223602,0.4347826086956522,A,0,7,1,0
2020-12-19,2020/21,Southampton,Manchester City,1.8,1.2,1.6,3.8,1.6,0.6,1.6,5.2,2.2,0.6,0.6,0.8,0.45,0.25,0.3,2.6,3.0,4.0,7.0,4.5,1.44,0.14285714285714285,0.2222222222222222,0.6944444444444444,1.57,2.37,0.6369426751592356,0.42194092827004215,A,0,1,0,0
2020-12-19,2020/21,Everton,Arsenal,1.4,0.8,2.0,6.2,0.4,1.2,0.4,3.2,1.6,1.6,0.4,1.2,0.45,0.25,0.3,2.6,3.0,3.0,2.45,3.5,2.8,0.4081632653061224,0.2857142857142857,0.35714285714285715,1.8,2.0,0.5555555555555556,0.5,H,2,1,1,1
2020-12-19,2020/21,Newcastle United,Fulham,1.2,2.0,1.2,4.2,1.0,1.4,1.0,4.2,1.6,1.8,0.6,1.2,0.45,0.25,0.3,2.6,3.0,3.0,2.5,3.25,2.9,0.4,0.3076923076923077,0.3448275862068966,2.1,1.72,0.47619047619047616,0.5813953488372093,D,1,1,0,1
2020-12-20,2020/21,Tottenham Hotspur,Leicester City,1.2,0.6,1.6,2.8,1.2,1.6,1.2,3.8,2.0,1.0,2.4,1.4,0.45,0.25,0.3,2.6,4.0,4.0,2.05,3.5,3.6,0.48780487804878053,0.2857142857142857,0.2777777777777778,1.8,2.0,0.5555555555555556,0.5,A,0,2,0,0
2020-12-20,2020/21,Brighton & Hove Albion,Sheffield United,0.8,1.4,1.0,3.6,0.6,2.0,0.0,3.4,1.0,1.4,0.6,2.4,0.45,0.25,0.3,2.6,4.0,3.0,1.65,3.75,5.5,0.6060606060606061,0.26666666666666666,0.18181818181818182,2.2,1.66,0.45454545454545453,0.6024096385542169,D,1,1,0,1
2020-12-20,2020/21,West Bromwich Albion,Aston Villa,0.8,1.8,0.8,3.2,1.2,0.8,1.4,5.0,1.0,1.8,1.8,0.4,0.45,0.25,0.3,2.6,5.0,3.0,3.6,3.8,1.95,0.2777777777777778,0.2631578947368421,0.5128205128205129,1.72,2.1,0.5813953488372093,0.47619047619047616,A,0,3,1,0
2020-12-20,2020/21,Manchester United,Leeds United,2.0,1.0,2.6,5.8,1.6,1.4,1.4,6.2,0.4,1.4,1.4,1.4,0.45,0.25,0.3,2.6,3.0,4.0,1.66,4.33,4.5,0.6024096385542169,0.23094688221709006,0.2222222222222222,1.5,2.62,0.6666666666666666,0.38167938931297707,H,6,2,1,1
2020-12-21,2020/21,Burnley,Wolverhampton Wanderers,0.6,1.2,1.6,2.8,1.0,1.6,1.4,5.6,0.4,1.2,0.6,2.0,0.45,0.25,0.3,2.6,4.0,6.0,3.5,3.25,2.2,0.2857142857142857,0.3076923076923077,0.45454545454545453,2.5,1.53,0.4,0.6535947712418301,H,2,1,1,1
2020-12-21,2020/21,Chelsea,West Ham United,1.2,0.8,1.4,4.6,1.4,1.2,2.0,4.2,2.8,1.0,2.0,1.2,0.45,0.25,0.3,2.6,6.0,5.0,1.44,5.0,6.25,0.6944444444444444,0.2,0.16,1.57,2.37,0.6369426751592356,0.42194092827004215,H,3,0,1,0
2020-12-26,2020/21,Leicester City,Manchester United,1.6,1.0,1.8,3.8,3.0,1.4,2.6,7.2,1.0,1.0,3.2,1.4,0.45,0.25,0.3,2.6,6.0,6.0,2.9,3.6,2.3,0.3448275862068966,0.2777777777777778,0.4347826086956522,1.66,2.2,0.6024096385542169,0.45454545454545453,D,2,2,1,1
2020-12-26,2020/21,Aston Villa,Crystal Palace,1.2,0.8,1.4,5.8,1.4,2.4,1.0,3.8,2.2,2.2,1.6,1.2,0.45,0.25,0.3,2.6,6.0,7.0,1.9,3.75,3.8,0.5263157894736842,0.26666666666666666,0.2631578947368421,1.72,2.1,0.5813953488372093,0.47619047619047616,H,3,0,1,0
2020-12-26,2020/21,Fulham,Southampton,0.8,1.0,1.2,3.8,1.6,1.2,1.4,4.0,1.2,1.2,2.2,1.8,0.45,0.25,0.3,2.6,7.0,7.0,3.2,3.3,2.3,0.3125,0.30303030303030304,0.4347826086956522,1.9,1.9,0.5263157894736842,0.5263157894736842,D,0,0,0,0
2020-12-26,2020/21,Arsenal,Chelsea,0.6,1.6,0.2,3.2,1.4,0.8,1.4,5.4,0.4,1.6,1.2,0.6,0.45,0.25,0.3,2.6,7.0,5.0,4.0,3.6,1.9,0.25,0.2777777777777778,0.5263157894736842,1.95,1.95,0.5128205128205129,0.5128205128205129,H,3,1,1,1
2020-12-26,2020/21,Manchester City,Newcastle United,1.8,0.2,2.2,5.2,1.4,1.8,1.4,4.8,2.0,0.4,1.2,1.8,0.45,0.25,0.3,2.6,7.0,7.0,1.11,10.0,19.0,0.9009009009009008,0.1,0.05263157894736842,1.36,3.2,0.7352941176470588,0.3125,H,2,0,0,0
2020-12-26,2020/21,Sheffield United,Everton,0.8,2.0,0.2,3.0,1.2,0.6,2.0,5.2,0.8,1.6,1.4,1.4,0.45,0.25,0.3,2.6,6.0,7.0,4.2,3.6,1.85,0.23809523809523808,0.2777777777777778,0.5405405405405405,2.01,1.89,0.49751243781094534,0.5291005291005292,A,0,1,0,0
2020-12-27,2020/21,Liverpool,West Bromwich Albion,3.0,0.6,2.2,6.6,0.8,2.2,0.8,3.0,2.6,0.6,0.6,1.4,0.45,0.25,0.3,2.6,8.0,7.0,1.11,10.0,19.0,0.9009009009009008,0.1,0.05263157894736842,1.36,3.2,0.7352941176470588,0.3125,D,1,1,0,1
2020-12-27,2020/21,Wolverhampton Wanderers,Tottenham Hotspur,1.0,1.8,1.2,4.4,0.8,1.0,1.0,3.0,1.2,0.8,0.8,0.6,0.45,0.25,0.3,2.6,6.0,7.0,3.6,3.25,2.15,0.2777777777777778,0.3076923076923077,0.46511627906976744,2.2,1.66,0.45454545454545453,0.6024096385542169,D,1,1,0,1
2020-12-27,2020/21,Leeds United,Burnley,2.0,2.6,1.2,6.0,0.8,1.4,1.6,2.8,1.4,1.8,0.2,1.0,0.45,0.25,0.3,2.6,7.0,6.0,1.72,4.0,4.33,0.5813953488372093,0.25,0.23094688221709006,1.57,2.37,0.6369426751592356,0.42194092827004215,H,1,0,0,0
2020-12-27,2020/21,West Ham United,Brighton & Hove Albion,1.2,1.8,1.4,3.6,0.6,1.4,0.6,4.0,1.2,1.2,0.8,1.4,0.45,0.25,0.3,2.6,6.0,7.0,2.3,3.4,3.1,0.4347826086956522,0.29411764705882354,0.3225806451612903,1.99,1.91,0.5025125628140703,0.5235602094240838,D,2,2,1,1
2020-12-28,2020/21,Crystal Palace,Leicester City,1.4,2.6,1.0,4.4,1.8,1.0,2.0,3.6,1.2,2.4,1.8,1.0,0.45,0.25,0.3,2.6,2.0,2.0,3.75,3.5,2.0,0.26666666666666666,0.2857142857142857,0.5,1.9,1.9,0.5263157894736842,0.5263157894736842,D,1,1,0,1
2020-12-28,2020/21,Chelsea,Aston Villa,1.6,1.4,1.2,5.4,1.6,0.4,2.0,7.0,2.6,1.0,1.8,0.4,0.45,0.25,0.3,2.6,2.0,2.0,1.61,4.2,5.0,0.6211180124223602,0.23809523809523808,0.2,1.53,2.5,0.6535947712418301,0.4,D,1,1,0,1
2020-12-29,2020/21,Brighton & Hove Albion,Arsenal,0.8,1.6,0.6,4.2,1.0,1.4,0.8,4.2,0.8,1.0,0.4,1.0,0.45,0.25,0.3,2.6,2.0,3.0,3.25,3.5,2.2,0.3076923076923077,0.2857142857142857,0.45454545454545453,2.0,1.8,0.5,0.5555555555555556,A,0,1,0,0
2020-12-29,2020/21,Burnley,Sheffield United,0.8,0.6,1.6,3.8,0.8,2.0,0.2,2.4,0.8,1.2,0.6,2.2,0.45,0.25,0.3,2.6,2.0,3.0,2.37,3.1,3.25,0.42194092827004215,0.3225806451612903,0.3076923076923077,2.37,1.57,0.42194092827004215,0.6369426751592356,H,1,0,0,0
2020-12-29,2020/21,Southampton,West Ham United,1.2,0.6,1.6,3.4,1.2,2.0,1.0,4.0,1.8,0.8,1.4,1.8,0.45,0.25,0.3,2.6,3.0,2.0,2.1,3.6,3.4,0.47619047619047616,0.2777777777777778,0.29411764705882354,1.94,1.96,0.5154639175257733,0.5102040816326531,D,0,0,0,0
2020-12-29,2020/21,West Bromwich Albion,Leeds United,0.8,2.4,0.4,2.4,2.0,2.6,1.2,5.4,0.4,1.8,1.6,2.6,0.45,0.25,0.3,2.6,2.0,2.0,3.6,3.6,2.0,0.2777777777777778,0.2777777777777778,0.5,1.57,2.37,0.6369426751592356,0.42194092827004215,A,0,5,1,0
2020-12-29,2020/21,Manchester United,Wolverhampton Wanderers,2.8,1.4,2.2,6.8,0.8,1.8,0.8,4.6,1.4,0.6,0.8,1.6,0.45,0.25,0.3,2.6,3.0,2.0,1.53,4.2,6.25,0.6535947712418301,0.23809523809523808,0.16,1.96,1.94,0.5102040816326531,0.5154639175257733,H,1,0,0,0
2020-12-30,2020/21,Newcastle United,Liverpool,1.4,1.8,1.4,5.0,3.0,0.6,2.2,6.6,1.2,1.8,2.4,1.0,0.45,0.25,0.3,2.6,4.0,3.0,12.0,6.0,1.25,0.08333333333333333,0.16666666666666666,0.8,1.5,2.62,0.6666666666666666,0.38167938931297707,D,0,0,0,0
2021-01-01,2020/21,Everton,West Ham United,1.4,0.4,2.6,4.2,1.0,1.4,1.2,3.4,1.2,1.4,0.8,1.2,0.45,0.25,0.3,2.6,6.0,3.0,2.1,3.5,3.5,0.47619047619047616,0.2857142857142857,0.2857142857142857,1.9,1.9,0.5263157894736842,0.5263157894736842,A,0,1,0,0
2021-01-01,2020/21,Manchester United,Aston Villa,2.4,1.2,2.2,6.2,1.6,0.2,2.2,6.2,1.6,0.6,1.8,0.6,0.45,0.25,0.3,2.6,3.0,4.0,1.72,4.2,4.2,0.5813953488372093,0.23809523809523808,0.23809523809523808,1.53,2.5,0.6535947712418301,0.4,H,2,1,1,1
2021-01-02,2020/21,Tottenham Hotspur,Leeds United,1.0,1.2,1.0,3.4,2.8,2.0,1.8,6.0,1.8,1.2,2.0,2.6,0.45,0.25,0.3,2.6,6.0,4.0,1.75,4.1,4.2,0.5714285714285714,0.24390243902439027,0.23809523809523808,1.44,2.75,0.6944444444444444,0.36363636363636365,H,3,0,1,0
2021-01-02,2020/21,Crystal Palace,Sheffield United,0.6,2.6,0.6,3.4,0.6,1.8,0.2,2.8,1.2,2.4,0.4,2.0,0.45,0.25,0.3,2.6,5.0,4.0,1.95,3.5,3.9,0.5128205128205129,0.2857142857142857,0.25641025641025644,2.3,1.61,0.4347826086956522,0.6211180124223602,H,2,0,0,0
2021-01-02,2020/21,Brighton & Hove Albion,Wolverhampton Wanderers,0.6,1.4,0.6,3.8,0.8,1.2,0.8,5.0,0.6,1.0,0.6,1.8,0.45,0.25,0.3,2.6,4.0,4.0,2.62,3.25,2.75,0.38167938931297707,0.3076923076923077,0.36363636363636365,2.5,1.53,0.4,0.6535947712418301,D,3,3,1,1
2021-01-02,2020/21,West Bromwich Albion,Arsenal,0.6,2.4,0.4,1.8,1.2,1.0,1.4,4.4,0.4,2.8,0.6,0.8,0.45,0.25,0.3,2.6,4.0,4.0,5.75,4.0,1.57,0.17391304347826086,0.25,0.6369426751592356,1.9,1.9,0.5263157894736842,0.5263157894736842,A,0,4,1,0
2021-01-03,2020/21,Newcastle United,Leicester City,1.0,1.8,1.0,4.0,1.6,1.0,1.6,3.4,1.0,1.0,1.8,1.2,0.45,0.25,0.3,2.6,4.0,6.0,5.25,4.2,1.61,0.19047619047619047,0.23809523809523808,0.6211180124223602,1.9,1.9,0.5263157894736842,0.5263157894736842,A,1,2,1,1
2021-01-03,2020/21,Chelsea,Manchester City,1.2,1.4,0.8,4.2,1.2,0.2,2.2,5.2,2.2,0.6,0.6,0.6,0.45,0.25,0.3,2.6,6.0,8.0,3.0,3.7,2.2,0.3333333333333333,0.27027027027027023,0.45454545454545453,1.72,2.1,0.5813953488372093,0.47619047619047616,A,1,3,1,1
2021-01-04,2020/21,Southampton,Liverpool,0.8,0.4,1.2,3.4,2.2,0.6,1.8,6.2,1.4,0.8,2.0,0.6,0.45,0.25,0.3,2.6,6.0,5.0,5.0,4.33,1.61,0.2,0.23094688221709006,0.6211180124223602,1.61,2.3,0.6211180124223602,0.4347826086956522,H,1,0,0,0
2021-01-12,2020/21,Sheffield United,Newcastle United,0.6,1.6,0.2,3.2,0.8,2.0,0.4,3.0,0.6,1.6,1.0,2.0,0.45,0.25,0.3,2.6,10.0,9.0,2.45,3.1,3.1,0.4081632653061224,0.3225806451612903,0.3225806451612903,2.5,1.53,0.4,0.6535947712418301,H,1,0,0,0
2021-01-12,2020/21,Burnley,Manchester United,0.8,0.4,2.0,3.8,2.8,1.4,2.6,7.6,1.0,1.0,2.8,1.6,0.45,0.25,0.3,2.6,14.0,11.0,7.0,4.5,1.45,0.14285714285714285,0.2222222222222222,0.6896551724137931,1.72,2.1,0.5813953488372093,0.47619047619047616,A,0,1,0,0
2021-01-12,2020/21,Wolverhampton Wanderers,Everton,1.4,1.6,1.0,4.4,1.2,0.4,2.4,3.4,1.2,0.8,1.6,1.0,0.45,0.25,0.3,2.6,10.0,11.0,2.45,3.1,3.1,0.4081632653061224,0.3225806451612903,0.3225806451612903,2.37,1.57,0.42194092827004215,0.6369426751592356,A,1,2,1,1
2021-01-13,2020/21,Manchester City,Brighton & Hove Albion,1.4,0.4,2.2,5.2,1.2,1.4,0.8,3.8,2.2,0.4,1.0,1.6,0.45,0.25,0.3,2.6,10.0,11.0,1.14,8.5,16.0,0.8771929824561404,0.11764705882352941,0.0625,1.5,2.62,0.6666666666666666,0.38167938931297707,H,1,0,0,0
2021-01-13,2020/21,Tottenham Hotspur,Fulham,1.2,1.2,1.0,4.2,0.4,0.8,0.8,3.0,1.8,0.6,0.8,1.2,0.45,0.25,0.3,2.6,11.0,18.0,1.36,5.0,8.5,0.7352941176470588,0.2,0.11764705882352941,1.66,2.2,0.6024096385542169,0.45454545454545453,D,1,1,0,1
2021-01-14,2020/21,Arsenal,Crystal Palace,2.0,0.8,2.0,5.6,0.8,2.4,1.0,3.2,1.0,1.6,1.2,1.6,0.45,0.25,0.3,2.6,12.0,12.0,1.53,4.0,6.5,0.6535947712418301,0.25,0.15384615384615385,1.9,1.9,0.5263157894736842,0.5263157894736842,D,0,0,0,0
2021-01-16,2020/21,Fulham,Chelsea,0.6,0.6,1.0,3.6,1.4,1.8,0.8,4.0,1.0,0.8,1.4,1.2,0.45,0.25,0.3,2.6,3.0,13.0,6.5,4.33,1.5,0.15384615384615385,0.23094688221709006,0.6666666666666666,1.8,2.0,0.5555555555555556,0.5,A,0,1,0,0
2021-01-16,2020/21,Leicester City,Southampton,1.4,1.2,1.6,2.8,0.4,0.4,1.2,2.8,1.4,1.2,1.6,1.2,0.45,0.25,0.3,2.6,13.0,12.0,1.8,3.75,4.5,0.5555555555555556,0.26666666666666666,0.2222222222222222,1.9,1.9,0.5263157894736842,0.5263157894736842,H,2,0,0,0
2021-01-16,2020/21,Wolverhampton Wanderers,West Bromwich Albion,1.2,1.8,0.4,4.2,0.4,2.8,0.4,1.8,1.0,1.2,0.6,1.4,0.45,0.25,0.3,2.6,4.0,14.0,1.6,3.5,7.0,0.625,0.2857142857142857,0.14285714285714285,2.3,1.61,0.4347826086956522,0.6211180124223602,A,2,3,1,1
2021-01-16,2020/21,Leeds United,Brighton & Hove Albion,2.6,2.2,1.8,5.6,1.2,1.6,0.6,3.2,1.6,1.6,0.8,1.4,0.45,0.25,0.3,2.6,14.0,3.0,2.1,3.5,3.4,0.47619047619047616,0.2857142857142857,0.29411764705882354,1.61,2.3,0.6211180124223602,0.4347826086956522,A,0,1,0,0
2021-01-16,2020/21,West Ham United,Burnley,0.8,1.2,1.2,2.8,0.6,0.6,1.4,3.4,1.4,1.4,0.2,1.2,0.45,0.25,0.3,2.6,15.0,4.0,1.8,3.5,4.75,0.5555555555555556,0.2857142857142857,0.21052631578947367,2.1,1.72,0.47619047619047616,0.5813953488372093,H,1,0,0,0
2021-01-17,2020/21,Sheffield United,Tottenham Hotspur,0.4,1.0,0.8,2.8,1.2,1.2,1.0,4.2,0.8,1.4,0.8,0.8,0.45,0.25,0.3,2.6,5.0,4.0,6.25,3.75,1.6,0.16,0.26666666666666666,0.625,2.0,1.8,0.5,0.5555555555555556,A,1,3,1,1
2021-01-17,2020/21,Liverpool,Manchester United,2.0,0.6,1.6,5.2,2.4,1.0,2.6,7.4,2.4,0.6,2.4,1.4,0.45,0.25,0.3,2.6,13.0,5.0,1.95,3.8,3.6,0.5128205128205129,0.2631578947368421,0.2777777777777778,1.66,2.2,0.6024096385542169,0.45454545454545453,D,0,0,0,0
2021-01-17,2020/21,Manchester City,Crystal Palace,1.6,0.4,2.6,6.0,0.6,2.2,1.0,3.2,2.2,0.2,1.2,1.2,0.45,0.25,0.3,2.6,4.0,3.0,1.14,8.5,17.0,0.8771929824561404,0.11764705882352941,0.058823529411764705,1.5,2.62,0.6666666666666666,0.38167938931297707,H,4,0,1,0
2021-01-18,2020/21,Arsenal,Newcastle United,1.8,0.6,2.0,5.6,0.4,1.2,0.4,2.8,1.0,1.0,0.8,2.0,0.45,0.25,0.3,2.6,4.0,6.0,1.4,4.5,8.0,0.7142857142857143,0.2222222222222222,0.125,1.8,2.0,0.5555555555555556,0.5,H,3,0,1,0
2021-01-19,2020/21,West Ham United,West Bromwich Albion,0.8,1.0,1.6,3.2,0.8,3.0,0.8,2.6,1.4,1.4,1.2,1.4,0.45,0.25,0.3,2.6,3.0,3.0,1.57,4.2,5.5,0.6369426751592356,0.23809523809523808,0.18181818181818182,1.9,1.9,0.5263157894736842,0.5263157894736842,H,2,1,1,1
2021-01-19,2020/21,Leicester City,Chelsea,1.8,0.8,2.2,3.4,1.4,1.4,1.4,4.6,1.6,1.2,1.0,1.2,0.45,0.25,0.3,2.6,3.0,3.0,2.87,3.4,2.45,0.3484320557491289,0.29411764705882354,0.4081632653061224,1.9,1.9,0.5263157894736842,0.5263157894736842,H,2,0,0,0
2021-01-20,2020/21,Manchester City,Aston Villa,2.2,0.2,3.0,5.8,1.6,0.6,1.6,6.8,2.0,0.2,1.4,1.0,0.45,0.25,0.3,2.6,3.0,19.0,1.22,6.5,12.0,0.819672131147541,0.15384615384615385,0.08333333333333333,1.44,2.75,0.6944444444444444,0.36363636363636365,H,2,0,0,0
2021-01-20,2020/21,Fulham,Manchester United,0.4,0.6,0.8,3.2,1.2,0.6,2.2,5.4,0.6,1.0,1.8,1.0,0.45,0.25,0.3,2.6,4.0,3.0,6.0,4.33,1.53,0.16666666666666666,0.23094688221709006,0.6535947712418301,1.72,2.1,0.5813953488372093,0.47619047619047616,A,1,2,1,1
2021-01-21,2020/21,Liverpool,Burnley,1.6,0.4,1.2,3.6,0.6,0.8,1.2,3.0,2.0,0.4,0.2,1.4,0.45,0.25,0.3,2.6,4.0,5.0,1.18,7.5,15.0,0.8474576271186441,0.13333333333333333,0.06666666666666667,1.53,2.5,0.6535947712418301,0.4,A,0,1,0,0
2021-01-23,2020/21,Aston Villa,Newcastle United,1.6,1.0,1.4,6.2,0.2,1.6,0.2,2.0,1.4,1.8,0.8,2.2,0.45,0.25,0.3,2.6,3.0,5.0,1.45,4.75,6.5,0.6896551724137931,0.21052631578947367,0.15384615384615385,1.66,2.2,0.6024096385542169,0.45454545454545453,H,2,0,0,0
2021-01-26,2020/21,Crystal Palace,West Ham United,0.6,1.6,1.0,2.6,1.2,0.6,2.2,4.4,0.8,2.2,0.8,0.8,0.0,1.0,0.0,2.0,9.0,7.0,3.1,3.25,2.37,0.3225806451612903,0.3076923076923077,0.42194092827004215,2.2,1.66,0.45454545454545453,0.6024096385542169,A,2,3,1,1
2021-01-26,2020/21,Newcastle United,Leeds United,0.2,1.6,0.2,1.8,1.6,2.0,1.2,4.0,0.8,1.2,1.8,2.4,0.0,0.0,1.0,7.0,3.0,10.0,3.9,3.8,1.85,0.25641025641025644,0.2631578947368421,0.5405405405405405,1.66,2.2,0.6024096385542169,0.45454545454545453,A,1,2,1,1
2021-01-26,2020/21,Southampton,Arsenal,0.2,0.6,1.0,2.8,2.2,0.2,2.6,6.4,1.2,0.8,1.2,0.8,0.0,1.0,0.0,2.0,10.0,8.0,3.5,3.6,2.05,0.2857142857142857,0.2777777777777778,0.48780487804878053,1.8,2.0,0.5555555555555556,0.5,A,1,3,1,1
2021-01-26,2020/21,West Bromwich Albion,Manchester City,1.0,2.8,0.8,2.8,2.4,0.2,3.0,6.6,0.4,3.4,1.0,0.6,0.0,1.0,0.0,2.0,7.0,6.0,15.0,7.5,1.18,0.06666666666666667,0.13333333333333333,0.8474576271186441,1.57,2.37,0.6369426751592356,0.42194092827004215,A,0,5,1,0
2021-01-27,2020/21,Burnley,Aston Villa,0.4,0.6,1.2,3.0,1.4,1.0,1.4,5.2,1.0,0.6,1.2,1.0,0.0,1.0,0.0,0.0,6.0,4.0,3.8,3.5,1.95,0.2631578947368421,0.2857142857142857,0.5128205128205129,1.9,1.9,0.5263157894736842,0.5263157894736842,H,3,2,1,1
2021-01-27,2020/21,Chelsea,Wolverhampton Wanderers,0.8,1.8,0.8,4.2,1.4,2.0,0.4,4.8,1.6,1.0,1.2,2.2,0.0,0.0,1.0,3.0,8.0,11.0,1.6,4.2,5.25,0.625,0.23809523809523808,0.19047619047619047,1.9,1.9,0.5263157894736842,0.5263157894736842,D,0,0,0,0
2021-01-27,2020/21,Brighton & Hove Albion,Fulham,1.2,1.4,1.0,2.6,0.6,1.0,0.6,3.4,1.2,1.6,0.8,1.2,0.0,1.0,0.0,0.0,11.0,7.0,2.05,3.4,3.75,0.48780487804878053,0.29411764705882354,0.26666666666666666,2.2,1.66,0.45454545454545453,0.6024096385542169,D,0,0,0,0
2021-01-27,2020/21,Everton,Leicester City,1.4,0.6,2.4,3.2,1.8,0.8,2.2,3.8,0.8,1.2,1.4,1.2,1.0,0.0,0.0,2.0,15.0,8.0,2.8,3.3,2.55,0.35714285714285715,0.30303030303030304,0.3921568627450981,2.0,1.8,0.5,0.5555555555555556,D,1,1,0,1
2021-01-27,2020/21,Manchester United,Sheffield United,1.2,0.4,2.6,5.6,0.4,1.4,0.6,3.2,2.0,0.6,0.2,1.6,1.0,0.0,0.0,5.0,7.0,10.0,1.25,6.0,11.0,0.8,0.16666666666666666,0.09090909090909091,1.66,2.2,0.6024096385542169,0.45454545454545453,A,1,2,1,1
2021-01-28,2020/21,Tottenham Hotspur,Liverpool,1.6,1.0,1.6,4.8,0.2,0.6,0.6,3.2,1.6,0.6,1.8,0.6,0.0,0.0,1.0,3.0,11.0,7.0,3.2,3.6,2.2,0.3125,0.2777777777777778,0.45454545454545453,1.8,2.0,0.5555555555555556,0.5,A,1,3,1,1
2021-01-30,2020/21,Everton,Newcastle United,1.2,0.8,2.0,2.4,0.4,2.0,0.0,2.4,0.8,0.8,0.4,2.6,0.0,0.0,1.0,3.0,3.0,4.0,1.55,4.0,6.5,0.6451612903225806,0.25,0.15384615384615385,2.0,1.8,0.5,0.5555555555555556,A,0,2,0,0
2021-01-30,2020/21,Crystal Palace,Wolverhampton Wanderers,1.0,1.6,1.0,2.0,1.2,1.8,0.4,3.6,1.2,2.4,0.8,2.0,0.0,0.0,1.0,2.0,4.0,3.0,2.87,3.2,2.55,0.3484320557491289,0.3125,0.3921568627450981,2.5,1.53,0.4,0.6535947712418301,H,1,0,0,0
2021-01-30,2020/21,Manchester City,Sheffield United,3.0,0.2,3.0,6.8,0.8,1.4,1.2,3.4,2.0,0.2,0.6,1.6,1.0,0.0,0.0,1.0,4.0,3.0,1.12,9.0,18.0,0.8928571428571428,0.1111111111111111,0.05555555555555555,1.5,2.62,0.6666666666666666,0.38167938931297707,H,1,0,0,0
2021-01-30,2020/21,West Bromwich Albion,Fulham,0.8,3.6,0.6,2.4,0.4,0.8,0.6,3.2,0.2,4.4,0.8,1.0,0.0,0.0,1.0,2.0,4.0,3.0,3.3,3.2,2.3,0.30303030303030304,0.3125,0.4347826086956522,2.2,1.66,0.45454545454545453,0.6024096385542169,D,2,2,1,1
2021-01-30,2020/21,Arsenal,Manchester United,2.2,0.2,2.6,6.0,1.2,0.8,2.0,5.8,1.4,0.6,1.6,1.0,1.0,0.0,0.0,1.0,4.0,3.0,2.8,3.5,2.45,0.35714285714285715,0.2857142857142857,0.4081632653061224,1.8,2.0,0.5555555555555556,0.5,D,0,0,0,0
2021-01-30,2020/21,Southampton,Aston Villa,0.4,1.0,1.0,3.2,1.2,1.6,0.8,5.2,1.0,0.8,1.4,1.6,1.0,0.0,0.0,7.0,4.0,3.0,2.8,3.6,2.37,0.35714285714285715,0.2777777777777778,0.42194092827004215,1.72,2.1,0.5813953488372093,0.47619047619047616,A,0,1,0,0
2021-01-31,2020/21,Chelsea,Burnley,0.6,1.2,1.0,4.6,1.0,0.8,1.8,2.8,1.6,1.0,0.4,0.4,1.0,0.0,0.0,3.0,4.0,4.0,1.33,5.0,9.5,0.7518796992481203,0.2,0.10526315789473684,1.72,2.1,0.5813953488372093,0.47619047619047616,H,2,0,0,0
2021-01-31,2020/21,Leicester City,Leeds United,1.6,0.6,2.2,4.6,1.6,1.0,1.8,3.8,1.8,0.8,2.0,2.6,1.0,0.0,0.0,5.0,4.0,5.0,1.8,4.0,4.2,0.5555555555555556,0.25,0.23809523809523808,1.57,2.37,0.6369426751592356,0.42194092827004215,A,1,3,1,1
2021-01-31,2020/21,West Ham United,Liverpool,1.4,0.6,2.6,5.0,0.6,0.6,1.0,4.2,1.4,1.4,2.2,0.6,0.0,0.0,1.0,3.0,5.0,3.0,4.33,4.0,1.75,0.23094688221709006,0.25,0.5714285714285714,1.66,2.2,0.6024096385542169,0.45454545454545453,A,1,3,1,1
2021-01-31,2020/21,Brighton & Hove Albion,Tottenham Hotspur,0.8,1.0,1.0,2.8,1.8,1.2,1.6,4.6,1.0,1.4,1.2,1.0,0.0,0.0,1.0,3.0,4.0,3.0,3.2,3.4,2.25,0.3125,0.29411764705882354,0.4444444444444444,2.08,1.82,0.4807692307692307,0.5494505494505494,H,1,0,0,0
2021-02-02,2020/21,Wolverhampton Wanderers,Arsenal,1.2,1.8,0.4,3.4,2.0,0.2,2.2,6.0,1.2,1.6,1.8,1.0,1.0,0.0,0.0,3.0,3.0,3.0,3.6,3.3,2.1,0.2777777777777778,0.30303030303030304,0.47619047619047616,2.3,1.61,0.4347826086956522,0.6211180124223602,H,2,1,1,1
2021-02-02,2020/21,Sheffield United,West Bromwich Albion,0.8,1.4,1.2,3.0,1.2,3.0,0.8,2.8,1.0,1.8,1.4,1.6,0.0,0.0,1.0,1.0,3.0,3.0,2.0,3.3,4.0,0.5,0.30303030303030304,0.25,2.3,1.61,0.4347826086956522,0.6211180124223602,H,2,1,1,1
2021-02-02,2020/21,Newcastle United,Crystal Palace,0.6,1.6,0.6,2.6,1.0,1.4,1.4,2.2,1.0,1.2,1.2,1.8,1.0,0.0,0.0,2.0,3.0,3.0,2.8,3.2,2.6,0.35714285714285715,0.3125,0.3846153846153846,2.3,1.61,0.4347826086956522,0.6211180124223602,A,1,2,1,1
2021-02-02,2020/21,Manchester United,Southampton,0.8,0.6,1.6,4.6,0.4,1.2,0.8,3.8,2.0,1.0,0.8,1.0,1.0,0.0,0.0,5.0,3.0,3.0,1.4,4.75,7.0,0.7142857142857143,0.21052631578947367,0.14285714285714285,1.53,2.5,0.6535947712418301,0.4,H,9,0,1,0
2021-02-03,2020/21,Burnley,Manchester City,0.8,1.2,1.2,2.2,2.6,0.0,3.0,6.6,1.4,1.0,1.8,0.6,0.0,0.0,1.0,5.0,3.0,4.0,13.0,7.0,1.2,0.07692307692307693,0.14285714285714285,0.8333333333333334,1.66,2.2,0.6024096385542169,0.45454545454545453,A,0,2,0,0
2021-02-03,2020/21,Fulham,Leicester City,0.8,1.2,0.6,4.4,1.6,1.0,2.0,5.6,0.4,0.8,1.6,0.8,1.0,0.0,0.0,3.0,4.0,3.0,4.0,3.5,1.9,0.25,0.2857142857142857,0.5263157894736842,2.0,1.8,0.5,0.5555555555555556,A,0,2,0,0
2021-02-03,2020/21,Leeds United,Everton,2.0,1.2,1.8,4.4,0.8,1.0,1.4,2.6,1.4,1.0,1.8,0.8,1.0,0.0,0.0,1.0,3.0,4.0,2.5,3.5,2.7,0.4,0.2857142857142857,0.37037037037037035,1.66,2.2,0.6024096385542169,0.45454545454545453,A,1,2,1,1
2021-02-03,2020/21,Aston Villa,West Ham United,1.2,1.4,1.2,5.6,1.6,1.2,2.4,4.8,1.8,1.2,1.2,1.2,0.0,0.0,1.0,3.0,4.0,3.0,2.2,3.4,3.25,0.45454545454545453,0.29411764705882354,0.3076923076923077,1.72,2.1,0.5813953488372093,0.47619047619047616,A,1,3,1,1
2021-02-03,2020/21,Liverpool,Brighton & Hove Albion,1.2,0.8,1.4,4.4,1.0,0.8,1.6,3.4,1.4,0.6,0.6,1.2,0.0,1.0,0.0,2.0,3.0,3.0,1.33,5.25,9.0,0.7518796992481203,0.19047619047619047,0.1111111111111111,1.66,2.2,0.6024096385542169,0.45454545454545453,A,0,1,0,0
2021-02-04,2020/21,Tottenham Hotspur,Chelsea,1.6,1.2,1.4,4.8,0.8,1.0,1.4,5.2,1.4,1.2,0.6,1.6,0.0,1.0,0.0,0.0,4.0,4.0,3.5,3.4,2.1,0.2857142857142857,0.29411764705882354,0.47619047619047616,1.9,1.9,0.5263157894736842,0.5263157894736842,A,0,1,0,0
2021-02-06,2020/21,Aston Villa,Arsenal,1.2,1.6,1.2,5.0,1.4,0.6,1.6,4.2,1.4,1.0,2.0,1.0,1.0,0.0,0.0,3.0,3.0,4.0,2.62,3.5,2.6,0.38167938931297707,0.2857142857142857,0.3846153846153846,1.66,2.2,0.6024096385542169,0.45454545454545453,H,1,0,0,0
2021-02-06,2020/21,Burnley,Brighton & Hove Albion,0.8,1.4,1.2,2.2,0.6,0.2,2.0,3.4,1.2,1.2,0.8,0.6,0.0,1.0,0.0,0.0,3.0,3.0,3.6,3.1,2.2,0.2777777777777778,0.3225806451612903,0.45454545454545453,2.5,1.53,0.4,0.6535947712418301,D,1,1,0,1
2021-02-06,2020/21,Newcastle United,Southampton,0.8,1.8,0.6,3.0,0.4,3.0,0.6,3.4,0.8,1.4,0.6,2.6,0.0,0.0,1.0,2.0,4.0,4.0,3.0,3.3,2.4,0.3333333333333333,0.30303030303030304,0.4166666666666667,2.0,1.8,0.5,0.5555555555555556,H,3,2,1,1
2021-02-06,2020/21,Fulham,West Ham United,0.6,1.4,0.4,3.8,2.0,1.4,2.4,5.8,0.2,1.0,1.4,1.2,0.0,0.0,1.0,1.0,3.0,3.0,3.6,3.5,2.05,0.2777777777777778,0.2857142857142857,0.48780487804878053,2.0,1.8,0.5,0.5555555555555556,D,0,0,0,0
2021-02-06,2020/21,Manchester United,Everton,2.4,0.6,1.6,6.0,1.0,1.2,1.4,3.2,3.8,1.0,1.6,0.6,1.0,0.0,0.0,4.0,4.0,3.0,1.53,4.2,6.0,0.6535947712418301,0.23809523809523808,0.16666666666666666,1.66,2.2,0.6024096385542169,0.45454545454545453,D,3,3,1,1
2021-02-07,2020/21,Sheffield United,Chelsea,1.2,1.2,1.8,3.8,0.8,0.4,2.0,5.2,1.2,1.6,0.8,1.4,0.0,0.0,1.0,5.0,5.0,3.0,7.0,4.5,1.45,0.14285714285714285,0.2222222222222222,0.6896551724137931,1.9,1.9,0.5263157894736842,0.5263157894736842,A,1,2,1,1
2021-02-07,2020/21,Liverpool,Manchester City,1.2,0.8,1.4,4.4,2.8,0.0,3.0,6.6,0.6,0.8,2.2,0.2,0.0,1.0,0.0,2.0,4.0,4.0,3.4,3.6,2.05,0.29411764705882354,0.2777777777777778,0.48780487804878053,1.72,2.1,0.5813953488372093,0.47619047619047616,A,1,4,1,1
2021-02-07,2020/21,Wolverhampton Wanderers,Leicester City,1.0,1.4,0.8,4.0,1.6,0.8,2.0,6.0,1.6,1.6,1.6,0.6,0.0,0.0,1.0,1.0,5.0,4.0,3.5,3.4,2.1,0.2857142857142857,0.29411764705882354,0.47619047619047616,2.2,1.66,0.45454545454545453,0.6024096385542169,D,0,0,0,0
2021-02-07,2020/21,Tottenham Hotspur,West Bromwich Albion,1.0,1.4,0.8,3.8,1.4,2.6,0.8,3.0,1.0,1.4,1.4,1.6,1.0,0.0,0.0,1.0,3.0,5.0,1.45,4.5,7.0,0.6896551724137931,0.2222222222222222,0.14285714285714285,1.72,2.1,0.5813953488372093,0.47619047619047616,H,2,0,0,0
2021-02-08,2020/21,Leeds United,Crystal Palace,1.2,1.6,1.2,4.6,1.0,1.6,1.4,2.0,1.6,1.4,0.6,1.8,0.0,0.0,1.0,5.0,5.0,6.0,1.8,3.8,4.2,0.5555555555555556,0.2631578947368421,0.23809523809523808,1.61,2.3,0.6211180124223602,0.4347826086956522,H,2,0,0,0
2021-02-13,2020/21,Leicester City,Liverpool,1.2,0.8,1.6,5.6,1.4,1.6,1.2,4.4,1.4,1.4,2.6,0.6,0.0,0.0,1.0,3.0,6.0,6.0,3.5,3.4,2.1,0.2857142857142857,0.29411764705882354,0.47619047619047616,1.72,2.1,0.5813953488372093,0.47619047619047616,H,3,1,1,1
2021-02-13,2020/21,Crystal Palace,Burnley,1.0,2.0,1.2,2.2,1.0,1.4,1.4,3.2,1.2,2.2,0.2,0.8,0.0,0.0,1.0,1.0,5.0,7.0,2.37,3.1,3.2,0.42194092827004215,0.3225806451612903,0.3125,2.5,1.53,0.4,0.6535947712418301,A,0,3,1,0
2021-02-13,2020/21,Manchester City,Tottenham Hotspur,2.8,0.2,3.0,6.4,1.2,1.2,1.2,3.8,2.0,0.0,1.2,1.2,0.0,0.0,1.0,2.0,6.0,6.0,1.28,5.75,9.5,0.78125,0.17391304347826086,0.10526315789473684,1.61,2.3,0.6211180124223602,0.4347826086956522,H,3,0,1,0
2021-02-13,2020/21,Brighton & Hove Albion,Aston Villa,0.8,0.2,2.2,3.6,1.4,1.2,1.8,5.8,1.0,1.0,1.0,1.6,1.0,0.0,0.0,3.0,7.0,7.0,2.7,3.5,2.5,0.37037037037037035,0.2857142857142857,0.4,1.72,2.1,0.5813953488372093,0.47619047619047616,D,0,0,0,0
2021-02-14,2020/21,West Bromwich Albion,Manchester United,0.8,2.6,0.2,2.2,3.0,1.2,1.6,6.2,0.4,3.8,1.0,0.6,0.0,0.0,1.0,1.0,7.0,8.0,10.0,5.5,1.3,0.1,0.18181818181818182,0.7692307692307692,1.53,2.5,0.6535947712418301,0.4,D,1,1,0,1
2021-02-14,2020/21,Arsenal,Leeds United,1.4,0.8,1.4,4.0,1.6,1.0,1.8,5.0,1.4,0.4,2.4,2.2,0.0,1.0,0.0,0.0,8.0,6.0,1.83,3.8,4.0,0.5464480874316939,0.2631578947368421,0.25,1.57,2.37,0.6369426751592356,0.42194092827004215,H,4,2,1,1
2021-02-14,2020/21,Southampton,Wolverhampton Wanderers,0.6,3.6,0.0,3.8,0.8,1.0,1.0,3.6,0.4,1.0,0.8,1.4,0.0,1.0,0.0,2.0,8.0,7.0,2.37,3.2,3.1,0.42194092827004215,0.3125,0.3225806451612903,2.3,1.61,0.4347826086956522,0.6211180124223602,A,1,2,1,1
2021-02-14,2020/21,Everton,Fulham,1.6,1.6,1.6,3.4,0.6,1.2,0.6,3.6,0.8,1.0,0.8,1.2,1.0,0.0,0.0,5.0,8.0,8.0,1.85,3.6,4.2,0.5405405405405405,0.2777777777777778,0.23809523809523808,2.0,1.8,0.5,0.5555555555555556,A,0,2,0,0
2021-02-15,2020/21,West Ham United,Sheffield United,1.8,1.4,2.0,5.2,1.2,1.6,1.2,3.6,1.4,1.4,0.6,1.2,1.0,0.0,0.0,1.0,9.0,8.0,1.66,3.75,5.25,0.6024096385542169,0.26666666666666666,0.19047619047619047,2.0,1.8,0.5,0.5555555555555556,H,3,0,1,0
2021-02-15,2020/21,Chelsea,Newcastle United,1.0,0.6,2.0,4.6,1.4,1.6,1.2,3.6,1.4,0.8,0.4,1.6,1.0,0.0,0.0,2.0,8.0,9.0,1.22,6.5,12.0,0.819672131147541,0.15384615384615385,0.08333333333333333,1.57,2.37,0.6369426751592356,0.42194092827004215,H,2,0,0,0
2021-02-17,2020/21,Burnley,Fulham,1.4,1.4,1.4,3.2,0.8,0.8,1.2,3.2,1.0,1.2,1.2,0.8,0.45,0.25,0.3,2.6,4.0,3.0,2.75,3.2,2.7,0.36363636363636365,0.3125,0.37037037037037035,2.3,1.61,0.4347826086956522,0.6211180124223602,D,1,1,0,1
2021-02-17,2020/21,Everton,Manchester City,1.2,1.8,1.0,3.2,3.0,0.2,3.0,5.8,0.6,1.4,3.0,0.4,0.45,0.25,0.3,2.6,3.0,4.0,8.5,5.5,1.33,0.11764705882352941,0.18181818181818182,0.7518796992481203,1.66,2.2,0.6024096385542169,0.45454545454545453,A,1,3,1,1
2021-02-19,2020/21,Wolverhampton Wanderers,Leeds United,0.8,0.6,1.6,3.2,2.0,1.6,1.8,5.6,1.2,1.4,2.4,1.8,1.0,0.0,0.0,1.0,5.0,5.0,2.37,3.3,3.0,0.42194092827004215,0.30303030303030304,0.3333333333333333,1.9,1.9,0.5263157894736842,0.5263157894736842,H,1,0,0,0
2021-02-20,2020/21,Southampton,Chelsea,0.8,3.6,0.0,3.8,1.4,0.2,2.6,4.6,0.6,1.2,1.0,1.2,0.0,1.0,0.0,6.0,6.0,5.0,5.0,3.8,1.7,0.2,0.2631578947368421,0.5882352941176471,1.9,1.9,0.5263157894736842,0.5263157894736842,D,1,1,0,1
2021-02-20,2020/21,Burnley,West Bromwich Albion,1.0,1.2,1.0,2.8,0.8,2.4,0.4,2.4,1.0,1.4,1.2,1.8,0.0,1.0,0.0,0.0,3.0,6.0,2.0,3.3,4.0,0.5,0.30303030303030304,0.25,2.2,1.66,0.45454545454545453,0.6024096385542169,D,0,0,0,0
2021-02-20,2020/21,Liverpool,Everton,1.6,2.0,1.2,4.0,1.2,2.2,0.8,3.2,0.4,1.4,2.0,1.0,0.0,1.0,0.0,4.0,7.0,3.0,1.44,4.5,7.0,0.6944444444444444,0.2222222222222222,0.14285714285714285,1.57,2.37,0.6369426751592356,0.42194092827004215,A,0,2,0,0
2021-02-20,2020/21,Fulham,Sheffield United,1.0,1.0,1.2,3.2,1.0,1.6,1.2,3.6,0.2,1.0,0.4,1.6,0.0,1.0,0.0,2.0,3.0,5.0,2.15,3.2,3.6,0.46511627906976744,0.3125,0.2777777777777778,2.3,1.61,0.4347826086956522,0.6211180124223602,H,1,0,0,0
2021-02-21,2020/21,West Ham United,Tottenham Hotspur,2.0,1.2,2.0,5.8,0.6,1.6,0.6,3.4,1.8,1.2,1.0,1.6,0.0,1.0,0.0,6.0,6.0,8.0,2.62,3.4,2.7,0.38167938931297707,0.29411764705882354,0.37037037037037035,1.9,1.9,0.5263157894736842,0.5263157894736842,H,2,1,1,1
2021-02-21,2020/21,Aston Villa,Leicester City,1.0,1.2,1.4,5.0,1.4,1.0,1.6,5.6,1.4,0.6,1.2,0.6,1.0,0.0,0.0,1.0,8.0,8.0,2.87,3.5,2.4,0.3484320557491289,0.2857142857142857,0.4166666666666667,1.72,2.1,0.5813953488372093,0.47619047619047616,A,1,2,1,1
2021-02-21,2020/21,Arsenal,Manchester City,1.6,1.2,1.4,3.8,2.6,0.4,3.0,5.8,2.0,0.6,3.4,0.6,0.0,0.0,1.0,1.0,7.0,4.0,6.5,4.33,1.5,0.15384615384615385,0.23094688221709006,0.6666666666666666,1.72,2.1,0.5813953488372093,0.47619047619047616,A,0,1,0,0
2021-02-21,2020/21,Manchester United,Newcastle United,2.8,1.2,1.2,6.6,1.4,1.6,1.2,4.2,3.2,1.2,0.4,1.6,1.0,0.0,0.0,5.0,7.0,6.0,1.28,5.5,10.0,0.78125,0.18181818181818182,0.1,1.57,2.37,0.6369426751592356,0.42194092827004215,H,3,1,1,1
2021-02-22,2020/21,Brighton & Hove Albion,Crystal Palace,0.6,0.2,1.8,5.0,1.0,1.8,1.2,2.8,0.8,0.8,0.4,2.0,0.0,1.0,0.0,2.0,9.0,9.0,1.7,3.5,5.5,0.5882352941176471,0.2857142857142857,0.18181818181818182,2.2,1.66,0.45454545454545453,0.6024096385542169,A,1,2,1,1
2021-02-23,2020/21,Leeds United,Southampton,1.6,1.6,1.2,6.6,0.8,3.2,0.2,3.0,1.8,1.0,0.6,3.0,0.45,0.25,0.3,2.6,4.0,3.0,2.25,3.5,3.1,0.4444444444444444,0.2857142857142857,0.3225806451612903,1.66,2.2,0.6024096385542169,0.45454545454545453,H,3,0,1,0
2021-02-27,2020/21,Manchester City,West Ham United,2.6,0.4,3.0,5.4,1.8,1.0,2.0,5.2,2.2,0.0,1.4,0.6,0.0,1.0,0.0,2.0,6.0,6.0,1.22,6.5,12.0,0.819672131147541,0.15384615384615385,0.08333333333333333,1.53,2.5,0.6535947712418301,0.4,H,2,1,1,1
2021-02-27,2020/21,West Bromwich Albion,Brighton & Hove Albion,0.8,1.4,0.6,2.8,0.8,0.6,1.6,5.0,0.6,3.4,1.0,0.8,0.0,1.0,0.0,2.0,7.0,5.0,4.2,3.3,1.95,0.23809523809523808,0.30303030303030304,0.5128205128205129,2.1,1.72,0.47619047619047616,0.5813953488372093,H,1,0,0,0
2021-02-27,2020/21,Leeds United,Aston Villa,1.6,1.4,1.2,6.6,0.8,1.0,1.4,3.4,1.4,0.6,0.8,1.4,1.0,0.0,0.0,3.0,4.0,6.0,2.15,3.6,3.2,0.46511627906976744,0.2777777777777778,0.3125,1.57,2.37,0.6369426751592356,0.42194092827004215,A,0,1,0,0
2021-02-27,2020/21,Newcastle United,Wolverhampton Wanderers,1.4,1.8,1.2,4.4,1.0,0.6,2.0,4.2,1.2,1.6,1.0,1.2,0.0,1.0,0.0,2.0,6.0,8.0,3.5,3.2,2.2,0.2857142857142857,0.3125,0.45454545454545453,2.37,1.57,0.42194092827004215,0.6369426751592356,D,1,1,0,1
2021-02-28,2020/21,Crystal Palace,Fulham,1.0,1.4,1.8,2.6,0.8,0.6,1.6,3.2,1.2,1.4,1.2,0.8,1.0,0.0,0.0,3.0,6.0,8.0,3.5,3.2,2.2,0.2857142857142857,0.3125,0.45454545454545453,2.3,1.61,0.4347826086956522,0.6211180124223602,D,0,0,0,0
2021-02-28,2020/21,Leicester City,Arsenal,1.6,1.0,2.0,5.8,1.0,1.2,0.8,3.0,2.0,1.2,1.8,0.8,1.0,0.0,0.0,1.0,7.0,7.0,2.5,3.4,2.8,0.4,0.29411764705882354,0.35714285714285715,2.02,1.88,0.49504950495049505,0.5319148936170213,A,1,3,1,1
2021-02-28,2020/21,Tottenham Hotspur,Burnley,0.6,1.4,0.6,3.8,1.0,0.8,1.2,3.0,1.4,1.0,0.8,0.8,1.0,0.0,0.0,1.0,7.0,8.0,1.53,4.0,6.5,0.6535947712418301,0.25,0.15384615384615385,1.91,1.99,0.5235602094240838,0.5025125628140703,H,4,0,1,0
2021-02-28,2020/21,Chelsea,Manchester United,1.6,0.4,2.6,4.2,3.2,1.0,1.8,7.2,1.2,0.8,0.8,0.4,0.0,1.0,0.0,0.0,8.0,7.0,2.15,3.4,3.4,0.46511627906976744,0.29411764705882354,0.29411764705882354,1.99,1.91,0.5025125628140703,0.5235602094240838,D,0,0,0,0
2021-02-28,2020/21,Sheffield United,Liverpool,0.6,1.6,0.6,3.4,1.0,2.2,0.6,3.8,1.0,1.4,1.4,1.2,0.0,0.0,1.0,3.0,8.0,8.0,8.0,5.0,1.36,0.125,0.2,0.7352941176470588,1.66,2.2,0.6024096385542169,0.45454545454545453,A,0,2,0,0
2021-03-01,2020/21,Everton,Southampton,1.6,1.8,1.4,3.8,0.8,3.6,0.2,3.0,0.4,1.8,0.4,3.4,0.0,0.0,1.0,2.0,9.0,6.0,2.15,3.5,3.3,0.46511627906976744,0.2857142857142857,0.30303030303030304,2.0,1.9,0.5,0.5263157894736842,H,1,0,0,0
2021-03-02,2020/21,Manchester City,Wolverhampton Wanderers,2.6,0.6,3.0,4.8,1.2,0.6,2.2,4.2,2.4,0.2,1.2,1.2,1.0,0.0,0.0,4.0,3.0,3.0,1.18,7.0,15.0,0.8474576271186441,0.14285714285714285,0.06666666666666667,1.72,2.1,0.5813953488372093,0.47619047619047616,H,4,1,1,1
2021-03-03,2020/21,Burnley,Leicester City,1.0,1.2,1.2,3.6,1.6,1.0,2.0,4.8,1.0,1.2,1.4,0.6,0.0,0.0,1.0,6.0,3.0,3.0,4.0,3.25,2.0,0.25,0.3076923076923077,0.5,2.1,1.72,0.47619047619047616,0.5813953488372093,D,1,1,0,1
2021-03-03,2020/21,Sheffield United,Aston Villa,0.6,1.8,0.6,3.6,0.8,1.0,1.4,3.4,1.0,1.6,0.8,1.0,0.0,0.0,1.0,1.0,3.0,4.0,3.75,3.4,2.05,0.26666666666666666,0.29411764705882354,0.48780487804878053,2.1,1.72,0.47619047619047616,0.5813953488372093,H,1,0,0,0
2021-03-03,2020/21,Crystal Palace,Manchester United,0.8,1.4,1.4,2.2,3.2,1.0,1.8,7.4,1.0,1.2,0.6,0.4,1.0,0.0,0.0,4.0,3.0,3.0,8.0,4.75,1.4,0.125,0.21052631578947367,0.7142857142857143,1.72,2.1,0.5813953488372093,0.47619047619047616,D,0,0,0,0
2021-03-04,2020/21,Fulham,Tottenham Hotspur,0.8,0.2,1.8,3.8,1.4,1.2,1.2,4.4,0.4,1.0,1.0,1.6,0.0,1.0,0.0,2.0,4.0,4.0,4.0,3.6,1.9,0.25,0.2777777777777778,0.5263157894736842,2.0,1.8,0.5,0.5555555555555556,A,0,1,0,0
2021-03-04,2020/21,West Bromwich Albion,Everton,0.6,1.0,1.0,2.6,1.4,1.6,1.4,2.8,0.8,2.4,2.0,1.0,0.0,0.0,1.0,7.0,5.0,3.0,4.33,3.6,1.83,0.23094688221709006,0.2777777777777778,0.5464480874316939,1.9,1.9,0.5263157894736842,0.5263157894736842,A,0,1,0,0
2021-03-04,2020/21,Liverpool,Chelsea,0.8,2.0,0.6,4.4,1.2,0.4,2.2,3.8,0.2,1.6,1.0,0.8,1.0,0.0,0.0,2.0,4.0,4.0,2.25,3.6,3.0,0.4444444444444444,0.2777777777777778,0.3333333333333333,1.8,2.0,0.5555555555555556,0.5,A,0,1,0,0
2021-03-06,2020/21,Sheffield United,Southampton,0.4,1.6,0.6,2.8,0.8,2.0,0.2,3.0,1.0,1.6,0.4,3.6,0.0,0.0,1.0,3.0,3.0,5.0,3.6,3.5,2.0,0.2777777777777778,0.2857142857142857,0.5,2.3,1.61,0.4347826086956522,0.6211180124223602,A,0,2,0,0
2021-03-06,2020/21,Burnley,Arsenal,1.0,1.2,1.2,3.6,1.6,1.4,1.2,3.2,0.6,1.0,2.2,1.0,1.0,0.0,0.0,1.0,3.0,6.0,5.5,4.0,1.61,0.18181818181818182,0.25,0.6211180124223602,1.97,1.93,0.5076142131979695,0.5181347150259068,D,1,1,0,1
2021-03-06,2020/21,Brighton & Hove Albion,Leicester City,0.6,0.8,1.0,5.2,1.4,1.2,1.6,4.6,1.0,1.0,1.2,0.6,0.0,0.0,1.0,3.0,7.0,3.0,2.55,3.25,2.8,0.3921568627450981,0.3076923076923077,0.35714285714285715,2.2,1.66,0.45454545454545453,0.6024096385542169,A,1,2,1,1
2021-03-06,2020/21,Aston Villa,Wolverhampton Wanderers,0.6,0.6,1.4,3.8,1.0,1.2,1.6,3.0,1.6,1.0,0.8,1.4,1.0,0.0,0.0,1.0,3.0,4.0,2.37,3.25,3.1,0.42194092827004215,0.3076923076923077,0.3225806451612903,2.1,1.72,0.47619047619047616,0.5813953488372093,D,0,0,0,0
2021-03-07,2020/21,West Bromwich Albion,Newcastle United,0.4,0.8,1.0,2.4,1.2,2.0,0.8,5.2,0.8,1.8,0.6,2.0,0.0,0.0,1.0,3.0,3.0,8.0,2.37,3.2,3.1,0.42194092827004215,0.3125,0.3225806451612903,2.2,1.66,0.45454545454545453,0.6024096385542169,D,0,0,0,0
2021-03-07,2020/21,Liverpool,Fulham,0.8,2.0,0.6,4.4,0.8,0.4,1.6,4.0,0.2,1.8,1.0,0.6,0.0,1.0,0.0,2.0,3.0,3.0,1.36,5.0,8.5,0.7352941176470588,0.2,0.11764705882352941,1.72,2.1,0.5813953488372093,0.47619047619047616,A,0,1,0,0
2021-03-07,2020/21,Manchester City,Manchester United,2.6,0.6,3.0,5.8,1.4,1.0,1.4,4.8,2.4,0.4,0.6,0.4,0.0,1.0,0.0,0.0,5.0,4.0,1.45,4.5,7.0,0.6896551724137931,0.2222222222222222,0.14285714285714285,1.72,2.1,0.5813953488372093,0.47619047619047616,A,0,2,0,0
2021-03-07,2020/21,Tottenham Hotspur,Crystal Palace,1.6,1.0,1.8,4.4,0.4,1.2,1.0,2.0,1.6,1.0,0.8,1.6,0.0,1.0,0.0,2.0,3.0,4.0,1.45,4.5,7.0,0.6896551724137931,0.2222222222222222,0.14285714285714285,1.9,1.9,0.5263157894736842,0.5263157894736842,H,4,1,1,1
2021-03-08,2020/21,Chelsea,Everton,1.2,0.4,2.2,4.4,1.0,1.0,1.8,2.8,1.0,0.6,2.0,1.0,0.0,0.0,1.0,1.0,4.0,4.0,1.53,4.0,6.5,0.6535947712418301,0.25,0.15384615384615385,1.98,1.92,0.5050505050505051,0.5208333333333334,H,2,0,0,0
2021-03-08,2020/21,West Ham United,Leeds United,1.8,0.8,2.0,5.4,1.4,1.2,1.2,5.8,1.8,1.0,1.4,2.0,1.0,0.0,0.0,3.0,9.0,9.0,2.05,3.6,3.5,0.48780487804878053,0.2777777777777778,0.2857142857142857,1.66,2.2,0.6024096385542169,0.45454545454545453,H,2,0,0,0
2021-03-10,2020/21,Manchester City,Southampton,2.0,1.0,2.4,5.8,0.8,1.4,0.8,3.0,2.0,0.8,0.8,3.2,1.0,0.0,0.0,1.0,3.0,4.0,1.18,7.5,15.0,0.8474576271186441,0.13333333333333333,0.06666666666666667,1.53,2.5,0.6535947712418301,0.4,H,5,2,1,1
2021-03-12,2020/21,Newcastle United,Aston Villa,1.0,1.6,1.0,5.2,0.4,0.6,1.0,2.4,1.4,1.8,0.8,0.8,0.0,0.0,1.0,2.0,5.0,6.0,3.8,3.3,2.05,0.2631578947368421,0.30303030303030304,0.48780487804878053,2.3,1.61,0.4347826086956522,0.6211180124223602,D,1,1,0,1
2021-03-13,2020/21,Everton,Burnley,1.0,1.0,1.8,2.6,0.6,1.4,0.8,3.8,0.6,1.6,0.8,1.4,0.0,1.0,0.0,2.0,5.0,7.0,1.83,3.5,4.5,0.5464480874316939,0.2857142857142857,0.2222222222222222,2.1,1.72,0.47619047619047616,0.5813953488372093,A,1,2,1,1
2021-03-13,2020/21,Fulham,Manchester City,0.6,0.4,1.6,4.0,2.4,1.2,2.4,6.4,0.4,1.0,3.0,0.4,0.0,0.0,1.0,2.0,6.0,3.0,10.0,5.0,1.33,0.1,0.2,0.7518796992481203,1.8,2.0,0.5555555555555556,0.5,A,0,3,1,0
2021-03-13,2020/21,Leeds United,Chelsea,1.0,1.6,0.6,4.8,1.2,0.2,2.2,5.6,1.2,0.8,1.0,0.8,0.0,0.0,1.0,4.0,5.0,5.0,4.75,4.0,1.7,0.21052631578947367,0.25,0.5882352941176471,1.8,2.0,0.5555555555555556,0.5,D,0,0,0,0
2021-03-13,2020/21,Crystal Palace,West Bromwich Albion,0.6,1.6,1.0,1.6,0.4,0.4,1.2,2.8,0.6,1.2,1.0,1.6,1.0,0.0,0.0,6.0,6.0,6.0,2.15,3.2,3.6,0.46511627906976744,0.3125,0.2777777777777778,2.37,1.57,0.42194092827004215,0.6369426751592356,H,1,0,0,0
2021-03-14,2020/21,Leicester City,Sheffield United,1.8,1.4,2.0,4.8,0.2,1.6,0.6,2.6,1.8,1.4,0.4,1.6,1.0,0.0,0.0,3.0,8.0,8.0,1.5,4.2,6.5,0.6666666666666666,0.23809523809523808,0.15384615384615385,1.9,1.9,0.5263157894736842,0.5263157894736842,H,5,0,1,0
2021-03-14,2020/21,Southampton,Brighton & Hove Albion,1.0,2.0,0.8,3.6,0.6,1.2,0.4,4.8,0.8,1.4,0.6,0.6,1.0,0.0,0.0,3.0,4.0,8.0,2.9,3.1,2.5,0.3448275862068966,0.3225806451612903,0.4,2.3,1.61,0.4347826086956522,0.6211180124223602,A,1,2,1,1
2021-03-14,2020/21,Manchester United,West Ham United,1.2,0.4,1.8,5.0,1.6,0.6,2.0,4.4,3.6,1.4,1.6,1.0,1.0,0.0,0.0,4.0,7.0,6.0,1.83,3.6,4.33,0.5464480874316939,0.2777777777777778,0.23094688221709006,1.9,1.9,0.5263157894736842,0.5263157894736842,H,1,0,0,0
2021-03-14,2020/21,Arsenal,Tottenham Hotspur,1.6,1.2,1.4,3.2,2.0,1.2,1.8,4.2,1.4,0.6,1.0,1.4,0.0,0.0,1.0,2.0,8.0,7.0,2.55,3.4,2.75,0.3921568627450981,0.29411764705882354,0.36363636363636365,1.9,1.9,0.5263157894736842,0.5263157894736842,H,2,1,1,1
2021-03-15,2020/21,Wolverhampton Wanderers,Liverpool,1.0,1.2,1.6,3.2,0.6,1.4,0.6,4.4,1.2,1.2,1.8,1.2,0.0,0.0,1.0,4.0,9.0,8.0,4.75,3.75,1.72,0.21052631578947367,0.26666666666666666,0.5813953488372093,1.9,1.9,0.5263157894736842,0.5263157894736842,A,0,1,0,0
2021-03-19,2020/21,Fulham,Leeds United,0.4,0.8,1.4,3.4,0.6,0.8,0.8,4.6,0.2,1.2,1.4,1.8,0.0,0.0,1.0,7.0,6.0,6.0,2.37,3.4,3.0,0.42194092827004215,0.29411764705882354,0.3333333333333333,2.0,1.8,0.5,0.5555555555555556,A,1,2,1,1
2021-03-20,2020/21,Brighton & Hove Albion,Newcastle United,0.8,1.2,0.8,5.6,0.6,1.4,0.6,5.0,0.6,0.8,0.6,1.4,1.0,0.0,0.0,3.0,6.0,8.0,1.66,3.5,6.0,0.6024096385542169,0.2857142857142857,0.16666666666666666,2.3,1.61,0.4347826086956522,0.6211180124223602,H,3,0,1,0
2021-03-21,2020/21,West Ham United,Arsenal,1.6,0.8,1.8,4.2,2.0,1.2,2.0,3.2,2.0,1.0,1.6,1.2,0.0,0.0,1.0,3.0,7.0,7.0,2.8,3.5,2.45,0.35714285714285715,0.2857142857142857,0.4081632653061224,1.9,1.9,0.5263157894736842,0.5263157894736842,D,3,3,1,1
2021-03-21,2020/21,Aston Villa,Tottenham Hotspur,0.6,0.8,1.0,3.4,2.2,1.0,1.8,4.2,1.0,1.0,0.6,1.6,0.45,0.25,0.3,2.6,9.0,7.0,2.9,3.3,2.45,0.3448275862068966,0.30303030303030304,0.4081632653061224,1.9,1.9,0.5263157894736842,0.5263157894736842,A,0,2,0,0
2021-04-03,2020/21,Leeds United,Sheffield United,1.0,0.8,1.4,4.0,0.2,2.0,0.6,1.6,1.2,0.6,0.4,2.2,1.0,0.0,0.0,1.0,15.0,20.0,1.5,4.33,6.5,0.6666666666666666,0.23094688221709006,0.15384615384615385,1.8,2.0,0.5555555555555556,0.5,H,2,1,1,1
2021-04-03,2020/21,Leicester City,Manchester City,2.2,1.2,2.0,5.6,2.8,1.2,2.4,7.2,2.4,1.4,2.6,0.4,1.0,0.0,0.0,7.0,20.0,21.0,6.0,4.2,1.53,0.16666666666666666,0.23809523809523808,0.6535947712418301,1.9,1.9,0.5263157894736842,0.5263157894736842,A,0,2,0,0
2021-04-03,2020/21,Chelsea,West Bromwich Albion,0.8,0.2,1.8,6.2,0.2,0.4,1.0,2.4,1.2,0.0,0.4,1.4,0.0,1.0,0.0,6.0,21.0,21.0,1.22,6.0,15.0,0.819672131147541,0.16666666666666666,0.06666666666666667,1.72,2.1,0.5813953488372093,0.47619047619047616,A,2,5,1,1
2021-04-03,2020/21,Arsenal,Liverpool,1.8,1.4,1.6,3.6,0.6,0.8,1.2,4.4,1.8,0.8,2.0,1.0,0.0,0.0,1.0,4.0,13.0,19.0,3.1,3.7,2.15,0.3225806451612903,0.27027027027027023,0.46511627906976744,1.72,2.1,0.5813953488372093,0.47619047619047616,A,0,3,1,0
2021-04-04,2020/21,Newcastle United,Tottenham Hotspur,0.6,1.6,0.6,4.4,2.4,0.6,2.4,4.0,1.4,1.6,1.0,1.4,0.0,1.0,0.0,2.0,15.0,14.0,5.5,4.0,1.6,0.18181818181818182,0.25,0.625,1.9,1.9,0.5263157894736842,0.5263157894736842,D,2,2,1,1
2021-04-04,2020/21,Southampton,Burnley,1.0,2.2,0.6,4.2,0.8,1.4,1.2,4.2,0.8,1.8,1.2,1.4,1.0,0.0,0.0,1.0,21.0,22.0,2.05,3.3,3.8,0.48780487804878053,0.30303030303030304,0.2631578947368421,2.1,1.72,0.47619047619047616,0.5813953488372093,H,3,2,1,1
2021-04-04,2020/21,Manchester United,Brighton & Hove Albion,1.2,0.2,2.2,4.4,1.4,1.2,1.2,5.0,3.4,1.2,1.0,0.6,1.0,0.0,0.0,5.0,21.0,15.0,1.61,4.0,5.5,0.6211180124223602,0.25,0.18181818181818182,1.9,1.9,0.5263157894736842,0.5263157894736842,H,2,1,1,1
2021-04-04,2020/21,Aston Villa,Fulham,0.4,0.8,1.0,3.2,0.4,1.2,0.8,3.2,0.6,1.4,1.2,0.6,1.0,0.0,0.0,3.0,14.0,16.0,2.25,3.3,3.3,0.4444444444444444,0.30303030303030304,0.30303030303030304,2.2,1.66,0.45454545454545453,0.6024096385542169,H,3,1,1,1
2021-04-05,2020/21,Everton,Crystal Palace,1.0,0.8,1.8,3.0,0.8,1.0,1.6,1.8,0.6,1.8,1.0,2.4,1.0,0.0,0.0,3.0,23.0,23.0,1.75,3.5,5.0,0.5714285714285714,0.2857142857142857,0.2,2.3,1.61,0.4347826086956522,0.6211180124223602,D,1,1,0,1
2021-04-05,2020/21,Wolverhampton Wanderers,West Ham United,0.6,1.2,1.0,3.4,1.6,1.4,1.4,3.4,1.0,1.0,1.4,1.2,0.0,0.0,1.0,4.0,21.0,15.0,2.87,3.2,2.55,0.3484320557491289,0.3125,0.3921568627450981,2.5,1.53,0.4,0.6535947712418301,A,2,3,1,1
2021-04-09,2020/21,Fulham,Wolverhampton Wanderers,0.6,1.8,0.6,3.8,0.8,1.8,0.4,3.4,0.4,1.2,0.8,1.4,0.0,0.0,1.0,1.0,5.0,4.0,2.5,3.0,3.1,0.4,0.3333333333333333,0.3225806451612903,2.5,1.53,0.4,0.6535947712418301,A,0,1,0,0
2021-04-10,2020/21,Manchester City,Leeds United,2.8,1.0,2.4,7.4,0.8,1.0,1.4,4.2,2.8,1.2,1.4,1.8,0.0,1.0,0.0,2.0,7.0,7.0,1.28,5.75,10.0,0.78125,0.17391304347826086,0.1,1.44,2.75,0.6944444444444444,0.36363636363636365,A,1,2,1,1
2021-04-10,2020/21,Liverpool,Aston Villa,1.2,0.4,1.8,4.6,0.8,1.0,1.0,3.2,0.2,1.8,0.6,0.4,0.0,0.0,1.0,9.0,7.0,6.0,1.5,4.33,6.5,0.6666666666666666,0.23094688221709006,0.15384615384615385,1.61,2.3,0.6211180124223602,0.4347826086956522,H,2,1,1,1
2021-04-10,2020/21,Crystal Palace,Chelsea,0.6,1.0,1.2,2.6,1.0,1.0,1.6,7.2,0.4,0.6,1.0,0.4,0.0,0.0,1.0,4.0,5.0,7.0,7.0,3.8,1.53,0.14285714285714285,0.2631578947368421,0.6535947712418301,2.1,1.72,0.47619047619047616,0.5813953488372093,A,1,4,1,1
2021-04-11,2020/21,Burnley,Newcastle United,1.2,2.0,1.0,5.0,0.8,1.4,0.8,4.4,0.8,0.8,0.6,1.6,0.0,0.0,1.0,4.0,7.0,7.0,2.3,3.1,3.4,0.4347826086956522,0.3225806451612903,0.29411764705882354,2.5,1.53,0.4,0.6535947712418301,A,1,2,1,1
2021-04-11,2020/21,West Ham United,Leicester City,1.8,1.6,1.4,3.8,1.8,1.4,1.4,4.6,2.2,1.4,1.4,0.6,1.0,0.0,0.0,3.0,6.0,8.0,3.0,3.3,2.37,0.3333333333333333,0.30303030303030304,0.42194092827004215,1.9,1.9,0.5263157894736842,0.5263157894736842,H,3,2,1,1
2021-04-11,2020/21,Tottenham Hotspur,Manchester United,2.0,1.0,2.0,3.6,1.0,0.2,2.2,4.4,2.2,1.0,0.6,0.2,1.0,0.0,0.0,7.0,7.0,7.0,2.87,3.4,2.45,0.3484320557491289,0.29411764705882354,0.4081632653061224,1.9,1.9,0.5263157894736842,0.5263157894736842,A,1,3,1,1
2021-04-11,2020/21,Sheffield United,Arsenal,0.4,2.2,0.6,1.4,1.8,1.8,1.6,3.8,0.8,1.4,1.6,1.6,0.0,0.0,1.0,3.0,8.0,8.0,6.5,3.75,1.57,0.15384615384615385,0.26666666666666666,0.6369426751592356,2.0,1.8,0.5,0.5555555555555556,A,0,3,1,0
2021-04-12,2020/21,West Bromwich Albion,Southampton,1.2,0.8,1.4,3.2,1.6,2.0,1.2,5.0,0.8,0.8,1.2,2.4,0.0,0.0,1.0,2.0,9.0,8.0,3.6,3.3,2.1,0.2777777777777778,0.30303030303030304,0.47619047619047616,2.0,1.8,0.5,0.5555555555555556,H,3,0,1,0
2021-04-12,2020/21,Brighton & Hove Albion,Everton,1.4,1.2,1.2,4.6,0.8,1.0,1.4,3.2,1.2,0.8,1.6,1.2,0.0,0.0,1.0,6.0,8.0,7.0,2.25,3.3,3.3,0.4444444444444444,0.30303030303030304,0.30303030303030304,2.2,1.66,0.45454545454545453,0.6024096385542169,D,0,0,0,0
2021-04-16,2020/21,Everton,Tottenham Hotspur,0.6,1.0,1.0,3.2,2.0,1.6,1.4,3.8,0.8,1.6,1.4,1.2,1.0,0.0,0.0,1.0,4.0,5.0,3.4,3.5,2.1,0.29411764705882354,0.2857142857142857,0.47619047619047616,1.9,1.9,0.5263157894736842,0.5263157894736842,D,2,2,1,1
2021-04-17,2020/21,Newcastle United,West Ham United,1.0,1.4,1.2,4.0,2.2,1.6,2.0,4.0,1.6,1.6,1.4,1.2,1.0,0.0,0.0,2.0,6.0,6.0,3.5,3.5,2.05,0.2857142857142857,0.2857142857142857,0.48780487804878053,1.9,1.9,0.5263157894736842,0.5263157894736842,H,3,2,1,1
2021-04-17,2020/21,Wolverhampton Wanderers,Sheffield United,0.8,1.6,0.8,3.2,0.4,2.4,0.6,1.4,1.0,1.0,0.2,2.4,1.0,0.0,0.0,2.0,8.0,6.0,1.66,3.5,5.75,0.6024096385542169,0.2857142857142857,0.17391304347826086,2.3,1.61,0.4347826086956522,0.6211180124223602,H,1,0,0,0
2021-04-18,2020/21,Arsenal,Fulham,1.8,1.6,1.6,4.0,0.6,1.8,0.6,3.8,1.2,1.4,1.0,0.8,1.0,0.0,0.0,3.0,7.0,9.0,1.7,3.8,4.8,0.5882352941176471,0.2631578947368421,0.20833333333333334,2.0,1.8,0.5,0.5555555555555556,D,1,1,0,1
2021-04-18,2020/21,Manchester United,Burnley,1.6,0.4,2.6,5.0,1.4,1.6,1.0,5.2,3.6,1.0,1.4,2.0,1.0,0.0,0.0,1.0,7.0,7.0,1.33,5.25,9.0,0.7518796992481203,0.19047619047619047,0.1111111111111111,1.72,2.1,0.5813953488372093,0.47619047619047616,H,3,1,1,1
2021-04-19,2020/21,Leeds United,Liverpool,1.2,1.0,2.0,4.0,1.2,0.6,1.8,5.0,1.4,0.4,2.0,0.8,0.0,0.0,1.0,7.0,9.0,9.0,4.5,4.33,1.66,0.2222222222222222,0.23094688221709006,0.6024096385542169,1.53,2.5,0.6535947712418301,0.4,D,1,1,0,1
2021-04-20,2020/21,Chelsea,Brighton & Hove Albion,1.8,1.2,2.0,8.0,1.4,1.0,1.4,4.0,1.6,1.0,1.0,1.0,1.0,0.0,0.0,4.0,10.0,8.0,1.57,4.0,6.0,0.6369426751592356,0.25,0.16666666666666666,2.2,1.66,0.45454545454545453,0.6024096385542169,D,0,0,0,0
2021-04-21,2020/21,Tottenham Hotspur,Southampton,1.6,1.8,1.0,3.4,1.6,2.4,1.2,5.6,2.2,1.0,0.8,2.4,1.0,0.0,0.0,7.0,5.0,9.0,1.75,3.8,4.5,0.5714285714285714,0.2631578947368421,0.2222222222222222,1.72,2.1,0.5813953488372093,0.47619047619047616,H,2,1,1,1
2021-04-21,2020/21,Aston Villa,Manchester City,1.0,1.2,1.0,3.4,2.2,1.2,1.8,6.8,1.0,1.0,2.6,0.4,0.0,0.0,1.0,2.0,11.0,11.0,9.0,4.75,1.36,0.1111111111111111,0.21052631578947367,0.7352941176470588,1.66,2.2,0.6024096385542169,0.45454545454545453,A,1,2,1,1
2021-04-22,2020/21,Leicester City,West Bromwich Albion,2.0,1.4,1.4,5.0,1.6,0.8,1.4,4.0,2.0,1.8,1.2,1.4,1.0,0.0,0.0,3.0,11.0,10.0,1.53,3.8,6.0,0.6535947712418301,0.2631578947368421,0.16666666666666666,1.9,1.9,0.5263157894736842,0.5263157894736842,H,3,0,1,0
2021-04-23,2020/21,Arsenal,Everton,1.8,1.6,1.6,4.4,0.8,1.4,0.6,4.0,1.4,1.6,1.2,1.0,0.0,0.0,1.0,3.0,5.0,7.0,2.0,3.5,3.75,0.5,0.2857142857142857,0.26666666666666666,2.0,1.8,0.5,0.5555555555555556,A,0,1,0,0
2021-04-24,2020/21,Liverpool,Newcastle United,1.4,0.6,2.0,6.2,1.6,1.8,1.6,4.6,0.6,1.8,0.6,1.8,0.0,1.0,0.0,0.0,5.0,7.0,1.22,6.5,12.0,0.819672131147541,0.15384615384615385,0.08333333333333333,1.53,2.5,0.6535947712418301,0.4,D,1,1,0,1
2021-04-24,2020/21,West Ham United,Chelsea,2.2,2.2,1.4,4.2,1.6,1.2,1.6,7.8,2.6,1.2,1.6,0.6,0.0,0.0,1.0,3.0,7.0,4.0,4.75,3.6,1.75,0.21052631578947367,0.2777777777777778,0.5714285714285714,2.0,1.8,0.5,0.5555555555555556,A,0,1,0,0
2021-04-24,2020/21,Sheffield United,Brighton & Hove Albion,0.2,2.6,0.0,1.4,1.2,0.6,1.6,4.0,0.4,1.8,0.8,1.0,0.0,1.0,0.0,2.0,7.0,4.0,5.25,3.4,1.75,0.19047619047619047,0.29411764705882354,0.5714285714285714,2.37,1.57,0.42194092827004215,0.6369426751592356,H,1,0,0,0
2021-04-25,2020/21,Wolverhampton Wanderers,Burnley,0.8,0.8,1.4,4.0,1.4,2.0,0.8,4.4,0.8,0.8,1.6,2.2,0.0,0.0,1.0,3.0,8.0,7.0,2.0,3.4,3.9,0.5,0.29411764705882354,0.25641025641025644,2.3,1.61,0.4347826086956522,0.6211180124223602,A,0,4,1,0
2021-04-25,2020/21,Leeds United,Manchester United,1.4,0.8,2.2,4.6,2.2,0.6,3.0,6.6,1.2,0.6,1.2,0.4,0.0,0.0,1.0,8.0,6.0,7.0,4.0,4.2,1.75,0.25,0.23809523809523808,0.5714285714285714,1.57,2.37,0.6369426751592356,0.42194092827004215,D,0,0,0,0
2021-04-25,2020/21,Aston Villa,West Bromwich Albion,1.2,1.6,0.8,3.8,1.6,1.2,1.4,3.6,1.0,1.4,1.0,1.6,1.0,0.0,0.0,3.0,4.0,3.0,1.85,3.6,4.2,0.5405405405405405,0.2777777777777778,0.23809523809523808,1.9,1.9,0.5263157894736842,0.5263157894736842,D,2,2,1,1
2021-04-26,2020/21,Leicester City,Crystal Palace,2.4,1.2,1.8,5.6,0.8,1.8,1.0,2.8,2.4,1.2,1.2,1.8,0.0,1.0,0.0,2.0,4.0,16.0,1.4,4.33,8.5,0.7142857142857143,0.23094688221709006,0.11764705882352941,2.0,1.8,0.5,0.5555555555555556,H,2,1,1,1
2021-04-30,2020/21,Southampton,Leicester City,1.4,2.8,0.6,5.6,2.4,1.2,1.8,5.8,1.2,1.6,1.4,1.2,0.0,0.0,1.0,2.0,9.0,4.0,3.8,3.8,1.9,0.2631578947368421,0.2631578947368421,0.5263157894736842,1.9,1.9,0.5263157894736842,0.5263157894736842,D,1,1,0,1
2021-05-01,2020/21,Crystal Palace,Manchester City,1.0,2.2,0.8,2.8,2.6,1.0,2.4,6.2,0.4,1.4,2.2,0.4,0.0,0.0,1.0,4.0,5.0,10.0,10.0,5.0,1.33,0.1,0.2,0.7518796992481203,1.72,2.1,0.5813953488372093,0.47619047619047616,A,0,2,0,0
2021-05-01,2020/21,Brighton & Hove Albion,Leeds United,0.8,0.6,1.0,3.6,1.4,0.8,2.2,4.4,1.0,0.8,1.2,1.8,1.0,0.0,0.0,1.0,7.0,6.0,2.05,3.5,3.5,0.48780487804878053,0.2857142857142857,0.2857142857142857,1.9,1.9,0.5263157894736842,0.5263157894736842,H,2,0,0,0
2021-05-01,2020/21,Chelsea,Fulham,1.4,1.2,1.6,7.2,0.6,2.0,0.2,3.4,1.2,1.0,0.8,1.0,1.0,0.0,0.0,1.0,7.0,13.0,1.44,4.4,7.5,0.6944444444444444,0.22727272727272727,0.13333333333333333,2.0,1.8,0.5,0.5555555555555556,H,2,0,0,0
2021-05-01,2020/21,Everton,Aston Villa,1.0,1.0,1.2,4.0,1.4,1.8,0.8,4.8,1.2,1.6,0.6,0.8,0.45,0.25,0.3,2.6,8.0,6.0,1.95,3.6,3.8,0.5128205128205129,0.2777777777777778,0.2631578947368421,1.94,1.96,0.5154639175257733,0.5102040816326531,A,1,2,1,1
2021-05-02,2020/21,Newcastle United,Arsenal,1.6,1.8,1.6,4.8,1.4,1.6,1.0,4.4,2.0,1.6,2.0,1.2,0.0,0.0,1.0,3.0,8.0,9.0,3.6,3.6,2.0,0.2777777777777778,0.2777777777777778,0.5,1.72,2.1,0.5813953488372093,0.47619047619047616,A,0,2,0,0
2021-05-02,2020/21,Tottenham Hotspur,Sheffield United,1.8,1.6,1.6,3.4,0.4,2.2,0.6,1.6,2.6,1.0,0.2,2.4,1.0,0.0,0.0,4.0,11.0,8.0,1.25,6.0,12.0,0.8,0.16666666666666666,0.08333333333333333,1.72,2.1,0.5813953488372093,0.47619047619047616,H,4,0,1,0
2021-05-03,2020/21,West Bromwich Albion,Wolverhampton Wanderers,2.0,1.6,1.4,3.8,0.8,1.6,1.2,4.0,1.0,0.4,1.0,1.2,1.0,0.0,0.0,5.0,8.0,8.0,2.9,3.2,2.5,0.3448275862068966,0.3125,0.4,2.2,1.66,0.45454545454545453,0.6024096385542169,D,1,1,0,1
2021-05-03,2020/21,Burnley,West Ham United,2.0,1.8,1.2,4.8,2.2,2.2,1.4,4.6,0.8,1.0,1.2,1.6,0.0,0.0,1.0,1.0,8.0,9.0,3.1,3.6,2.2,0.3225806451612903,0.2777777777777778,0.45454545454545453,1.9,1.9,0.5263157894736842,0.5263157894736842,A,1,2,1,1
2021-05-07,2020/21,Leicester City,Newcastle United,1.6,1.4,1.4,5.6,1.6,1.6,1.6,4.8,2.2,1.2,0.8,1.6,1.0,0.0,0.0,3.0,7.0,5.0,1.4,4.75,8.0,0.7142857142857143,0.21052631578947367,0.125,1.72,2.1,0.5813953488372093,0.47619047619047616,A,2,4,1,1
2021-05-08,2020/21,Leeds United,Tottenham Hotspur,1.0,1.0,1.6,4.0,2.2,1.6,1.6,5.0,0.6,0.6,1.6,1.2,0.0,0.0,1.0,3.0,7.0,6.0,3.4,3.8,2.0,0.29411764705882354,0.2631578947368421,0.5,1.66,2.2,0.6024096385542169,0.45454545454545453,H,3,1,1,1
2021-05-08,2020/21,Sheffield United,Crystal Palace,0.4,2.0,0.6,1.8,0.8,1.8,0.8,3.4,0.4,1.4,1.0,2.0,0.0,0.0,1.0,2.0,6.0,7.0,3.0,3.2,2.45,0.3333333333333333,0.3125,0.4081632653061224,2.3,1.61,0.4347826086956522,0.6211180124223602,A,0,2,0,0
2021-05-08,2020/21,Manchester City,Chelsea,2.0,0.6,2.4,4.8,1.8,1.2,2.0,6.6,2.4,1.6,1.4,0.4,1.0,0.0,0.0,4.0,7.0,7.0,1.9,3.4,4.2,0.5263157894736842,0.29411764705882354,0.23809523809523808,2.2,1.66,0.45454545454545453,0.6024096385542169,A,1,2,1,1
2021-05-08,2020/21,Liverpool,Southampton,1.6,0.6,2.2,7.4,1.2,2.0,0.8,5.0,0.6,1.2,1.0,2.2,0.0,0.0,1.0,1.0,14.0,8.0,1.25,6.0,11.0,0.8,0.16666666666666666,0.09090909090909091,1.44,2.75,0.6944444444444444,0.36363636363636365,H,2,0,0,0
2021-05-09,2020/21,Wolverhampton Wanderers,Brighton & Hove Albion,1.0,1.6,1.4,5.0,0.6,0.6,1.0,3.4,0.8,1.6,0.6,1.0,0.0,1.0,0.0,6.0,6.0,8.0,3.3,3.3,2.2,0.30303030303030304,0.30303030303030304,0.45454545454545453,2.3,1.61,0.4347826086956522,0.6211180124223602,H,2,1,1,1
2021-05-09,2020/21,Aston Villa,Manchester United,1.8,1.6,1.4,5.6,1.8,0.6,2.6,6.2,1.2,1.4,1.0,0.2,0.0,0.0,1.0,3.0,8.0,14.0,4.2,3.8,1.8,0.23809523809523808,0.2631578947368421,0.5555555555555556,1.72,2.1,0.5813953488372093,0.47619047619047616,A,1,3,1,1
2021-05-09,2020/21,West Ham United,Everton,2.0,1.8,1.8,4.4,1.0,1.0,1.2,3.8,2.0,1.4,0.8,0.4,1.0,0.0,0.0,1.0,6.0,8.0,2.2,3.5,3.2,0.45454545454545453,0.2857142857142857,0.3125,1.92,1.98,0.5208333333333334,0.5050505050505051,A,0,1,0,0
2021-05-09,2020/21,Arsenal,West Bromwich Albion,1.2,1.0,1.4,4.0,2.2,1.6,1.6,4.4,0.6,1.4,1.4,1.6,1.0,0.0,0.0,4.0,7.0,6.0,1.44,4.5,7.0,0.6944444444444444,0.2222222222222222,0.14285714285714285,1.72,2.1,0.5813953488372093,0.47619047619047616,H,3,1,1,1
2021-05-10,2020/21,Fulham,Burnley,0.6,1.8,0.2,4.0,1.8,2.0,0.6,4.4,0.4,1.4,1.8,2.2,0.0,1.0,0.0,2.0,9.0,7.0,2.2,3.4,3.3,0.45454545454545453,0.29411764705882354,0.30303030303030304,2.0,1.8,0.5,0.5555555555555556,A,0,2,0,0
2021-05-11,2020/21,Manchester United,Leicester City,2.2,0.8,2.6,6.8,2.0,1.8,1.4,7.0,2.4,1.2,1.6,1.4,0.0,1.0,0.0,4.0,2.0,4.0,2.5,3.4,2.8,0.4,0.29411764705882354,0.35714285714285715,1.9,1.9,0.5263157894736842,0.5263157894736842,A,1,2,1,1
2021-05-11,2020/21,Southampton,Crystal Palace,1.0,2.0,0.8,5.4,1.0,1.8,0.8,4.2,1.4,1.6,1.4,1.6,0.0,0.0,1.0,1.0,3.0,3.0,2.05,3.6,3.5,0.48780487804878053,0.2777777777777778,0.2857142857142857,1.9,1.9,0.5263157894736842,0.5263157894736842,H,3,1,1,1
2021-05-12,2020/21,Chelsea,Arsenal,1.8,0.4,2.6,6.0,1.8,0.6,2.0,5.0,1.2,1.0,2.4,1.0,0.0,0.0,1.0,4.0,4.0,3.0,1.65,4.0,5.0,0.6060606060606061,0.25,0.2,2.0,1.8,0.5,0.5555555555555556,A,0,1,0,0
2021-05-13,2020/21,Aston Villa,Everton,1.4,2.0,0.8,5.8,1.0,0.8,1.6,3.0,1.4,2.0,0.6,0.4,1.0,0.0,0.0,3.0,4.0,4.0,2.7,3.4,2.6,0.37037037037037035,0.29411764705882354,0.3846153846153846,1.86,2.04,0.5376344086021505,0.49019607843137253,D,0,0,0,0
2021-05-13,2020/21,Manchester United,Liverpool,2.0,1.0,2.0,5.6,1.8,0.6,2.2,7.8,2.0,1.0,1.6,0.8,0.0,1.0,0.0,0.0,2.0,5.0,3.0,3.75,2.2,0.3333333333333333,0.26666666666666666,0.45454545454545453,1.72,2.1,0.5813953488372093,0.47619047619047616,A,2,4,1,1
2021-05-14,2020/21,Newcastle United,Manchester City,2.0,1.6,2.0,4.8,1.6,1.0,1.8,4.2,1.4,1.6,2.0,0.2,0.0,0.0,1.0,2.0,7.0,6.0,11.0,6.0,1.25,0.09090909090909091,0.16666666666666666,0.8,1.53,2.5,0.6535947712418301,0.4,A,3,4,1,1
2021-05-15,2020/21,Burnley,Leeds United,1.8,1.4,1.2,4.4,1.2,1.0,1.6,3.8,0.8,1.2,0.8,1.4,0.0,0.0,1.0,1.0,5.0,7.0,3.2,3.75,2.1,0.3125,0.26666666666666666,0.47619047619047616,1.66,2.2,0.6024096385542169,0.45454545454545453,A,0,4,1,0
2021-05-15,2020/21,Southampton,Fulham,1.0,1.8,0.8,4.8,0.4,1.8,0.2,3.4,1.8,1.4,0.6,1.2,0.0,1.0,0.0,0.0,4.0,5.0,2.0,3.6,3.6,0.5,0.2777777777777778,0.2777777777777778,1.9,1.9,0.5263157894736842,0.5263157894736842,H,3,1,1,1
2021-05-15,2020/21,Brighton & Hove Albion,West Ham United,0.6,0.6,1.0,3.4,1.4,1.6,1.2,3.2,1.4,0.8,1.6,1.8,0.0,1.0,0.0,4.0,6.0,6.0,2.9,3.6,2.3,0.3448275862068966,0.2777777777777778,0.4347826086956522,2.0,1.8,0.5,0.5555555555555556,D,1,1,0,1
2021-05-16,2020/21,Crystal Palace,Aston Villa,1.0,2.2,0.6,3.8,1.2,1.6,1.0,5.2,0.4,1.2,1.0,1.0,0.0,0.0,1.0,3.0,5.0,3.0,3.0,3.6,2.25,0.3333333333333333,0.2777777777777778,0.4444444444444444,1.9,1.9,0.5263157894736842,0.5263157894736842,H,3,2,1,1
2021-05-16,2020/21,Tottenham Hotspur,Wolverhampton Wanderers,2.0,1.8,1.4,4.6,1.0,1.2,2.0,5.2,3.0,1.0,0.8,1.2,0.0,1.0,0.0,2.0,8.0,7.0,1.5,4.33,6.5,0.6666666666666666,0.23094688221709006,0.15384615384615385,1.8,2.0,0.5555555555555556,0.5,H,2,0,0,0
2021-05-16,2020/21,West Bromwich Albion,Liverpool,1.4,1.8,1.0,3.2,2.0,1.0,2.2,8.0,1.0,0.4,2.2,0.6,0.0,1.0,0.0,2.0,7.0,3.0,12.0,6.5,1.22,0.08333333333333333,0.15384615384615385,0.819672131147541,1.4,3.0,0.7142857142857143,0.3333333333333333,A,1,2,1,1
2021-05-16,2020/21,Everton,Sheffield United,1.0,0.8,1.6,3.8,0.2,2.0,0.6,1.6,1.2,1.4,0.2,2.6,1.0,0.0,0.0,1.0,3.0,8.0,1.36,4.75,8.5,0.7352941176470588,0.21052631578947367,0.11764705882352941,1.8,2.0,0.5555555555555556,0.5,A,0,1,0,0
2021-05-18,2020/21,Manchester United,Fulham,1.8,1.6,1.4,4.8,0.4,1.8,0.2,2.6,1.8,1.6,0.8,1.8,1.0,0.0,0.0,3.0,5.0,3.0,1.28,6.0,9.0,0.78125,0.16666666666666666,0.1111111111111111,1.57,2.37,0.6369426751592356,0.42194092827004215,D,1,1,0,1
2021-05-18,2020/21,Southampton,Leeds United,1.6,1.4,1.4,5.4,1.6,0.8,1.6,4.6,2.2,1.4,1.6,1.2,0.0,0.0,1.0,3.0,3.0,3.0,2.55,3.9,2.5,0.3921568627450981,0.25641025641025644,0.4,1.5,2.62,0.6666666666666666,0.38167938931297707,A,0,2,0,0
2021-05-18,2020/21,Brighton & Hove Albion,Manchester City,0.8,0.8,1.0,3.2,2.0,1.6,1.8,4.6,1.4,0.6,2.6,0.8,0.0,0.0,1.0,1.0,3.0,4.0,7.0,4.5,1.45,0.14285714285714285,0.2222222222222222,0.6896551724137931,1.72,2.1,0.5813953488372093,0.47619047619047616,H,3,2,1,1
2021-05-18,2020/21,Chelsea,Leicester City,1.0,0.4,2.0,5.0,2.0,1.4,2.0,6.6,1.2,1.2,1.6,1.4,0.0,0.0,1.0,2.0,6.0,7.0,1.7,3.75,5.0,0.5882352941176471,0.26666666666666666,0.2,2.1,1.72,0.47619047619047616,0.5813953488372093,H,2,1,1,1
2021-05-19,2020/21,Everton,Wolverhampton Wanderers,0.6,0.6,1.4,3.6,0.8,1.6,1.4,5.2,1.0,1.6,0.6,1.4,1.0,0.0,0.0,3.0,3.0,3.0,1.85,3.6,4.2,0.5405405405405405,0.2777777777777778,0.23809523809523808,2.0,1.8,0.5,0.5555555555555556,H,1,0,0,0
2021-05-19,2020/21,Newcastle United,Sheffield United,2.2,2.2,1.4,4.8,0.4,1.4,1.2,1.8,1.8,2.2,0.4,2.4,0.0,0.0,1.0,1.0,5.0,3.0,1.72,3.8,4.75,0.5813953488372093,0.2631578947368421,0.21052631578947367,1.8,2.0,0.5555555555555556,0.5,H,1,0,0,0
2021-05-19,2020/21,Tottenham Hotspur,Aston Villa,2.2,1.2,2.0,6.6,1.4,1.8,1.0,5.6,2.6,1.0,1.2,1.6,1.0,0.0,0.0,2.0,3.0,3.0,1.5,4.5,6.0,0.6666666666666666,0.2222222222222222,0.16666666666666666,1.53,2.5,0.6535947712418301,0.4,A,1,2,1,1
2021-05-19,2020/21,Crystal Palace,Arsenal,1.4,1.8,1.2,5.2,1.4,0.6,2.0,4.4,1.0,1.6,2.0,0.8,0.0,1.0,0.0,0.0,3.0,7.0,6.0,4.5,1.5,0.16666666666666666,0.2222222222222222,0.6666666666666666,1.72,2.1,0.5813953488372093,0.47619047619047616,A,1,3,1,1
2021-05-19,2020/21,Burnley,Liverpool,1.6,1.8,1.2,4.4,2.0,1.0,2.2,7.2,0.8,2.0,2.2,0.8,1.0,0.0,0.0,1.0,4.0,3.0,11.0,7.0,1.22,0.09090909090909091,0.14285714285714285,0.819672131147541,1.33,3.4,0.7518796992481203,0.29411764705882354,A,0,3,1,0
2021-05-19,2020/21,West Bromwich Albion,West Ham United,1.0,2.2,0.4,2.6,1.0,1.4,0.8,3.0,1.0,0.8,1.6,1.6,0.0,0.0,1.0,3.0,3.0,4.0,5.0,4.33,1.6,0.2,0.23094688221709006,0.625,1.57,2.37,0.6369426751592356,0.42194092827004215,A,1,3,1,1
2021-05-23,2020/21,Leicester City,Tottenham Hotspur,1.6,1.8,1.4,5.8,2.0,1.2,1.8,6.8,2.4,1.4,1.6,1.8,1.0,0.0,0.0,2.0,5.0,4.0,2.0,4.0,3.3,0.5,0.25,0.30303030303030304,1.57,2.37,0.6369426751592356,0.42194092827004215,A,2,4,1,1
2021-05-23,2020/21,Arsenal,Brighton & Hove Albion,1.8,0.6,2.4,4.0,1.4,1.2,1.4,4.0,1.2,1.4,0.8,1.2,1.0,0.0,0.0,1.0,4.0,5.0,1.57,4.33,5.25,0.6369426751592356,0.23094688221709006,0.19047619047619047,1.72,2.1,0.5813953488372093,0.47619047619047616,H,2,0,0,0
2021-05-23,2020/21,Aston Villa,Chelsea,1.4,1.6,1.4,4.2,1.4,0.6,2.4,5.4,1.4,1.6,1.6,0.4,0.0,1.0,0.0,2.0,4.0,5.0,6.5,4.6,1.45,0.15384615384615385,0.2173913043478261,0.6896551724137931,1.66,2.2,0.6024096385542169,0.45454545454545453,H,2,1,1,1
2021-05-23,2020/21,Fulham,Newcastle United,0.6,1.8,0.4,3.0,1.8,1.8,1.4,4.2,0.2,1.8,1.4,1.4,0.0,1.0,0.0,2.0,5.0,4.0,2.05,3.8,3.3,0.48780487804878053,0.2631578947368421,0.30303030303030304,1.61,2.3,0.6211180124223602,0.4347826086956522,A,0,2,0,0
2021-05-23,2020/21,Leeds United,West Bromwich Albion,1.8,0.6,2.0,5.0,1.2,2.2,0.4,3.2,1.2,0.6,1.6,2.2,1.0,0.0,0.0,5.0,5.0,4.0,1.4,5.25,6.5,0.7142857142857143,0.19047619047619047,0.15384615384615385,1.4,3.0,0.7142857142857143,0.3333333333333333,H,3,1,1,1
2021-05-23,2020/21,Manchester City,Everton,2.2,1.8,1.8,4.0,0.6,0.6,1.4,4.2,2.2,1.8,0.4,0.4,1.0,0.0,0.0,4.0,5.0,4.0,1.44,5.0,6.5,0.6944444444444444,0.2,0.15384615384615385,1.61,2.3,0.6211180124223602,0.4347826086956522,H,5,0,1,0
2021-05-23,2020/21,Sheffield United,Burnley,0.4,1.4,1.2,1.6,1.4,1.8,1.2,4.6,0.4,1.4,2.2,1.4,0.0,0.0,1.0,1.0,4.0,4.0,2.8,3.6,2.4,0.35714285714285715,0.2777777777777778,0.4166666666666667,1.72,2.1,0.5813953488372093,0.47619047619047616,H,1,0,0,0
2021-05-23,2020/21,West Ham United,Southampton,1.2,1.0,1.4,3.6,1.4,1.4,1.4,5.0,1.6,1.4,1.0,2.4,0.0,1.0,0.0,0.0,4.0,5.0,1.65,4.0,5.0,0.6060606060606061,0.25,0.2,1.61,2.3,0.6211180124223602,0.4347826086956522,H,3,0,1,0
2021-05-23,2020/21,Wolverhampton Wanderers,Manchester United,0.6,1.8,0.8,4.8,1.4,1.6,1.0,4.2,1.0,1.8,1.6,0.4,0.0,0.0,1.0,1.0,4.0,5.0,2.5,3.5,2.7,0.4,0.2857142857142857,0.37037037037037035,1.72,2.1,0.5813953488372093,0.47619047619047616,A,1,2,1,1
2021-05-23,2020/21,Liverpool,Crystal Palace,2.4,0.8,2.6,6.4,1.4,2.0,1.2,6.0,1.0,0.8,1.2,2.0,1.0,0.0,0.0,7.0,4.0,4.0,1.14,8.5,15.0,0.8771929824561404,0.11764705882352941,0.06666666666666667,1.36,3.2,0.7352941176470588,0.3125,H,2,0,0,0
2021-08-13,2021/22,Brentford,Arsenal,1.4,1.4,1.3,4.5,2.2,0.4,3.0,4.4,1.4,1.4,2.4,0.8,0.45,0.25,0.3,2.6,7.0,82.0,4.0,3.4,1.95,0.25,0.29411764705882354,0.5128205128205129,2.1,1.72,0.47619047619047616,0.5813953488372093,H,2,0,0,0
2021-08-14,2021/22,Burnley,Brighton & Hove Albion,0.6,2.0,0.6,3.8,1.4,1.4,1.4,3.4,0.6,2.4,0.4,1.4,0.0,1.0,0.0,1.0,83.0,83.0,3.1,3.1,2.45,0.3225806451612903,0.3225806451612903,0.4081632653061224,2.5,1.53,0.4,0.6535947712418301,A,1,2,1,1
2021-08-14,2021/22,Chelsea,Crystal Palace,1.4,1.0,1.8,5.6,1.4,2.0,1.2,6.0,1.2,1.4,1.0,1.6,1.0,0.0,0.0,4.5,83.0,83.0,1.25,5.75,13.0,0.8,0.17391304347826086,0.07692307692307693,1.8,2.0,0.5555555555555556,0.5,H,3,0,1,0
2021-08-14,2021/22,Manchester United,Leeds United,1.8,1.8,1.4,4.2,2.4,0.8,2.4,6.2,1.8,1.8,2.0,0.8,0.5,0.5,0.0,4.0,83.0,83.0,1.53,4.5,5.75,0.6535947712418301,0.2222222222222222,0.17391304347826086,1.61,2.3,0.6211180124223602,0.4347826086956522,H,5,1,1,1
2021-08-14,2021/22,Everton,Southampton,0.4,1.2,1.4,4.2,1.2,1.8,1.2,5.4,1.0,1.2,0.6,3.0,0.5,0.0,0.5,1.5,83.0,83.0,1.9,3.5,4.0,0.5263157894736842,0.2857142857142857,0.25,2.0,1.8,0.5,0.5555555555555556,H,3,1,1,1
2021-08-14,2021/22,Norwich City,Liverpool,1.4,1.4,1.3,4.5,2.6,0.6,3.0,5.6,1.4,1.4,2.6,0.8,0.45,0.25,0.3,2.6,7.0,83.0,9.0,5.75,1.3,0.1111111111111111,0.17391304347826086,0.7692307692307692,1.53,2.5,0.6535947712418301,0.4,A,0,3,1,0
2021-08-14,2021/22,Leicester City,Wolverhampton Wanderers,1.6,2.4,0.8,6.0,0.8,1.4,0.8,5.2,1.8,2.2,0.4,0.8,0.5,0.5,0.0,0.5,83.0,83.0,1.66,3.8,5.25,0.6024096385542169,0.2631578947368421,0.19047619047619047,2.09,1.84,0.47846889952153115,0.5434782608695652,H,1,0,0,0
2021-08-14,2021/22,Watford,Aston Villa,1.4,1.4,1.3,4.5,1.4,1.6,1.4,3.8,1.4,1.4,1.6,1.6,0.45,0.25,0.3,2.6,7.0,83.0,3.1,3.2,2.37,0.3225806451612903,0.3125,0.42194092827004215,2.0,1.8,0.5,0.5555555555555556,H,3,2,1,1
2021-08-15,2021/22,Newcastle United,West Ham United,2.0,1.6,1.8,4.2,1.8,0.8,2.0,4.6,1.8,2.0,2.2,1.6,1.0,0.0,0.0,3.5,84.0,84.0,3.2,3.5,2.2,0.3125,0.2857142857142857,0.45454545454545453,1.99,1.94,0.5025125628140703,0.5154639175257733,A,2,4,1,1
2021-08-15,2021/22,Tottenham Hotspur,Manchester City,2.4,1.4,1.8,7.0,2.8,1.6,1.8,5.6,2.0,1.2,2.4,1.4,0.5,0.0,0.5,2.5,84.0,84.0,5.5,4.2,1.6,0.18181818181818182,0.23809523809523808,0.625,1.89,2.04,0.5291005291005292,0.49019607843137253,H,1,0,0,0
2021-08-21,2021/22,Liverpool,Burnley,2.8,0.6,3.0,6.0,0.6,2.0,0.6,3.8,1.4,0.6,1.8,1.4,0.5,0.0,0.5,2.0,7.0,7.0,1.18,7.5,13.0,0.8474576271186441,0.13333333333333333,0.07692307692307693,1.53,2.5,0.6535947712418301,0.4,H,2,0,0,0
2021-08-21,2021/22,Aston Villa,Newcastle United,1.6,1.6,1.4,3.2,2.4,2.0,1.8,4.6,1.2,1.6,1.8,1.4,0.5,0.5,0.0,2.0,7.0,6.0,1.8,3.75,4.33,0.5555555555555556,0.26666666666666666,0.23094688221709006,1.72,2.1,0.5813953488372093,0.47619047619047616,H,2,0,0,0
2021-08-21,2021/22,Crystal Palace,Brentford,1.0,2.6,0.6,4.6,2.0,0.0,3.0,3.0,1.2,2.2,1.4,1.4,0.45,0.25,0.3,2.6,7.0,8.0,2.55,3.2,2.87,0.3921568627450981,0.3125,0.3484320557491289,2.3,1.61,0.4347826086956522,0.6211180124223602,D,0,0,0,0
2021-08-21,2021/22,Leeds United,Everton,2.6,1.4,2.4,6.4,0.8,1.4,1.4,4.8,1.8,0.8,0.4,1.0,0.5,0.0,0.5,2.0,7.0,7.0,2.37,3.4,3.0,0.42194092827004215,0.29411764705882354,0.3333333333333333,1.72,2.1,0.5813953488372093,0.47619047619047616,D,2,2,1,1
2021-08-21,2021/22,Manchester City,Norwich City,2.4,1.8,1.2,5.8,0.0,3.0,0.0,3.0,2.4,1.6,1.4,1.4,0.45,0.25,0.3,2.6,6.0,7.0,1.08,11.0,26.0,0.9259259259259258,0.09090909090909091,0.038461538461538464,1.33,3.4,0.7518796992481203,0.29411764705882354,H,5,0,1,0
2021-08-21,2021/22,Brighton & Hove Albion,Watford,1.4,1.6,1.4,4.0,3.0,2.0,3.0,7.0,1.8,0.6,1.4,1.4,0.45,0.25,0.3,2.6,7.0,7.0,1.7,3.5,5.75,0.5882352941176471,0.2857142857142857,0.17391304347826086,2.2,1.66,0.45454545454545453,0.6024096385542169,H,2,0,0,0
2021-08-22,2021/22,Wolverhampton Wanderers,Tottenham Hotspur,0.6,1.4,0.6,3.8,1.8,1.4,1.8,5.4,1.2,2.0,2.2,1.8,0.0,0.5,0.5,2.0,8.0,7.0,3.2,3.2,2.35,0.3125,0.3125,0.425531914893617,2.2,1.66,0.45454545454545453,0.6024096385542169,A,0,1,0,0
2021-08-22,2021/22,Arsenal,Chelsea,1.8,0.8,2.4,4.2,1.6,1.0,1.8,5.8,1.2,1.2,1.6,0.8,1.0,0.0,0.0,2.5,9.0,8.0,4.75,3.75,1.72,0.21052631578947367,0.26666666666666666,0.5813953488372093,2.1,1.72,0.47619047619047616,0.5813953488372093,A,0,2,0,0
2021-08-22,2021/22,Southampton,Manchester United,1.4,2.0,1.2,4.8,2.2,1.8,1.4,4.4,2.0,1.4,2.0,0.6,0.0,0.0,1.0,7.0,8.0,8.0,5.5,4.2,1.57,0.18181818181818182,0.23809523809523808,0.6369426751592356,1.72,2.1,0.5813953488372093,0.47619047619047616,D,1,1,0,1
2021-08-23,2021/22,West Ham United,Leicester City,2.2,1.0,2.0,5.6,1.6,2.2,1.2,5.2,1.8,1.4,1.6,1.6,1.0,0.0,0.0,4.0,8.0,9.0,2.5,3.5,2.75,0.4,0.2857142857142857,0.36363636363636365,1.8,2.0,0.5555555555555556,0.5,H,4,1,1,1
2021-08-28,2021/22,West Ham United,Crystal Palace,3.0,1.0,2.6,7.0,0.8,2.0,0.8,4.2,2.0,1.0,0.8,2.0,0.5,0.5,0.0,3.5,5.0,7.0,1.55,4.0,6.5,0.6451612903225806,0.25,0.15384615384615385,1.9,1.9,0.5263157894736842,0.5263157894736842,D,2,2,1,1
2021-08-28,2021/22,Liverpool,Chelsea,2.4,0.2,3.0,6.2,1.6,0.8,1.8,5.8,1.8,0.4,2.0,0.8,0.5,0.0,0.5,1.5,7.0,6.0,2.45,3.3,2.9,0.4081632653061224,0.30303030303030304,0.3448275862068966,2.0,1.8,0.5,0.5555555555555556,D,1,1,0,1
2021-08-28,2021/22,Manchester City,Arsenal,3.2,1.4,1.8,5.8,1.2,1.0,1.8,3.4,3.4,1.2,1.8,0.6,1.0,0.0,0.0,1.0,7.0,6.0,1.25,6.0,12.0,0.8,0.16666666666666666,0.08333333333333333,1.57,2.37,0.6369426751592356,0.42194092827004215,H,5,0,1,0
2021-08-28,2021/22,Aston Villa,Brentford,2.0,1.6,1.8,3.2,1.0,0.0,2.0,3.0,1.4,1.2,0.0,0.0,0.45,0.25,0.3,2.6,7.0,7.0,1.95,3.6,3.8,0.5128205128205129,0.2777777777777778,0.2631578947368421,1.9,1.9,0.5263157894736842,0.5263157894736842,D,1,1,0,1
2021-08-28,2021/22,Brighton & Hove Albion,Everton,1.6,1.2,2.0,4.0,1.2,1.8,1.4,5.4,1.6,0.6,0.8,1.4,0.0,0.5,0.5,3.0,7.0,7.0,2.3,3.2,3.3,0.4347826086956522,0.3125,0.30303030303030304,2.2,1.66,0.45454545454545453,0.6024096385542169,A,0,2,0,0
2021-08-28,2021/22,Newcastle United,Southampton,1.6,2.0,1.2,3.6,1.0,2.0,0.8,4.2,1.8,2.4,0.4,2.6,0.5,0.0,0.5,3.5,7.0,6.0,2.5,3.4,2.8,0.4,0.29411764705882354,0.35714285714285715,1.85,2.05,0.5405405405405405,0.48780487804878053,D,2,2,1,1
2021-08-28,2021/22,Norwich City,Leicester City,0.0,4.0,0.0,1.5,1.4,2.2,1.2,3.6,0.0,3.0,1.4,2.2,0.45,0.25,0.3,2.6,7.0,5.0,4.5,3.5,1.85,0.2222222222222222,0.2857142857142857,0.5405405405405405,1.8,2.0,0.5555555555555556,0.5,A,1,2,1,1
2021-08-29,2021/22,Wolverhampton Wanderers,Manchester United,0.2,1.4,0.0,3.8,2.2,1.6,1.6,5.0,0.8,1.6,1.8,0.8,0.0,0.0,1.0,2.0,7.0,7.0,5.0,3.5,1.75,0.2,0.2857142857142857,0.5714285714285714,2.0,1.8,0.5,0.5555555555555556,A,0,1,0,0
2021-08-29,2021/22,Burnley,Leeds United,0.2,2.4,0.0,3.4,2.4,1.6,2.0,5.8,0.6,2.6,1.8,1.6,0.0,0.0,1.0,2.5,8.0,8.0,3.1,3.5,2.25,0.3225806451612903,0.2857142857142857,0.4444444444444444,1.72,2.1,0.5813953488372093,0.47619047619047616,D,1,1,0,1
2021-08-29,2021/22,Tottenham Hotspur,Watford,1.8,0.8,2.4,6.0,1.5,2.0,1.5,4.0,2.0,0.6,0.0,2.0,0.45,0.25,0.3,2.6,7.0,8.0,1.36,4.75,9.0,0.7352941176470588,0.21052631578947367,0.1111111111111111,1.8,2.0,0.5555555555555556,0.5,H,1,0,0,0
2021-09-11,2021/22,Arsenal,Norwich City,1.0,2.0,1.2,3.0,0.3333333333333333,3.3333333333333335,0.0,2.3333333333333335,1.2,1.0,0.0,5.0,0.45,0.25,0.3,2.6,14.0,14.0,1.5,4.6,6.0,0.6666666666666666,0.2173913043478261,0.16666666666666666,1.72,2.1,0.5813953488372093,0.47619047619047616,H,1,0,0,0
2021-09-11,2021/22,Chelsea,Aston Villa,1.8,0.8,2.0,5.4,1.8,1.2,2.0,3.2,1.4,0.4,1.8,2.0,0.0,0.5,0.5,2.5,14.0,14.0,1.28,5.5,11.0,0.78125,0.18181818181818182,0.09090909090909091,1.8,2.0,0.5555555555555556,0.5,H,3,0,1,0
2021-09-11,2021/22,Manchester United,Newcastle United,2.0,0.8,2.2,5.0,1.4,1.6,1.4,3.6,2.4,1.8,1.8,1.2,1.0,0.0,0.0,4.5,13.0,14.0,1.18,7.5,15.0,0.8474576271186441,0.13333333333333333,0.06666666666666667,1.44,2.75,0.6944444444444444,0.36363636363636365,H,4,1,1,1
2021-09-11,2021/22,Leicester City,Manchester City,1.4,2.2,1.2,3.6,3.4,0.8,1.8,6.6,2.0,1.8,2.0,1.6,0.5,0.0,0.5,4.5,14.0,14.0,6.0,4.0,1.57,0.16666666666666666,0.25,0.6369426751592356,1.72,2.1,0.5813953488372093,0.47619047619047616,A,0,1,0,0
2021-09-11,2021/22,Watford,Wolverhampton Wanderers,1.0,1.6666666666666667,1.0,3.3333333333333335,0.2,1.2,0.0,4.4,3.0,2.0,0.4,1.0,0.45,0.25,0.3,2.6,13.0,13.0,3.4,3.2,2.25,0.29411764705882354,0.3125,0.4444444444444444,2.3,1.61,0.4347826086956522,0.6211180124223602,A,0,2,0,0
2021-09-11,2021/22,Southampton,West Ham United,0.8,2.2,0.4,4.0,3.2,1.2,2.6,7.2,1.6,1.2,2.4,1.6,0.0,0.5,0.5,1.5,14.0,14.0,2.9,3.5,2.4,0.3448275862068966,0.2857142857142857,0.4166666666666667,1.72,2.1,0.5813953488372093,0.47619047619047616,D,0,0,0,0
2021-09-11,2021/22,Brentford,Brighton & Hove Albion,1.0,0.3333333333333333,1.6666666666666667,2.6666666666666665,1.4,1.4,1.8,4.2,2.0,0.0,0.6,1.2,0.45,0.25,0.3,2.6,14.0,14.0,2.8,3.2,2.62,0.35714285714285715,0.3125,0.38167938931297707,2.5,1.53,0.4,0.6535947712418301,A,0,1,0,0
2021-09-11,2021/22,Crystal Palace,Tottenham Hotspur,0.6,2.0,0.4,3.0,1.6,0.8,2.4,5.0,1.0,2.2,2.0,1.8,0.0,0.5,0.5,3.5,14.0,13.0,4.2,3.5,1.9,0.23809523809523808,0.2857142857142857,0.5263157894736842,2.1,1.72,0.47619047619047616,0.5813953488372093,H,3,0,1,0
2021-09-12,2021/22,Leeds United,Liverpool,1.8,1.8,1.6,5.0,2.2,0.2,2.6,6.4,1.8,1.0,2.6,0.8,0.0,0.5,0.5,4.5,14.0,15.0,4.33,4.0,1.75,0.23094688221709006,0.25,0.5714285714285714,1.57,2.37,0.6369426751592356,0.42194092827004215,A,0,3,1,0
2021-09-13,2021/22,Everton,Burnley,1.6,1.6,2.0,5.2,0.4,1.8,0.2,3.2,1.4,1.2,1.4,1.2,0.0,0.5,0.5,2.5,16.0,15.0,1.7,3.75,5.0,0.5882352941176471,0.26666666666666666,0.2,2.0,1.8,0.5,0.5555555555555556,H,3,1,1,1
2021-09-17,2021/22,Newcastle United,Leeds United,1.4,2.4,0.8,3.2,1.4,2.4,1.0,4.4,1.6,2.4,1.6,1.6,0.0,0.0,1.0,5.0,6.0,5.0,3.0,3.6,2.3,0.3333333333333333,0.2777777777777778,0.4347826086956522,1.61,2.3,0.6211180124223602,0.4347826086956522,D,1,1,0,1
2021-09-18,2021/22,Wolverhampton Wanderers,Brentford,0.6,1.0,0.6,4.8,0.75,0.5,1.25,2.25,0.6,1.8,0.5,0.5,0.45,0.25,0.3,2.6,7.0,7.0,1.83,3.25,5.0,0.5464480874316939,0.3076923076923077,0.2,2.5,1.53,0.4,0.6535947712418301,A,0,2,0,0
2021-09-18,2021/22,Burnley,Arsenal,0.6,1.8,0.2,3.6,0.6,1.8,1.2,3.8,0.6,2.4,1.2,1.6,0.5,0.5,0.0,1.5,5.0,7.0,3.8,3.6,1.95,0.2631578947368421,0.2777777777777778,0.5128205128205129,2.0,1.8,0.5,0.5555555555555556,A,0,1,0,0
2021-09-18,2021/22,Liverpool,Crystal Palace,2.2,0.2,2.6,7.6,1.0,1.4,1.0,2.6,1.6,0.4,1.0,2.0,1.0,0.0,0.0,4.5,6.0,7.0,1.2,7.0,13.0,0.8333333333333334,0.14285714285714285,0.07692307692307693,1.5,2.62,0.6666666666666666,0.38167938931297707,H,3,0,1,0
2021-09-18,2021/22,Manchester City,Southampton,3.2,0.2,2.4,7.4,0.8,1.8,0.6,4.0,3.4,0.8,0.8,2.4,1.0,0.0,0.0,4.0,7.0,7.0,1.12,9.5,17.0,0.8928571428571428,0.10526315789473684,0.058823529411764705,1.36,3.2,0.7352941176470588,0.3125,D,0,0,0,0
2021-09-18,2021/22,Norwich City,Watford,0.25,2.75,0.0,2.0,0.75,1.75,0.75,3.0,0.5,2.5,0.0,1.5,0.45,0.25,0.3,2.6,7.0,7.0,2.15,3.3,3.5,0.46511627906976744,0.30303030303030304,0.2857142857142857,2.1,1.72,0.47619047619047616,0.5813953488372093,A,1,3,1,1
2021-09-18,2021/22,Aston Villa,Everton,1.4,1.6,1.4,3.6,2.0,1.8,2.0,5.6,1.2,1.0,1.0,1.4,0.5,0.5,0.0,1.5,7.0,5.0,2.4,3.3,3.0,0.4166666666666667,0.30303030303030304,0.3333333333333333,2.0,1.8,0.5,0.5555555555555556,H,3,0,1,0
2021-09-19,2021/22,Brighton & Hove Albion,Leicester City,1.0,1.0,1.8,3.4,1.2,2.0,1.2,3.2,1.6,1.0,1.4,1.8,0.0,0.0,1.0,3.0,8.0,8.0,2.7,3.2,2.75,0.37037037037037035,0.3125,0.36363636363636365,2.1,1.72,0.47619047619047616,0.5813953488372093,H,2,1,1,1
2021-09-19,2021/22,West Ham United,Manchester United,2.6,1.0,2.2,6.0,2.6,0.8,2.6,5.2,1.8,1.0,1.4,0.6,0.0,0.0,1.0,2.5,8.0,8.0,4.33,4.0,1.75,0.23094688221709006,0.25,0.5714285714285714,1.66,2.2,0.6024096385542169,0.45454545454545453,A,1,2,1,1
2021-09-19,2021/22,Tottenham Hotspur,Chelsea,1.4,1.0,2.4,4.4,2.0,0.6,2.0,5.0,1.8,0.4,1.4,0.8,0.0,0.5,0.5,0.5,8.0,8.0,5.0,3.8,1.7,0.2,0.2631578947368421,0.5882352941176471,2.0,1.8,0.5,0.5555555555555556,A,0,3,1,0
2021-09-25,2021/22,Chelsea,Manchester City,2.4,0.2,2.6,5.6,2.2,0.2,2.0,5.4,2.0,0.4,1.8,1.4,0.5,0.0,0.5,3.5,6.0,7.0,2.62,3.2,2.75,0.38167938931297707,0.3125,0.36363636363636365,2.1,1.72,0.47619047619047616,0.5813953488372093,A,0,1,0,0
2021-09-25,2021/22,Manchester United,Aston Villa,2.6,0.8,2.6,6.4,1.6,1.4,1.4,3.6,2.6,1.8,1.6,2.2,1.0,0.0,0.0,3.5,6.0,7.0,1.36,5.25,8.0,0.7352941176470588,0.19047619047619047,0.125,1.57,2.37,0.6369426751592356,0.42194092827004215,A,0,1,0,0
2021-09-25,2021/22,Everton,Norwich City,2.0,1.4,2.0,5.2,0.4,2.8,0.0,2.6,1.6,1.0,0.0,3.0,0.45,0.25,0.3,2.6,7.0,7.0,1.61,3.8,5.75,0.6211180124223602,0.2631578947368421,0.17391304347826086,1.9,1.9,0.5263157894736842,0.5263157894736842,H,2,0,0,0
2021-09-25,2021/22,Leeds United,West Ham United,1.0,2.4,0.6,4.4,2.2,1.4,1.6,5.4,1.6,1.4,2.0,1.0,0.0,0.0,1.0,2.5,8.0,6.0,3.0,3.6,2.25,0.3333333333333333,0.2777777777777778,0.4444444444444444,1.57,2.37,0.6369426751592356,0.42194092827004215,A,1,2,1,1
2021-09-25,2021/22,Leicester City,Burnley,1.0,1.6,1.2,2.6,0.6,1.8,0.2,3.6,1.4,2.0,1.4,1.2,0.5,0.5,0.0,4.0,6.0,7.0,1.57,4.0,6.0,0.6369426751592356,0.25,0.16666666666666666,1.9,1.9,0.5263157894736842,0.5263157894736842,D,2,2,1,1
2021-09-25,2021/22,Watford,Newcastle United,1.2,1.6,1.2,4.0,1.2,2.6,0.4,3.8,1.5,2.0,1.6,1.8,0.45,0.25,0.3,2.6,7.0,8.0,2.2,3.4,3.3,0.45454545454545453,0.29411764705882354,0.30303030303030304,2.0,1.8,0.5,0.5555555555555556,D,1,1,0,1
2021-09-25,2021/22,Brentford,Liverpool,1.0,0.4,1.6,2.4,2.4,0.2,2.6,8.6,1.0,0.5,3.0,0.6,0.45,0.25,0.3,2.6,7.0,7.0,7.0,4.5,1.45,0.14285714285714285,0.2222222222222222,0.6896551724137931,1.72,2.1,0.5813953488372093,0.47619047619047616,D,3,3,1,1
2021-09-26,2021/22,Southampton,Wolverhampton Wanderers,0.8,1.2,0.8,3.4,0.4,1.0,0.6,4.0,1.4,1.0,0.6,1.0,0.0,0.5,0.5,2.5,8.0,8.0,2.62,3.2,2.8,0.38167938931297707,0.3125,0.35714285714285715,2.1,1.72,0.47619047619047616,0.5813953488372093,A,0,1,0,0
2021-09-26,2021/22,Arsenal,Tottenham Hotspur,0.4,1.8,1.2,3.4,0.6,1.2,1.8,4.0,1.2,0.8,1.6,2.0,0.5,0.0,0.5,2.5,8.0,7.0,2.15,3.3,3.5,0.46511627906976744,0.30303030303030304,0.2857142857142857,2.0,1.8,0.5,0.5555555555555556,H,3,1,1,1
2021-09-27,2021/22,Crystal Palace,Brighton & Hove Albion,1.0,1.6,1.0,2.2,1.4,0.8,2.4,4.2,1.4,1.4,0.8,1.2,0.5,0.5,0.0,2.5,9.0,8.0,3.1,3.2,2.45,0.3225806451612903,0.3125,0.4081632653061224,2.3,1.61,0.4347826086956522,0.6211180124223602,D,1,1,0,1
2021-10-02,2021/22,Chelsea,Southampton,1.8,0.4,2.0,4.4,0.6,0.8,0.8,4.0,1.6,0.6,0.6,2.0,0.0,1.0,0.0,4.0,7.0,6.0,1.36,4.75,9.0,0.7352941176470588,0.21052631578947367,0.1111111111111111,1.8,2.0,0.5555555555555556,0.5,H,3,1,1,1
2021-10-02,2021/22,Burnley,Norwich City,0.8,1.8,0.4,3.6,0.4,2.6,0.0,2.4,0.4,2.2,0.0,2.6666666666666665,0.45,0.25,0.3,2.6,7.0,7.0,1.85,3.6,4.33,0.5405405405405405,0.2777777777777778,0.23094688221709006,1.9,1.9,0.5263157894736842,0.5263157894736842,D,0,0,0,0
2021-10-02,2021/22,Manchester United,Everton,1.6,0.8,2.0,5.6,1.8,1.2,2.0,4.8,2.4,1.6,0.8,2.0,0.5,0.5,0.0,5.0,7.0,7.0,1.45,4.33,7.5,0.6896551724137931,0.23094688221709006,0.13333333333333333,1.8,2.0,0.5555555555555556,0.5,D,1,1,0,1
2021-10-02,2021/22,Brighton & Hove Albion,Arsenal,1.2,0.8,2.0,3.4,1.0,1.6,1.8,4.0,1.6,1.2,1.0,1.6,0.0,0.0,1.0,1.5,5.0,6.0,3.0,3.25,2.4,0.3333333333333333,0.3076923076923077,0.4166666666666667,2.0,1.8,0.5,0.5555555555555556,D,0,0,0,0
2021-10-02,2021/22,Wolverhampton Wanderers,Newcastle United,0.6,0.8,1.2,4.0,1.0,2.0,0.6,4.4,0.6,1.4,1.6,1.8,0.0,1.0,0.0,2.0,6.0,7.0,1.61,4.2,5.25,0.6211180124223602,0.23809523809523808,0.19047619047619047,1.9,1.9,0.5263157894736842,0.5263157894736842,H,2,1,1,1
2021-10-02,2021/22,Leeds United,Watford,1.0,1.8,0.6,4.8,0.8,1.4,0.8,3.4,1.8,1.8,1.0,1.3333333333333333,0.45,0.25,0.3,2.6,7.0,7.0,1.7,4.0,4.75,0.5882352941176471,0.25,0.21052631578947367,1.66,2.2,0.6024096385542169,0.45454545454545453,H,1,0,0,0
2021-10-03,2021/22,Crystal Palace,Leicester City,1.2,1.2,1.2,2.6,1.2,2.0,0.8,2.6,1.6,1.2,1.4,2.0,0.0,0.5,0.5,2.5,6.0,8.0,3.1,3.4,2.3,0.3225806451612903,0.29411764705882354,0.4347826086956522,2.0,1.8,0.5,0.5555555555555556,D,2,2,1,1
2021-10-03,2021/22,Tottenham Hotspur,Aston Villa,0.6,1.8,1.2,4.2,1.4,0.8,2.0,3.8,1.0,1.0,1.4,2.0,0.5,0.0,0.5,2.5,7.0,8.0,2.1,3.6,3.4,0.47619047619047616,0.2777777777777778,0.29411764705882354,1.9,1.9,0.5263157894736842,0.5263157894736842,H,2,1,1,1
2021-10-03,2021/22,West Ham United,Brentford,1.8,1.2,1.6,5.0,1.2,1.0,1.2,2.6,2.0,1.2,1.0,0.3333333333333333,0.45,0.25,0.3,2.6,8.0,8.0,1.75,3.75,4.75,0.5714285714285714,0.26666666666666666,0.21052631578947367,1.9,1.9,0.5263157894736842,0.5263157894736842,A,1,2,1,1
2021-10-03,2021/22,Liverpool,Manchester City,2.4,0.8,2.2,8.2,2.4,0.0,2.6,5.4,2.0,0.2,1.6,1.4,0.0,0.5,0.5,3.5,8.0,8.0,2.87,3.5,2.4,0.3484320557491289,0.2857142857142857,0.4166666666666667,1.72,2.1,0.5813953488372093,0.47619047619047616,D,2,2,1,1
2021-10-16,2021/22,Leicester City,Manchester United,1.4,1.6,1.0,3.4,1.6,0.8,2.0,6.0,1.4,2.2,1.8,0.8,0.5,0.5,0.0,3.5,13.0,14.0,3.5,3.6,2.05,0.2857142857142857,0.2777777777777778,0.48780487804878053,1.72,2.1,0.5813953488372093,0.47619047619047616,H,4,2,1,1
2021-10-16,2021/22,Aston Villa,Wolverhampton Wanderers,1.2,1.2,1.4,4.0,1.0,0.8,1.8,3.4,1.6,0.4,0.6,0.8,0.5,0.5,0.0,0.5,13.0,14.0,2.15,3.25,3.5,0.46511627906976744,0.3076923076923077,0.2857142857142857,2.1,1.72,0.47619047619047616,0.5813953488372093,A,2,3,1,1
2021-10-16,2021/22,Southampton,Leeds United,0.6,1.2,0.6,3.8,0.8,1.4,1.0,4.8,0.8,1.0,1.8,1.4,0.0,0.0,1.0,2.5,14.0,14.0,2.3,3.5,3.0,0.4347826086956522,0.2857142857142857,0.3333333333333333,1.72,2.1,0.5813953488372093,0.47619047619047616,H,1,0,0,0
2021-10-16,2021/22,Watford,Liverpool,0.8,1.2,0.8,3.4,2.4,1.2,1.8,7.2,1.3333333333333333,1.6666666666666667,2.8,0.8,0.45,0.25,0.3,2.6,14.0,13.0,8.5,5.5,1.33,0.11764705882352941,0.18181818181818182,0.7518796992481203,1.57,2.37,0.6369426751592356,0.42194092827004215,A,0,5,1,0
2021-10-16,2021/22,Norwich City,Brighton & Hove Albion,0.4,1.6,0.2,2.8,0.8,0.8,1.6,3.2,0.6666666666666666,2.6666666666666665,1.0,1.2,0.45,0.25,0.3,2.6,14.0,14.0,3.6,3.4,2.1,0.2777777777777778,0.29411764705882354,0.47619047619047616,2.1,1.72,0.47619047619047616,0.5813953488372093,D,0,0,0,0
2021-10-16,2021/22,Brentford,Chelsea,1.6,1.2,1.6,3.2,2.0,0.6,2.0,5.2,1.6666666666666667,1.3333333333333333,1.8,0.8,0.45,0.25,0.3,2.6,13.0,14.0,6.5,3.8,1.57,0.15384615384615385,0.2631578947368421,0.6369426751592356,2.0,1.8,0.5,0.5555555555555556,A,0,1,0,0
2021-10-16,2021/22,Manchester City,Burnley,1.8,0.4,2.2,5.2,0.8,1.4,0.6,3.8,3.2,0.4,1.0,1.6,1.0,0.0,0.0,3.5,13.0,14.0,1.12,9.0,19.0,0.8928571428571428,0.1111111111111111,0.05263157894736842,1.36,3.2,0.7352941176470588,0.3125,H,2,0,0,0
2021-10-17,2021/22,Everton,West Ham United,1.6,1.0,2.0,3.6,1.2,1.4,1.0,4.6,1.8,0.6,2.0,1.0,0.5,0.0,0.5,1.0,15.0,14.0,2.5,3.4,2.8,0.4,0.29411764705882354,0.35714285714285715,1.9,1.9,0.5263157894736842,0.5263157894736842,A,0,1,0,0
2021-10-17,2021/22,Newcastle United,Tottenham Hotspur,1.2,2.0,0.6,4.6,0.8,2.0,1.2,4.6,1.8,2.2,1.4,2.2,0.0,1.0,0.0,3.0,15.0,14.0,3.5,3.6,2.05,0.2857142857142857,0.2777777777777778,0.48780487804878053,1.8,2.0,0.5555555555555556,0.5,A,2,3,1,1
2021-10-18,2021/22,Arsenal,Crystal Palace,1.0,1.2,2.0,3.8,1.6,1.6,1.2,3.0,1.8,0.8,0.6,2.6,0.5,0.5,0.0,2.0,16.0,15.0,1.6,3.8,6.0,0.625,0.2631578947368421,0.16666666666666666,1.97,1.93,0.5076142131979695,0.5181347150259068,D,2,2,1,1
2021-10-22,2021/22,Arsenal,Aston Villa,1.4,0.6,2.2,5.0,1.4,1.6,1.2,4.0,1.6,1.0,1.2,1.8,0.0,0.0,1.0,2.0,4.0,6.0,1.83,3.75,4.2,0.5464480874316939,0.26666666666666666,0.23809523809523808,1.72,2.1,0.5813953488372093,0.47619047619047616,H,3,1,1,1
2021-10-23,2021/22,Leeds United,Wolverhampton Wanderers,0.6,1.4,0.8,4.4,1.6,1.0,2.4,3.0,1.4,1.6,1.2,0.8,0.0,0.0,1.0,1.0,7.0,7.0,2.4,3.4,2.87,0.4166666666666667,0.29411764705882354,0.3484320557491289,1.9,1.9,0.5263157894736842,0.5263157894736842,D,1,1,0,1
2021-10-23,2021/22,Southampton,Burnley,0.4,0.8,1.0,3.6,0.6,1.6,0.4,3.6,0.4,0.8,0.6,2.0,1.0,0.0,0.0,3.0,7.0,7.0,1.95,3.5,3.9,0.5128205128205129,0.2857142857142857,0.25641025641025644,1.9,1.9,0.5263157894736842,0.5263157894736842,D,2,2,1,1
2021-10-23,2021/22,Chelsea,Norwich City,2.0,0.4,2.4,4.8,0.2,1.2,0.4,2.6,2.2,0.6,0.0,2.0,0.45,0.25,0.3,2.6,7.0,7.0,1.18,7.0,15.0,0.8474576271186441,0.14285714285714285,0.06666666666666667,1.66,2.2,0.6024096385542169,0.45454545454545453,H,7,0,1,0
2021-10-23,2021/22,Crystal Palace,Newcastle United,1.6,1.6,1.2,3.8,1.2,2.2,0.4,3.8,1.4,1.2,1.0,1.8,0.5,0.0,0.5,2.5,5.0,6.0,1.9,3.6,4.0,0.5263157894736842,0.2777777777777778,0.25,1.9,1.9,0.5263157894736842,0.5263157894736842,D,1,1,0,1
2021-10-23,2021/22,Everton,Watford,1.2,1.2,1.4,3.0,0.8,2.0,0.8,3.4,1.8,0.6,0.75,1.25,0.45,0.25,0.3,2.6,6.0,7.0,1.65,3.8,5.5,0.6060606060606061,0.2631578947368421,0.18181818181818182,2.0,1.8,0.5,0.5555555555555556,A,2,5,1,1
2021-10-23,2021/22,Brighton & Hove Albion,Manchester City,0.8,0.4,1.8,3.2,1.2,0.4,2.2,4.4,1.4,1.0,1.2,1.2,0.5,0.0,0.5,3.0,7.0,7.0,8.0,4.75,1.4,0.125,0.21052631578947367,0.7142857142857143,1.8,2.0,0.5555555555555556,0.5,A,1,4,1,1
2021-10-24,2021/22,Brentford,Leicester City,1.4,1.2,1.4,4.2,1.8,1.8,1.0,5.0,1.25,1.25,1.4,2.2,0.45,0.25,0.3,2.6,8.0,8.0,2.62,3.3,2.7,0.38167938931297707,0.30303030303030304,0.37037037037037035,1.9,1.9,0.5263157894736842,0.5263157894736842,A,1,2,1,1
2021-10-24,2021/22,West Ham United,Tottenham Hotspur,1.0,1.0,1.4,4.6,1.2,2.4,1.2,3.8,2.2,1.4,1.8,2.0,0.5,0.5,0.0,4.5,7.0,7.0,2.3,3.5,3.0,0.4347826086956522,0.2857142857142857,0.3333333333333333,1.72,2.1,0.5813953488372093,0.47619047619047616,H,1,0,0,0
2021-10-24,2021/22,Manchester United,Liverpool,1.8,1.6,1.4,6.6,3.2,1.0,2.2,7.4,2.2,1.0,3.4,0.6,0.0,0.5,0.5,3.0,8.0,8.0,3.1,3.6,2.2,0.3225806451612903,0.2777777777777778,0.45454545454545453,1.53,2.5,0.6535947712418301,0.4,A,0,5,1,0
2021-10-30,2021/22,Burnley,Brentford,0.8,1.4,0.6,3.4,1.6,1.4,1.4,5.0,0.4,1.4,1.25,0.5,0.45,0.25,0.3,2.6,7.0,6.0,2.6,3.3,2.75,0.3846153846153846,0.30303030303030304,0.36363636363636365,2.2,1.66,0.45454545454545453,0.6024096385542169,H,3,1,1,1
2021-10-30,2021/22,Leicester City,Arsenal,2.2,1.8,1.6,6.0,1.8,0.8,2.2,5.4,1.8,1.8,0.8,1.6,0.5,0.0,0.5,2.5,6.0,8.0,2.4,3.5,2.87,0.4166666666666667,0.2857142857142857,0.3484320557491289,1.8,2.0,0.5555555555555556,0.5,A,0,2,0,0
2021-10-30,2021/22,Watford,Southampton,1.8,2.0,1.4,4.6,0.8,1.2,1.0,3.8,1.0,2.5,0.8,2.2,0.45,0.25,0.3,2.6,7.0,7.0,3.2,3.3,2.3,0.3125,0.30303030303030304,0.4347826086956522,1.9,1.9,0.5263157894736842,0.5263157894736842,A,0,1,0,0
2021-10-30,2021/22,Liverpool,Brighton & Hove Albion,3.6,1.0,2.2,7.2,0.8,1.2,1.2,3.8,2.0,0.6,0.8,0.8,0.0,0.5,0.5,1.5,6.0,7.0,1.22,6.5,13.0,0.819672131147541,0.15384615384615385,0.07692307692307693,1.53,2.5,0.6535947712418301,0.4,D,2,2,1,1
2021-10-30,2021/22,Tottenham Hotspur,Manchester United,1.2,2.0,1.2,4.4,1.0,2.4,0.8,6.0,1.0,1.2,1.6,1.4,0.5,0.0,0.5,5.5,6.0,6.0,2.87,3.6,2.37,0.3484320557491289,0.2777777777777778,0.42194092827004215,1.72,2.1,0.5813953488372093,0.47619047619047616,A,0,3,1,0
2021-10-30,2021/22,Manchester City,Crystal Palace,1.8,0.6,2.2,5.6,1.2,1.8,0.8,3.6,3.4,0.0,0.8,2.4,1.0,0.0,0.0,3.0,7.0,7.0,1.14,8.0,19.0,0.8771929824561404,0.125,0.05263157894736842,1.44,2.75,0.6944444444444444,0.36363636363636365,A,0,2,0,0
2021-10-30,2021/22,Newcastle United,Chelsea,1.2,1.6,0.6,3.6,2.8,0.4,2.4,6.6,1.6,2.0,1.6,0.6,0.0,0.0,1.0,2.0,7.0,7.0,8.5,5.0,1.36,0.11764705882352941,0.2,0.7352941176470588,1.72,2.1,0.5813953488372093,0.47619047619047616,A,0,3,1,0
2021-10-31,2021/22,Norwich City,Leeds United,0.2,2.4,0.4,2.6,0.8,1.0,1.0,4.4,0.5,2.0,1.0,1.6,0.45,0.25,0.3,2.6,8.0,8.0,3.4,3.5,2.1,0.29411764705882354,0.2857142857142857,0.47619047619047616,1.72,2.1,0.5813953488372093,0.47619047619047616,A,1,2,1,1
2021-10-31,2021/22,Aston Villa,West Ham United,1.6,1.6,1.2,3.6,1.2,1.0,1.8,4.8,2.0,1.0,2.0,0.8,0.0,0.0,1.0,3.5,9.0,7.0,2.8,3.5,2.45,0.35714285714285715,0.2857142857142857,0.4081632653061224,1.8,2.0,0.5555555555555556,0.5,A,1,4,1,1
2021-11-01,2021/22,Wolverhampton Wanderers,Everton,1.4,1.2,2.0,2.8,1.0,2.0,0.8,2.6,0.6,1.4,1.0,2.2,0.0,0.0,1.0,2.0,9.0,9.0,2.2,3.2,3.5,0.45454545454545453,0.3125,0.2857142857142857,2.3,1.61,0.4347826086956522,0.6211180124223602,H,2,1,1,1
2021-11-05,2021/22,Southampton,Aston Villa,1.0,1.2,1.4,3.6,1.2,2.4,0.6,3.6,0.8,0.8,1.0,2.2,0.5,0.0,0.5,4.0,6.0,5.0,1.95,3.6,3.75,0.5128205128205129,0.2777777777777778,0.26666666666666666,1.72,2.1,0.5813953488372093,0.47619047619047616,H,1,0,0,0
2021-11-06,2021/22,Manchester United,Manchester City,1.2,2.2,0.8,4.8,1.8,1.0,2.0,6.0,2.0,1.8,1.6,0.8,0.5,0.5,0.0,1.0,7.0,7.0,4.75,4.0,1.7,0.21052631578947367,0.25,0.5882352941176471,1.57,2.37,0.6369426751592356,0.42194092827004215,A,0,2,0,0
2021-11-06,2021/22,Brentford,Norwich City,1.4,2.0,0.8,5.4,0.2,2.2,0.4,2.2,1.2,1.4,0.0,3.0,0.45,0.25,0.3,2.6,7.0,6.0,1.6,4.0,5.75,0.625,0.25,0.17391304347826086,2.0,1.8,0.5,0.5555555555555556,A,1,2,1,1
2021-11-06,2021/22,Chelsea,Burnley,2.8,0.4,2.4,5.8,1.4,1.4,1.2,4.0,3.2,0.4,1.0,2.2,1.0,0.0,0.0,2.5,7.0,7.0,1.25,6.0,12.0,0.8,0.16666666666666666,0.08333333333333333,1.72,2.1,0.5813953488372093,0.47619047619047616,D,1,1,0,1
2021-11-06,2021/22,Crystal Palace,Wolverhampton Wanderers,1.6,1.2,1.4,3.8,1.8,1.0,2.6,3.6,1.4,0.8,1.4,0.8,0.5,0.0,0.5,1.5,7.0,5.0,2.45,3.2,3.0,0.4081632653061224,0.3125,0.3333333333333333,2.37,1.57,0.42194092827004215,0.6369426751592356,H,2,0,0,0
2021-11-06,2021/22,Brighton & Hove Albion,Newcastle United,0.8,1.4,0.8,4.0,1.0,2.0,0.4,2.4,1.0,1.4,0.8,2.0,1.0,0.0,0.0,3.0,7.0,7.0,1.57,3.9,6.0,0.6369426751592356,0.25641025641025644,0.16666666666666666,1.9,1.9,0.5263157894736842,0.5263157894736842,D,1,1,0,1
2021-11-07,2021/22,Arsenal,Watford,2.0,0.8,2.2,5.8,1.2,2.0,0.8,3.8,1.8,1.2,1.6,1.4,0.45,0.25,0.3,2.6,8.0,8.0,1.36,4.75,8.5,0.7352941176470588,0.21052631578947367,0.11764705882352941,1.57,2.37,0.6369426751592356,0.42194092827004215,H,1,0,0,0
2021-11-07,2021/22,Everton,Tottenham Hotspur,1.2,1.8,0.8,3.4,1.2,2.0,1.2,4.0,2.0,1.6,1.0,1.8,0.5,0.5,0.0,2.5,6.0,8.0,3.1,3.25,2.37,0.3225806451612903,0.3076923076923077,0.42194092827004215,2.0,1.8,0.5,0.5555555555555556,D,0,0,0,0
2021-11-07,2021/22,Leeds United,Leicester City,1.0,1.0,1.4,3.8,2.0,1.8,1.6,7.0,1.0,1.6,1.6,2.0,0.5,0.0,0.5,4.5,7.0,8.0,2.8,3.5,2.45,0.35714285714285715,0.2857142857142857,0.4081632653061224,1.66,2.2,0.6024096385542169,0.45454545454545453,D,1,1,0,1
2021-11-07,2021/22,West Ham United,Liverpool,1.8,0.8,2.4,5.8,3.4,1.4,1.8,5.8,1.8,1.4,3.8,0.6,0.0,0.0,1.0,3.5,7.0,8.0,4.75,4.0,1.7,0.21052631578947367,0.25,0.5882352941176471,1.5,2.62,0.6666666666666666,0.38167938931297707,H,3,2,1,1
2021-11-20,2021/22,Leicester City,Chelsea,1.8,1.6,1.6,6.6,3.0,0.4,2.6,6.6,1.4,1.4,2.0,0.2,0.5,0.0,0.5,2.5,13.0,14.0,4.75,3.75,1.75,0.21052631578947367,0.26666666666666666,0.5714285714285714,2.03,1.87,0.4926108374384237,0.53475935828877,A,0,3,1,0
2021-11-20,2021/22,Aston Villa,Brighton & Hove Albion,1.0,2.6,0.0,3.6,0.8,1.4,0.8,4.2,1.8,1.6,1.2,0.8,0.0,0.5,0.5,1.5,15.0,14.0,2.45,3.3,2.9,0.4081632653061224,0.30303030303030304,0.3448275862068966,2.1,1.72,0.47619047619047616,0.5813953488372093,H,2,0,0,0
2021-11-20,2021/22,Burnley,Crystal Palace,1.2,1.2,1.2,3.8,1.8,1.0,1.8,4.4,1.0,1.0,1.2,2.0,1.0,0.0,0.0,2.0,14.0,14.0,2.7,3.2,2.7,0.37037037037037035,0.3125,0.37037037037037035,2.2,1.66,0.45454545454545453,0.6024096385542169,D,3,3,1,1
2021-11-20,2021/22,Newcastle United,Brentford,1.0,2.0,0.4,1.4,1.0,1.8,0.6,6.0,1.4,2.6,1.2,1.0,0.45,0.25,0.3,2.6,14.0,14.0,2.62,3.4,2.7,0.38167938931297707,0.29411764705882354,0.37037037037037035,2.0,1.9,0.5,0.5263157894736842,D,3,3,1,1
2021-11-20,2021/22,Norwich City,Southampton,0.6,2.0,1.0,2.8,1.2,1.0,2.0,3.0,0.6,2.0,1.0,1.6,0.45,0.25,0.3,2.6,14.0,15.0,3.6,3.5,2.05,0.2777777777777778,0.2857142857142857,0.48780487804878053,2.03,1.87,0.4926108374384237,0.53475935828877,H,2,1,1,1
2021-11-20,2021/22,Watford,Manchester United,1.0,2.0,0.6,3.2,1.2,2.4,0.8,4.2,0.8,2.2,1.8,1.2,0.45,0.25,0.3,2.6,13.0,14.0,6.5,4.75,1.45,0.15384615384615385,0.21052631578947367,0.6896551724137931,1.66,2.2,0.6024096385542169,0.45454545454545453,H,4,1,1,1
2021-11-20,2021/22,Wolverhampton Wanderers,West Ham United,1.6,1.4,2.0,3.4,2.0,1.0,2.4,5.0,0.8,1.2,2.2,0.8,0.0,0.0,1.0,4.5,14.0,13.0,3.0,3.25,2.4,0.3333333333333333,0.3076923076923077,0.4166666666666667,2.0,1.8,0.5,0.5555555555555556,H,1,0,0,0
2021-11-20,2021/22,Liverpool,Arsenal,3.2,1.4,1.6,5.6,1.6,0.6,2.2,5.6,2.0,1.0,0.6,1.4,1.0,0.0,0.0,3.5,13.0,13.0,1.45,4.75,6.5,0.6896551724137931,0.21052631578947367,0.15384615384615385,1.5,2.62,0.6666666666666666,0.38167938931297707,H,4,0,1,0
2021-11-21,2021/22,Manchester City,Everton,2.0,1.0,2.0,6.2,0.8,1.8,0.4,3.0,2.4,0.4,1.2,1.6,1.0,0.0,0.0,4.5,15.0,14.0,1.14,8.0,19.0,0.8771929824561404,0.125,0.05263157894736842,1.5,2.62,0.6666666666666666,0.38167938931297707,H,3,0,1,0
2021-11-21,2021/22,Tottenham Hotspur,Leeds United,1.0,1.4,1.4,3.2,1.0,0.8,1.6,3.8,0.8,1.4,1.0,1.8,0.5,0.0,0.5,3.5,14.0,14.0,1.7,4.2,4.5,0.5882352941176471,0.23809523809523808,0.2222222222222222,1.72,2.1,0.5813953488372093,0.47619047619047616,H,2,1,1,1
2021-11-27,2021/22,Arsenal,Newcastle United,1.6,1.4,2.0,5.8,1.4,2.2,0.6,2.8,2.0,0.8,1.0,1.8,1.0,0.0,0.0,2.5,7.0,7.0,1.44,4.75,7.0,0.6944444444444444,0.21052631578947367,0.14285714285714285,1.61,2.3,0.6211180124223602,0.4347826086956522,H,2,0,0,0
2021-11-27,2021/22,Crystal Palace,Aston Villa,2.0,1.2,1.8,5.2,1.2,2.2,0.6,4.0,1.8,0.8,0.6,1.8,0.5,0.0,0.5,4.0,7.0,7.0,2.2,3.4,3.3,0.45454545454545453,0.29411764705882354,0.30303030303030304,2.07,1.86,0.48309178743961356,0.5376344086021505,A,1,2,1,1
2021-11-27,2021/22,Liverpool,Southampton,3.6,1.0,2.0,6.6,1.2,0.8,2.0,3.6,2.4,1.0,1.0,1.4,0.5,0.0,0.5,1.5,7.0,7.0,1.28,6.0,9.0,0.78125,0.16666666666666666,0.1111111111111111,1.4,3.0,0.7142857142857143,0.3333333333333333,H,4,0,1,0
2021-11-27,2021/22,Norwich City,Wolverhampton Wanderers,1.0,2.2,1.4,3.2,1.4,1.2,2.0,3.8,1.0,1.6,1.4,1.0,0.45,0.25,0.3,2.6,7.0,7.0,3.5,3.3,2.15,0.2857142857142857,0.30303030303030304,0.46511627906976744,2.3,1.61,0.4347826086956522,0.6211180124223602,D,0,0,0,0
2021-11-27,2021/22,Brighton & Hove Albion,Leeds United,0.8,1.8,0.6,4.2,1.0,1.2,1.0,4.4,0.8,1.6,1.0,1.2,1.0,0.0,0.0,1.5,7.0,6.0,2.05,3.4,3.75,0.48780487804878053,0.29411764705882354,0.26666666666666666,1.98,1.95,0.5050505050505051,0.5128205128205129,D,0,0,0,0
2021-11-28,2021/22,Brentford,Everton,1.2,2.2,0.2,5.6,0.6,2.2,0.2,2.8,1.0,1.8,0.8,1.8,0.45,0.25,0.3,2.6,8.0,7.0,2.25,3.2,3.4,0.4444444444444444,0.3125,0.29411764705882354,2.1,1.72,0.47619047619047616,0.5813953488372093,H,1,0,0,0
2021-11-28,2021/22,Leicester City,Watford,1.4,1.8,1.4,6.2,1.8,2.0,1.2,4.4,1.2,2.0,1.6,1.2,0.45,0.25,0.3,2.6,8.0,8.0,1.61,4.0,5.5,0.6211180124223602,0.25,0.18181818181818182,1.66,2.2,0.6024096385542169,0.45454545454545453,H,4,2,1,1
2021-11-28,2021/22,Manchester City,West Ham United,2.2,0.6,2.4,7.0,1.8,0.8,2.4,4.6,2.0,0.4,1.4,0.6,0.5,0.5,0.0,2.5,7.0,8.0,1.28,5.75,10.0,0.78125,0.17391304347826086,0.1,1.5,2.62,0.6666666666666666,0.38167938931297707,H,2,1,1,1
2021-11-28,2021/22,Chelsea,Manchester United,3.0,0.2,2.6,6.2,1.2,3.0,0.6,3.6,2.8,0.6,1.8,1.8,0.0,1.0,0.0,0.0,8.0,8.0,1.57,4.0,6.0,0.6369426751592356,0.25,0.16666666666666666,1.8,2.0,0.5555555555555556,0.5,D,1,1,0,1
2021-11-30,2021/22,Newcastle United,Norwich City,1.0,2.0,0.6,3.6,1.0,2.2,1.4,3.4,1.6,2.4,0.4,2.2,0.45,0.25,0.3,2.6,3.0,3.0,1.95,3.5,3.9,0.5128205128205129,0.2857142857142857,0.25641025641025644,1.85,2.05,0.5405405405405405,0.48780487804878053,D,1,1,0,1
2021-11-30,2021/22,Leeds United,Crystal Palace,1.0,1.0,1.2,5.2,1.8,1.2,1.6,4.6,0.8,1.4,1.8,2.0,0.5,0.0,0.5,3.5,3.0,3.0,2.4,3.3,3.0,0.4166666666666667,0.30303030303030304,0.3333333333333333,1.94,1.96,0.5154639175257733,0.5102040816326531,H,1,0,0,0
2021-12-01,2021/22,Southampton,Leicester City,1.0,1.6,1.4,3.2,1.4,1.8,1.4,5.6,0.8,0.6,1.6,1.4,0.0,0.5,0.5,2.0,4.0,3.0,2.37,3.5,2.87,0.42194092827004215,0.2857142857142857,0.3484320557491289,1.72,2.1,0.5813953488372093,0.47619047619047616,D,2,2,1,1
2021-12-01,2021/22,Watford,Chelsea,2.2,1.8,1.2,5.0,3.0,0.4,2.2,7.2,1.0,2.0,2.2,0.2,0.45,0.25,0.3,2.6,3.0,3.0,10.0,5.25,1.3,0.1,0.19047619047619047,0.7692307692307692,1.72,2.1,0.5813953488372093,0.47619047619047616,A,1,2,1,1
2021-12-01,2021/22,West Ham United,Brighton & Hove Albion,1.8,1.2,1.8,4.4,0.8,1.8,0.6,4.4,1.6,1.6,0.8,1.0,0.0,1.0,0.0,3.0,3.0,4.0,1.95,3.6,3.8,0.5128205128205129,0.2777777777777778,0.2631578947368421,2.06,1.84,0.4854368932038835,0.5434782608695652,D,1,1,0,1
2021-12-01,2021/22,Wolverhampton Wanderers,Burnley,0.8,0.8,1.6,3.4,1.8,1.8,1.2,4.8,1.0,1.0,1.2,2.0,0.0,0.0,1.0,3.5,4.0,11.0,1.85,3.5,4.33,0.5405405405405405,0.2857142857142857,0.23094688221709006,2.2,1.66,0.45454545454545453,0.6024096385542169,D,0,0,0,0
2021-12-01,2021/22,Aston Villa,Manchester City,1.2,1.8,1.2,3.6,2.2,0.8,2.4,7.6,1.8,1.6,2.0,0.6,0.0,0.0,1.0,2.5,4.0,3.0,9.0,5.25,1.33,0.1111111111111111,0.19047619047619047,0.7518796992481203,1.61,2.3,0.6211180124223602,0.4347826086956522,A,1,2,1,1
2021-12-01,2021/22,Everton,Liverpool,0.6,2.2,0.2,3.4,3.4,1.0,2.0,6.2,1.4,1.4,3.6,1.2,0.5,0.5,0.0,3.0,3.0,4.0,7.5,5.25,1.36,0.13333333333333333,0.19047619047619047,0.7352941176470588,1.57,2.37,0.6369426751592356,0.42194092827004215,A,1,4,1,1
2021-12-02,2021/22,Tottenham Hotspur,Brentford,1.0,1.4,1.4,2.4,1.4,2.0,0.8,5.0,1.0,1.6,1.8,1.6,0.45,0.25,0.3,2.6,11.0,4.0,1.6,4.2,5.25,0.625,0.23809523809523808,0.19047619047619047,1.92,1.98,0.5208333333333334,0.5050505050505051,H,2,0,0,0
2021-12-02,2021/22,Manchester United,Arsenal,1.0,2.4,0.8,2.8,1.6,1.0,2.4,5.8,1.0,2.0,0.6,1.8,0.0,0.5,0.5,0.5,4.0,5.0,1.95,3.75,3.75,0.5128205128205129,0.26666666666666666,0.26666666666666666,1.8,2.0,0.5555555555555556,0.5,H,3,2,1,1
2021-12-04,2021/22,West Ham United,Chelsea,1.8,1.4,1.4,4.8,2.0,0.6,2.2,5.4,1.4,1.4,2.4,0.2,0.0,0.0,1.0,2.0,3.0,3.0,4.75,3.6,1.75,0.21052631578947367,0.2777777777777778,0.5714285714285714,2.0,1.8,0.5,0.5555555555555556,H,3,2,1,1
2021-12-04,2021/22,Newcastle United,Burnley,1.0,2.0,0.6,3.4,1.8,1.4,1.4,4.6,1.4,2.2,1.0,1.4,1.0,0.0,0.0,3.5,4.0,3.0,2.3,3.3,3.2,0.4347826086956522,0.30303030303030304,0.3125,1.96,1.94,0.5102040816326531,0.5154639175257733,H,1,0,0,0
2021-12-04,2021/22,Southampton,Brighton & Hove Albion,1.0,1.6,1.4,3.8,0.8,1.2,0.8,4.0,1.2,1.0,0.8,1.2,0.5,0.0,0.5,3.0,3.0,3.0,2.45,3.2,3.0,0.4081632653061224,0.3125,0.3333333333333333,2.2,1.66,0.45454545454545453,0.6024096385542169,D,1,1,0,1
2021-12-04,2021/22,Wolverhampton Wanderers,Liverpool,0.6,0.6,1.6,3.0,3.2,1.2,2.0,6.0,1.0,0.8,3.8,1.4,0.0,0.0,1.0,2.5,3.0,3.0,8.0,4.75,1.4,0.125,0.21052631578947367,0.7142857142857143,1.66,2.2,0.6024096385542169,0.45454545454545453,A,0,1,0,0
2021-12-04,2021/22,Watford,Manchester City,1.4,1.8,0.6,4.6,1.8,0.8,2.4,6.2,1.2,2.0,2.2,0.8,0.45,0.25,0.3,2.6,3.0,3.0,12.0,7.0,1.2,0.08333333333333333,0.14285714285714285,0.8333333333333334,1.44,2.75,0.6944444444444444,0.36363636363636365,A,1,3,1,1
2021-12-05,2021/22,Leeds United,Brentford,1.0,0.8,1.6,5.0,1.2,2.0,0.8,4.4,1.0,0.8,1.6,1.8,0.45,0.25,0.3,2.6,5.0,3.0,1.95,3.6,3.8,0.5128205128205129,0.2777777777777778,0.2631578947368421,1.96,1.94,0.5102040816326531,0.5154639175257733,D,2,2,1,1
2021-12-05,2021/22,Manchester United,Crystal Palace,1.6,1.8,1.4,4.0,1.6,1.2,1.4,4.2,0.8,2.2,1.4,1.8,0.0,0.5,0.5,2.0,3.0,5.0,1.5,4.33,6.5,0.6666666666666666,0.23094688221709006,0.15384615384615385,1.8,2.0,0.5555555555555556,0.5,H,1,0,0,0
2021-12-05,2021/22,Tottenham Hotspur,Norwich City,0.8,1.0,1.4,2.8,1.2,1.0,1.6,4.4,1.2,1.6,0.6,2.2,0.45,0.25,0.3,2.6,3.0,5.0,1.36,5.0,8.5,0.7352941176470588,0.2,0.11764705882352941,1.87,2.03,0.53475935828877,0.4926108374384237,H,3,0,1,0
2021-12-05,2021/22,Aston Villa,Leicester City,1.2,1.6,1.2,3.4,1.4,2.0,1.0,5.6,1.8,1.8,1.6,1.6,0.5,0.0,0.5,2.0,4.0,4.0,2.37,3.4,3.0,0.42194092827004215,0.29411764705882354,0.3333333333333333,1.9,2.0,0.5263157894736842,0.5,H,2,1,1,1
2021-12-06,2021/22,Everton,Arsenal,0.4,2.0,0.2,3.0,1.4,1.4,1.8,5.6,1.0,2.0,1.0,1.4,1.0,0.0,0.0,2.0,5.0,4.0,3.4,3.5,2.1,0.29411764705882354,0.2857142857142857,0.47619047619047616,2.06,1.84,0.4854368932038835,0.5434782608695652,H,2,1,1,1
2021-12-10,2021/22,Brentford,Watford,1.4,1.8,1.0,4.0,1.6,2.2,0.6,4.6,1.2,1.6,2.0,1.8,0.45,0.25,0.3,2.6,5.0,6.0,2.25,3.3,3.3,0.4444444444444444,0.30303030303030304,0.30303030303030304,2.01,1.89,0.49751243781094534,0.5291005291005292,H,2,1,1,1
2021-12-11,2021/22,Manchester City,Wolverhampton Wanderers,2.4,0.6,3.0,8.2,0.2,0.6,1.0,2.4,1.4,0.6,1.0,1.0,1.0,0.0,0.0,4.5,7.0,7.0,1.14,8.0,19.0,0.8771929824561404,0.125,0.05263157894736842,1.53,2.5,0.6535947712418301,0.4,H,1,0,0,0
2021-12-11,2021/22,Liverpool,Aston Villa,3.0,0.8,2.4,6.4,1.4,1.0,1.8,3.6,3.0,0.8,1.0,1.4,0.5,0.0,0.5,6.0,7.0,6.0,1.2,7.0,13.0,0.8333333333333334,0.14285714285714285,0.07692307692307693,1.4,3.0,0.7142857142857143,0.3333333333333333,H,1,0,0,0
2021-12-11,2021/22,Arsenal,Southampton,1.2,1.8,1.2,5.2,1.0,1.8,1.0,4.4,2.2,0.8,0.6,1.8,0.5,0.5,0.0,3.0,5.0,7.0,1.61,4.0,5.5,0.6211180124223602,0.25,0.18181818181818182,1.8,2.0,0.5555555555555556,0.5,H,3,0,1,0
2021-12-11,2021/22,Chelsea,Leeds United,1.8,1.2,1.6,5.6,1.0,1.0,1.2,5.0,2.4,0.8,0.8,1.0,0.5,0.5,0.0,2.0,7.0,6.0,1.25,5.75,12.0,0.8,0.17391304347826086,0.08333333333333333,1.57,2.37,0.6369426751592356,0.42194092827004215,H,3,2,1,1
2021-12-11,2021/22,Norwich City,Manchester United,1.0,1.2,1.6,4.0,1.2,1.8,1.4,3.8,0.8,1.2,1.8,2.0,0.45,0.25,0.3,2.6,6.0,6.0,7.0,4.5,1.45,0.14285714285714285,0.2222222222222222,0.6896551724137931,1.72,2.1,0.5813953488372093,0.47619047619047616,A,0,1,0,0
2021-12-12,2021/22,Burnley,West Ham United,1.4,1.2,1.2,3.8,1.6,1.6,1.4,4.0,1.4,1.2,1.6,1.0,0.0,0.0,1.0,2.0,8.0,8.0,3.6,3.6,2.0,0.2777777777777778,0.2777777777777778,0.5,1.87,2.03,0.53475935828877,0.4926108374384237,D,0,0,0,0
2021-12-12,2021/22,Leicester City,Newcastle United,1.6,2.0,1.0,5.0,1.2,1.4,1.2,4.0,2.0,2.2,0.8,1.4,0.5,0.0,0.5,4.5,7.0,8.0,1.66,4.1,4.75,0.6024096385542169,0.24390243902439027,0.21052631578947367,1.57,2.37,0.6369426751592356,0.42194092827004215,H,4,0,1,0
2021-12-12,2021/22,Crystal Palace,Everton,1.2,1.4,0.8,4.0,0.6,1.8,0.8,3.0,1.4,1.2,0.4,2.0,0.0,0.5,0.5,2.5,7.0,6.0,2.3,3.2,3.3,0.4347826086956522,0.3125,0.30303030303030304,2.3,1.61,0.4347826086956522,0.6211180124223602,H,3,1,1,1
2021-12-14,2021/22,Norwich City,Aston Villa,0.6,1.2,1.0,4.0,1.4,1.0,1.8,3.0,0.6,0.8,0.8,1.6,0.45,0.25,0.3,2.6,3.0,3.0,3.3,3.3,2.25,0.30303030303030304,0.30303030303030304,0.4444444444444444,2.1,1.72,0.47619047619047616,0.5813953488372093,A,0,2,0,0
2021-12-14,2021/22,Manchester City,Leeds United,2.2,0.6,3.0,9.2,1.2,1.4,1.0,5.0,1.6,0.6,1.0,1.4,0.0,0.5,0.5,2.5,3.0,3.0,1.14,8.5,15.0,0.8771929824561404,0.11764705882352941,0.06666666666666667,1.36,3.2,0.7352941176470588,0.3125,H,7,0,1,0
2021-12-15,2021/22,Brighton & Hove Albion,Wolverhampton Wanderers,0.6,1.0,0.8,3.6,0.2,0.4,1.0,2.2,0.8,1.2,0.8,1.2,0.0,0.5,0.5,4.5,11.0,4.0,2.25,3.1,3.5,0.4444444444444444,0.3225806451612903,0.2857142857142857,2.5,1.53,0.4,0.6535947712418301,A,0,1,0,0
2021-12-15,2021/22,Crystal Palace,Southampton,1.4,1.6,0.8,4.0,0.8,2.4,0.4,5.0,1.8,1.2,0.6,2.4,0.5,0.0,0.5,2.5,3.0,4.0,2.15,3.3,3.5,0.46511627906976744,0.30303030303030304,0.2857142857142857,2.1,1.72,0.47619047619047616,0.5813953488372093,D,2,2,1,1
2021-12-15,2021/22,Arsenal,West Ham United,1.6,1.8,1.2,5.0,1.0,1.2,1.0,4.0,2.2,0.6,1.2,0.8,0.5,0.5,0.0,4.5,4.0,3.0,2.1,3.6,3.3,0.47619047619047616,0.2777777777777778,0.30303030303030304,1.85,2.05,0.5405405405405405,0.48780487804878053,H,2,0,0,0
2021-12-16,2021/22,Chelsea,Everton,2.2,1.4,2.0,6.0,0.8,2.4,0.6,3.8,3.0,1.0,0.6,2.0,0.5,0.0,0.5,1.5,5.0,4.0,1.22,6.5,13.0,0.819672131147541,0.15384615384615385,0.07692307692307693,1.72,2.1,0.5813953488372093,0.47619047619047616,D,1,1,0,1
2021-12-16,2021/22,Liverpool,Newcastle United,2.8,0.2,3.0,6.4,1.0,2.0,1.0,4.4,2.6,0.8,0.6,2.0,0.0,1.0,0.0,1.0,5.0,4.0,1.12,9.0,19.0,0.8928571428571428,0.1111111111111111,0.05263157894736842,1.33,3.4,0.7518796992481203,0.29411764705882354,H,3,1,1,1
2021-12-18,2021/22,Leeds United,Arsenal,1.0,2.4,1.0,4.2,2.0,1.0,1.8,6.0,1.2,0.8,1.0,1.8,0.0,0.5,0.5,3.0,4.0,3.0,3.9,3.8,1.83,0.25641025641025644,0.2631578947368421,0.5464480874316939,1.72,2.1,0.5813953488372093,0.47619047619047616,A,1,4,1,1
2021-12-19,2021/22,Tottenham Hotspur,Liverpool,1.4,0.8,2.0,3.4,2.6,0.4,3.0,6.2,1.8,1.0,3.4,0.8,0.0,0.0,1.0,3.5,14.0,3.0,5.25,4.75,1.53,0.19047619047619047,0.21052631578947367,0.6535947712418301,1.66,2.2,0.6024096385542169,0.45454545454545453,D,2,2,1,1
2021-12-19,2021/22,Newcastle United,Manchester City,0.6,2.0,0.8,3.0,3.0,0.6,3.0,10.8,1.4,2.0,2.6,1.0,0.0,0.0,1.0,4.5,3.0,5.0,13.0,7.5,1.18,0.07692307692307693,0.13333333333333333,0.8474576271186441,,,,,A,0,4,1,0
2021-12-19,2021/22,Wolverhampton Wanderers,Chelsea,0.2,0.4,1.0,2.2,1.8,1.6,1.6,6.6,1.0,0.6,2.2,0.8,0.5,0.5,0.0,1.5,4.0,3.0,7.0,4.2,1.5,0.14285714285714285,0.23809523809523808,0.6666666666666666,2.1,1.72,0.47619047619047616,0.5813953488372093,D,0,0,0,0
2021-12-26,2021/22,Manchester City,Leicester City,3.4,0.4,3.0,10.4,2.2,1.8,1.4,5.4,2.6,0.6,1.6,1.6,0.6666666666666666,0.0,0.3333333333333333,3.3333333333333335,7.0,14.0,1.18,7.5,13.0,0.8474576271186441,0.13333333333333333,0.07692307692307693,1.36,3.2,0.7352941176470588,0.3125,H,6,3,1,1
2021-12-26,2021/22,Norwich City,Arsenal,0.2,1.4,0.4,3.8,2.4,1.2,1.8,7.2,0.6,1.2,1.8,2.0,0.0,0.0,1.0,1.0,12.0,8.0,8.0,4.75,1.4,0.125,0.21052631578947367,0.7142857142857143,1.72,2.1,0.5813953488372093,0.47619047619047616,A,0,5,1,0
2021-12-26,2021/22,Tottenham Hotspur,Crystal Palace,1.8,0.6,2.2,4.4,1.2,1.4,0.8,3.6,1.8,1.2,1.4,1.4,0.3333333333333333,0.3333333333333333,0.3333333333333333,3.3333333333333335,7.0,11.0,1.72,3.8,4.75,0.5813953488372093,0.2631578947368421,0.21052631578947367,1.95,1.95,0.5128205128205129,0.5128205128205129,H,3,0,1,0
2021-12-26,2021/22,West Ham United,Southampton,1.0,1.4,1.0,3.6,1.0,2.4,0.6,4.8,1.8,1.4,0.8,2.2,0.3333333333333333,0.6666666666666666,0.0,1.0,11.0,11.0,1.8,3.9,4.2,0.5555555555555556,0.25641025641025644,0.23809523809523808,1.72,2.1,0.5813953488372093,0.47619047619047616,A,2,3,1,1
2021-12-26,2021/22,Aston Villa,Chelsea,1.4,1.0,1.8,3.2,1.6,1.4,1.6,5.6,1.6,2.0,2.0,0.8,0.3333333333333333,0.3333333333333333,0.3333333333333333,2.6666666666666665,12.0,7.0,5.25,3.8,1.65,0.19047619047619047,0.2631578947368421,0.6060606060606061,2.05,1.85,0.48780487804878053,0.5405405405405405,A,1,3,1,1
2021-12-26,2021/22,Brighton & Hove Albion,Brentford,0.4,1.0,0.6,3.0,1.6,1.6,1.6,3.6,0.4,1.2,1.6,2.2,1.0,0.0,0.0,1.0,11.0,16.0,1.9,3.4,4.2,0.5263157894736842,0.29411764705882354,0.23809523809523808,2.2,1.66,0.45454545454545453,0.6024096385542169,H,2,0,0,0
2021-12-27,2021/22,Newcastle United,Manchester United,0.6,2.4,0.8,2.2,1.4,1.4,2.0,4.6,1.0,2.2,1.6,1.8,0.0,0.0,1.0,4.666666666666667,8.0,16.0,6.5,4.75,1.44,0.15384615384615385,0.21052631578947367,0.6944444444444444,1.61,2.3,0.6211180124223602,0.4347826086956522,D,1,1,0,1
2021-12-28,2021/22,Crystal Palace,Norwich City,1.0,1.6,0.8,3.0,0.2,2.4,0.2,3.4,1.8,1.2,0.6,2.4,0.45,0.25,0.3,2.6,2.0,2.0,1.65,3.75,5.5,0.6060606060606061,0.26666666666666666,0.18181818181818182,2.2,1.66,0.45454545454545453,0.6024096385542169,H,3,0,1,0
2021-12-28,2021/22,Southampton,Tottenham Hotspur,1.6,2.0,1.2,5.4,2.4,0.6,2.6,5.6,1.4,1.0,0.8,1.8,0.0,0.0,1.0,5.0,2.0,2.0,3.75,3.5,2.0,0.26666666666666666,0.2857142857142857,0.5,1.95,1.95,0.5128205128205129,0.5128205128205129,D,1,1,0,1
2021-12-28,2021/22,Watford,West Ham United,1.8,2.4,0.6,4.8,1.2,1.6,1.0,4.0,1.2,2.4,1.0,1.2,0.45,0.25,0.3,2.6,18.0,2.0,3.4,3.6,2.1,0.29411764705882354,0.2777777777777778,0.47619047619047616,1.72,2.1,0.5813953488372093,0.47619047619047616,A,1,4,1,1
2021-12-28,2021/22,Leicester City,Liverpool,2.8,2.4,1.4,6.4,2.2,0.8,2.6,6.2,2.4,1.8,2.8,1.2,0.5,0.0,0.5,3.5,2.0,9.0,8.0,5.5,1.33,0.125,0.18181818181818182,0.7518796992481203,1.3,3.5,0.7692307692307692,0.2857142857142857,H,1,0,0,0
2021-12-29,2021/22,Chelsea,Brighton & Hove Albion,1.8,1.4,1.6,5.6,0.8,0.6,1.2,3.6,2.6,1.0,0.8,1.2,0.5,0.5,0.0,2.0,3.0,3.0,1.4,4.5,7.5,0.7142857142857143,0.2222222222222222,0.13333333333333333,1.93,1.97,0.5181347150259068,0.5076142131979695,D,1,1,0,1
2021-12-29,2021/22,Brentford,Manchester City,1.0,1.4,1.4,4.0,4.2,0.8,3.0,10.8,1.0,1.2,3.0,0.6,0.45,0.25,0.3,2.6,3.0,3.0,19.0,8.0,1.14,0.05263157894736842,0.125,0.8771929824561404,1.5,2.62,0.6666666666666666,0.38167938931297707,A,0,1,0,0
2021-12-30,2021/22,Manchester United,Burnley,1.4,0.8,2.2,4.8,0.8,1.0,0.8,2.8,1.0,2.0,0.6,1.2,1.0,0.0,0.0,2.5,3.0,18.0,1.36,5.0,9.0,0.7352941176470588,0.2,0.1111111111111111,1.72,2.1,0.5813953488372093,0.47619047619047616,H,3,1,1,1
2022-01-01,2021/22,Watford,Tottenham Hotspur,1.2,3.0,0.0,4.4,2.2,0.6,2.2,7.0,1.4,2.2,1.0,1.4,0.0,0.0,1.0,1.0,4.0,4.0,5.0,4.2,1.61,0.2,0.23809523809523808,0.6211180124223602,1.72,2.1,0.5813953488372093,0.47619047619047616,A,0,1,0,0
2022-01-01,2021/22,Crystal Palace,West Ham United,1.6,1.4,1.4,4.0,1.8,1.6,1.4,4.0,2.2,1.0,1.0,1.2,0.0,0.6666666666666666,0.3333333333333333,3.6666666666666665,4.0,4.0,3.1,3.4,2.3,0.3225806451612903,0.29411764705882354,0.4347826086956522,1.87,2.03,0.53475935828877,0.4926108374384237,A,2,3,1,1
2022-01-01,2021/22,Arsenal,Manchester City,3.0,0.6,2.4,6.8,3.8,0.6,3.0,8.8,2.2,0.2,2.4,0.4,0.0,0.0,1.0,2.3333333333333335,6.0,3.0,5.75,4.75,1.5,0.17391304347826086,0.21052631578947367,0.6666666666666666,1.57,2.37,0.6369426751592356,0.42194092827004215,A,1,2,1,1
2022-01-02,2021/22,Brentford,Aston Villa,0.8,1.6,0.8,3.6,1.2,1.4,1.2,2.8,1.0,1.2,1.0,1.2,0.0,1.0,0.0,2.0,4.0,7.0,3.0,3.3,2.4,0.3333333333333333,0.30303030303030304,0.4166666666666667,2.0,1.8,0.5,0.5555555555555556,H,2,1,1,1
2022-01-02,2021/22,Everton,Brighton & Hove Albion,1.0,2.0,0.8,4.2,1.0,0.8,1.2,4.0,1.0,2.2,1.0,1.4,0.6666666666666666,0.3333333333333333,0.0,2.6666666666666665,17.0,4.0,2.75,3.2,2.62,0.36363636363636365,0.3125,0.38167938931297707,2.2,1.66,0.45454545454545453,0.6024096385542169,A,2,3,1,1
2022-01-02,2021/22,Leeds United,Burnley,1.2,3.2,0.8,3.8,0.8,1.4,0.6,3.0,1.2,1.6,0.8,1.4,0.6666666666666666,0.3333333333333333,0.0,2.3333333333333335,15.0,3.0,2.05,3.5,3.5,0.48780487804878053,0.2857142857142857,0.2857142857142857,1.72,2.1,0.5813953488372093,0.47619047619047616,H,3,1,1,1
2022-01-02,2021/22,Chelsea,Liverpool,1.6,1.0,1.8,5.2,1.4,0.8,2.0,5.6,1.4,1.2,1.8,1.4,0.3333333333333333,0.3333333333333333,0.3333333333333333,1.6666666666666667,4.0,5.0,3.1,3.5,2.25,0.3225806451612903,0.2857142857142857,0.4444444444444444,1.83,2.07,0.5464480874316939,0.48309178743961356,D,2,2,1,1
2022-01-03,2021/22,Manchester United,Wolverhampton Wanderers,1.8,0.8,2.6,5.6,0.2,0.4,1.0,2.0,1.4,2.0,0.4,0.8,1.0,0.0,0.0,1.6666666666666667,4.0,15.0,1.53,4.33,6.0,0.6535947712418301,0.23094688221709006,0.16666666666666666,1.98,1.92,0.5050505050505051,0.5208333333333334,A,0,1,0,0
2022-01-11,2021/22,Southampton,Brentford,1.4,1.8,1.2,4.4,1.2,1.4,1.4,4.0,1.4,1.2,1.2,2.4,0.45,0.25,0.3,2.6,14.0,9.0,2.05,3.4,3.6,0.48780487804878053,0.29411764705882354,0.2777777777777778,2.06,1.84,0.4854368932038835,0.5434782608695652,H,4,1,1,1
2022-01-12,2021/22,West Ham United,Norwich City,1.8,1.6,1.4,4.0,0.0,2.8,0.0,2.8,2.0,1.6,0.6,3.0,0.45,0.25,0.3,2.6,11.0,15.0,1.28,5.5,10.0,0.78125,0.18181818181818182,0.1,1.66,2.2,0.6024096385542169,0.45454545454545453,H,2,0,0,0
2022-01-14,2021/22,Brighton & Hove Albion,Crystal Palace,1.4,1.0,1.6,4.4,2.0,1.8,1.4,4.8,0.8,1.2,1.0,1.6,0.0,0.6666666666666666,0.3333333333333333,2.3333333333333335,12.0,13.0,2.05,3.3,3.8,0.48780487804878053,0.30303030303030304,0.2631578947368421,2.2,1.66,0.45454545454545453,0.6024096385542169,D,1,1,0,1
2022-01-15,2021/22,Manchester City,Chelsea,4.0,0.8,3.0,7.2,1.4,1.0,1.4,5.2,3.8,0.8,2.0,1.0,0.6666666666666666,0.0,0.3333333333333333,2.6666666666666665,14.0,13.0,1.65,4.0,5.0,0.6060606060606061,0.25,0.2,1.85,2.05,0.5405405405405405,0.48780487804878053,H,1,0,0,0
2022-01-15,2021/22,Norwich City,Everton,0.0,2.6,0.0,3.2,1.4,2.4,0.8,4.4,0.4,1.8,0.6,2.0,0.0,0.0,1.0,2.0,3.0,13.0,3.75,3.5,2.0,0.26666666666666666,0.2857142857142857,0.5,2.1,1.72,0.47619047619047616,0.5813953488372093,H,2,1,1,1
2022-01-15,2021/22,Aston Villa,Manchester United,1.2,1.4,1.2,3.2,1.2,0.6,2.0,4.0,1.4,2.0,1.4,1.2,0.3333333333333333,0.0,0.6666666666666666,2.6666666666666665,13.0,12.0,2.87,3.5,2.4,0.3484320557491289,0.2857142857142857,0.4166666666666667,1.89,2.01,0.5291005291005292,0.49751243781094534,D,2,2,1,1
2022-01-15,2021/22,Wolverhampton Wanderers,Southampton,0.4,0.4,1.4,2.8,2.0,1.8,1.6,4.8,0.6,0.4,1.2,2.6,0.6666666666666666,0.3333333333333333,0.0,2.0,12.0,4.0,2.25,3.2,3.4,0.4444444444444444,0.3125,0.29411764705882354,2.5,1.53,0.4,0.6535947712418301,H,3,1,1,1
2022-01-15,2021/22,Newcastle United,Watford,0.6,2.4,0.8,3.6,0.8,2.4,0.0,4.2,1.2,1.8,1.6,2.0,0.0,1.0,0.0,2.0,19.0,14.0,2.0,3.6,3.6,0.5,0.2777777777777778,0.2777777777777778,1.8,2.0,0.5555555555555556,0.5,D,1,1,0,1
2022-01-16,2021/22,Liverpool,Brentford,1.6,1.2,1.6,5.8,1.0,1.8,1.2,4.2,2.8,0.6,1.2,2.6,0.0,1.0,0.0,6.0,14.0,5.0,1.3,5.5,10.0,0.7692307692307692,0.18181818181818182,0.1,1.66,2.2,0.6024096385542169,0.45454545454545453,H,3,0,1,0
2022-01-16,2021/22,West Ham United,Leeds United,2.2,1.6,1.8,4.4,1.6,3.4,0.8,4.6,2.2,1.6,1.0,2.6,1.0,0.0,0.0,2.6666666666666665,4.0,14.0,1.61,4.2,5.0,0.6211180124223602,0.23809523809523808,0.2,1.61,2.3,0.6211180124223602,0.4347826086956522,A,2,3,1,1
2022-01-18,2021/22,Brighton & Hove Albion,Chelsea,1.4,1.0,1.6,4.4,1.2,1.0,1.2,3.4,0.8,0.6,1.4,1.2,0.0,0.6666666666666666,0.3333333333333333,2.0,4.0,3.0,4.75,3.75,1.72,0.21052631578947367,0.26666666666666666,0.5813953488372093,2.1,1.72,0.47619047619047616,0.5813953488372093,D,1,1,0,1
2022-01-19,2021/22,Leicester City,Tottenham Hotspur,2.2,2.0,1.4,5.0,2.0,0.6,2.2,7.6,1.8,1.4,1.0,0.8,0.5,0.0,0.5,4.0,22.0,18.0,3.0,3.5,2.3,0.3333333333333333,0.2857142857142857,0.4347826086956522,1.72,2.1,0.5813953488372093,0.47619047619047616,A,2,3,1,1
2022-01-19,2021/22,Brentford,Manchester United,0.6,2.2,0.6,3.4,1.4,1.0,1.6,4.6,1.2,1.0,1.2,1.6,0.45,0.25,0.3,2.6,3.0,4.0,4.5,3.7,1.8,0.2222222222222222,0.27027027027027023,0.5555555555555556,1.93,1.97,0.5181347150259068,0.5076142131979695,A,1,3,1,1
2022-01-21,2021/22,Watford,Norwich City,0.8,2.2,0.2,4.0,0.4,2.6,0.6,2.8,1.4,2.2,0.6,2.0,1.0,0.0,0.0,4.0,6.0,6.0,2.0,3.5,3.75,0.5,0.2857142857142857,0.26666666666666666,1.94,1.96,0.5154639175257733,0.5102040816326531,A,0,3,1,0
2022-01-22,2021/22,Everton,Aston Villa,1.4,2.0,0.8,5.0,1.2,1.6,0.8,4.2,1.4,2.6,1.0,1.0,0.0,0.3333333333333333,0.6666666666666666,2.0,7.0,7.0,2.75,3.25,2.62,0.36363636363636365,0.3076923076923077,0.38167938931297707,2.05,1.85,0.48780487804878053,0.5405405405405405,A,0,1,0,0
2022-01-22,2021/22,Southampton,Manchester City,2.2,1.8,1.6,5.6,2.8,0.8,3.0,5.4,1.8,1.0,2.4,0.6,0.0,0.3333333333333333,0.6666666666666666,2.6666666666666665,7.0,7.0,10.0,6.5,1.25,0.1,0.15384615384615385,0.8,1.44,2.75,0.6944444444444444,0.36363636363636365,D,1,1,0,1
2022-01-22,2021/22,Brentford,Wolverhampton Wanderers,0.8,2.4,0.6,3.8,1.0,0.4,2.0,3.6,1.2,1.2,0.4,0.6,1.0,0.0,0.0,2.0,3.0,7.0,3.2,2.8,2.6,0.3125,0.35714285714285715,0.3846153846153846,2.5,1.53,0.4,0.6535947712418301,A,1,2,1,1
2022-01-22,2021/22,Manchester United,West Ham United,1.8,1.2,1.6,4.6,2.6,1.8,1.8,5.2,1.4,1.2,1.6,1.4,1.0,0.0,0.0,2.6666666666666665,3.0,6.0,1.85,3.8,4.0,0.5405405405405405,0.2631578947368421,0.25,1.66,2.2,0.6024096385542169,0.45454545454545453,H,1,0,0,0
2022-01-22,2021/22,Leeds United,Newcastle United,1.8,3.4,1.2,4.4,0.6,2.6,0.4,3.0,1.6,1.6,0.6,2.2,0.6666666666666666,0.3333333333333333,0.0,4.0,6.0,7.0,2.0,3.5,3.75,0.5,0.2857142857142857,0.26666666666666666,1.66,2.2,0.6024096385542169,0.45454545454545453,A,0,1,0,0
2022-01-23,2021/22,Leicester City,Brighton & Hove Albion,2.2,2.2,1.2,4.6,1.6,1.0,1.8,4.4,2.2,1.6,1.2,1.4,0.6666666666666666,0.0,0.3333333333333333,3.0,4.0,5.0,2.5,3.25,2.9,0.4,0.3076923076923077,0.3448275862068966,1.98,1.92,0.5050505050505051,0.5208333333333334,D,1,1,0,1
2022-01-23,2021/22,Arsenal,Burnley,3.0,0.6,2.4,6.6,0.4,1.4,0.4,1.6,1.8,0.4,0.6,1.6,0.3333333333333333,0.3333333333333333,0.3333333333333333,1.3333333333333333,22.0,21.0,1.36,4.75,9.0,0.7352941176470588,0.21052631578947367,0.1111111111111111,1.8,2.0,0.5555555555555556,0.5,D,0,0,0,0
2022-01-23,2021/22,Crystal Palace,Liverpool,1.6,1.8,1.0,3.8,2.0,1.2,1.6,7.4,2.2,1.6,1.8,1.2,0.0,0.0,1.0,4.0,9.0,7.0,6.0,4.2,1.53,0.16666666666666666,0.23809523809523808,0.6535947712418301,1.72,2.1,0.5813953488372093,0.47619047619047616,A,1,3,1,1
2022-01-23,2021/22,Chelsea,Tottenham Hotspur,1.4,1.2,1.2,3.8,2.0,1.0,2.2,8.2,1.6,1.4,1.0,0.8,0.6666666666666666,0.3333333333333333,0.0,1.3333333333333333,5.0,4.0,1.61,4.2,5.0,0.6211180124223602,0.23809523809523808,0.2,1.94,1.96,0.5154639175257733,0.5102040816326531,H,2,0,0,0
2022-02-05,2021/22,Burnley,Watford,0.4,1.4,0.4,1.6,0.6,2.2,0.2,4.0,1.2,1.0,1.8,2.0,0.45,0.25,0.3,2.6,13.0,15.0,2.2,3.25,3.5,0.45454545454545453,0.3076923076923077,0.2857142857142857,2.1,1.72,0.47619047619047616,0.5813953488372093,D,0,0,0,0
2022-02-08,2021/22,Newcastle United,Everton,0.8,1.8,1.0,3.0,1.0,2.0,0.2,4.2,0.8,1.4,0.6,2.0,1.0,0.0,0.0,2.5,17.0,17.0,2.5,3.25,2.87,0.4,0.3076923076923077,0.3484320557491289,1.91,1.99,0.5235602094240838,0.5025125628140703,H,3,1,1,1
2022-02-08,2021/22,West Ham United,Watford,2.2,1.4,1.8,4.4,0.4,1.8,0.4,4.6,2.0,1.8,0.8,1.6,1.0,0.0,0.0,5.0,17.0,3.0,1.55,4.2,5.75,0.6451612903225806,0.23809523809523808,0.17391304347826086,1.72,2.1,0.5813953488372093,0.47619047619047616,H,1,0,0,0
2022-02-08,2021/22,Burnley,Manchester United,0.4,1.2,0.6,1.8,1.8,1.0,2.0,4.4,1.2,0.8,1.6,1.0,0.0,0.0,1.0,3.0,3.0,17.0,5.5,4.0,1.61,0.18181818181818182,0.25,0.6211180124223602,1.85,2.05,0.5405405405405405,0.48780487804878053,D,1,1,0,1
2022-02-09,2021/22,Manchester City,Brentford,2.2,1.0,2.6,5.0,1.0,2.6,0.6,3.6,3.4,0.8,0.6,2.6,1.0,0.0,0.0,1.0,18.0,18.0,1.1,9.5,23.0,0.9090909090909091,0.10526315789473684,0.043478260869565216,1.36,3.2,0.7352941176470588,0.3125,H,2,0,0,0
2022-02-09,2021/22,Norwich City,Crystal Palace,1.0,2.2,1.2,2.6,1.4,2.0,0.8,3.6,0.4,1.8,0.8,1.8,0.0,0.0,1.0,3.0,19.0,17.0,3.5,3.25,2.15,0.2857142857142857,0.3076923076923077,0.46511627906976744,2.1,1.72,0.47619047619047616,0.5813953488372093,D,1,1,0,1
2022-02-09,2021/22,Tottenham Hotspur,Southampton,1.6,1.0,2.0,7.8,2.0,1.6,1.6,5.4,2.4,0.6,1.2,2.8,0.6666666666666666,0.3333333333333333,0.0,4.0,17.0,18.0,1.6,4.0,5.5,0.625,0.25,0.18181818181818182,1.8,2.0,0.5555555555555556,0.5,A,2,3,1,1
2022-02-09,2021/22,Aston Villa,Leeds United,1.4,1.4,1.4,4.8,1.4,3.0,1.2,4.2,1.6,1.6,1.2,2.8,0.5,0.0,0.5,2.0,18.0,18.0,1.8,3.8,4.2,0.5555555555555556,0.2631578947368421,0.23809523809523808,1.72,2.1,0.5813953488372093,0.47619047619047616,D,3,3,1,1
2022-02-10,2021/22,Liverpool,Leicester City,2.0,1.2,1.6,7.2,2.2,2.0,1.4,4.6,3.0,0.2,1.8,2.4,0.3333333333333333,0.0,0.6666666666666666,2.6666666666666665,18.0,18.0,1.25,6.5,10.0,0.8,0.15384615384615385,0.1,1.33,3.4,0.7518796992481203,0.29411764705882354,H,2,0,0,0
2022-02-10,2021/22,Wolverhampton Wanderers,Arsenal,1.4,0.4,2.6,3.8,2.4,0.6,2.0,6.6,0.8,0.4,2.4,2.0,1.0,0.0,0.0,3.0,19.0,18.0,3.5,3.2,2.2,0.2857142857142857,0.3125,0.45454545454545453,2.3,1.61,0.4347826086956522,0.6211180124223602,A,0,1,0,0
2022-02-12,2021/22,Manchester United,Southampton,1.4,1.0,1.6,4.2,2.0,1.6,1.6,6.2,1.6,0.8,1.8,2.4,0.6666666666666666,0.3333333333333333,0.0,5.333333333333333,4.0,3.0,1.6,4.0,5.5,0.625,0.25,0.18181818181818182,1.72,2.1,0.5813953488372093,0.47619047619047616,D,1,1,0,1
2022-02-12,2021/22,Brentford,Crystal Palace,0.6,2.8,0.0,3.2,1.6,1.6,1.0,4.6,1.2,1.6,0.4,1.4,0.0,1.0,0.0,0.0,3.0,3.0,2.55,3.1,3.0,0.3921568627450981,0.3225806451612903,0.3333333333333333,2.3,1.61,0.4347826086956522,0.6211180124223602,D,0,0,0,0
2022-02-12,2021/22,Everton,Leeds United,1.0,2.0,0.2,3.6,2.0,2.2,1.4,5.2,1.0,1.8,1.6,3.0,0.3333333333333333,0.3333333333333333,0.3333333333333333,2.6666666666666665,4.0,3.0,2.25,3.5,3.0,0.4444444444444444,0.2857142857142857,0.3333333333333333,1.66,2.2,0.6024096385542169,0.45454545454545453,H,3,0,1,0
2022-02-12,2021/22,Watford,Brighton & Hove Albion,0.2,1.2,0.4,3.8,1.4,1.2,1.4,4.4,0.6,2.6,1.4,1.2,0.0,0.0,1.0,2.0,4.0,20.0,3.5,3.3,2.05,0.2857142857142857,0.30303030303030304,0.48780487804878053,2.3,1.61,0.4347826086956522,0.6211180124223602,A,0,2,0,0
2022-02-12,2021/22,Norwich City,Manchester City,1.2,1.4,1.4,2.4,1.4,0.4,2.6,4.6,0.6,2.0,2.2,0.6,0.0,0.0,1.0,5.0,3.0,3.0,15.0,8.0,1.16,0.06666666666666667,0.125,0.8620689655172414,1.44,2.75,0.6944444444444444,0.36363636363636365,A,0,4,1,0
2022-02-13,2021/22,Newcastle United,Aston Villa,1.2,1.4,1.6,4.4,1.6,2.0,1.0,4.4,1.2,1.4,1.2,0.8,0.0,0.3333333333333333,0.6666666666666666,2.0,5.0,4.0,2.7,3.3,2.62,0.37037037037037035,0.30303030303030304,0.38167938931297707,1.85,2.05,0.5405405405405405,0.48780487804878053,H,1,0,0,0
2022-02-13,2021/22,Burnley,Liverpool,0.6,1.4,0.6,2.2,2.0,0.8,2.0,8.2,1.4,1.0,1.6,1.2,0.3333333333333333,0.0,0.6666666666666666,2.0,5.0,3.0,10.0,5.25,1.28,0.1,0.19047619047619047,0.78125,1.57,2.37,0.6369426751592356,0.42194092827004215,A,0,1,0,0
2022-02-13,2021/22,Leicester City,West Ham United,1.4,2.4,0.8,3.8,1.6,1.2,1.8,3.8,2.4,1.2,1.4,1.2,0.0,0.0,1.0,4.333333333333333,3.0,5.0,2.9,3.5,2.3,0.3448275862068966,0.2857142857142857,0.4347826086956522,1.66,2.2,0.6024096385542169,0.45454545454545453,D,2,2,1,1
2022-02-13,2021/22,Tottenham Hotspur,Wolverhampton Wanderers,1.4,1.6,1.4,7.2,1.2,0.6,2.0,3.6,2.4,1.0,0.8,0.4,0.6666666666666666,0.3333333333333333,0.0,1.6666666666666667,4.0,3.0,1.7,3.6,5.5,0.5882352941176471,0.2777777777777778,0.18181818181818182,2.2,1.66,0.45454545454545453,0.6024096385542169,A,0,2,0,0
2022-02-15,2021/22,Manchester United,Brighton & Hove Albion,1.6,1.0,1.8,5.4,1.6,1.0,1.8,4.4,1.2,0.6,1.6,1.0,1.0,0.0,0.0,4.0,3.0,3.0,1.72,3.75,4.75,0.5813953488372093,0.26666666666666666,0.21052631578947367,1.92,1.98,0.5208333333333334,0.5050505050505051,H,2,0,0,0
2022-02-19,2021/22,West Ham United,Newcastle United,1.4,1.2,1.4,3.4,1.4,0.6,2.2,4.6,2.0,1.6,0.6,2.0,0.3333333333333333,0.0,0.6666666666666666,4.333333333333333,6.0,6.0,1.7,4.0,4.75,0.5882352941176471,0.25,0.21052631578947367,1.8,2.0,0.5555555555555556,0.5,D,1,1,0,1
2022-02-19,2021/22,Arsenal,Brentford,2.2,0.6,2.0,5.4,0.4,2.0,0.2,2.8,1.6,0.4,0.6,2.6,0.0,0.0,1.0,2.0,9.0,7.0,1.44,4.2,8.0,0.6944444444444444,0.23809523809523808,0.125,1.97,1.93,0.5076142131979695,0.5181347150259068,H,2,1,1,1
2022-02-19,2021/22,Aston Villa,Watford,1.4,1.6,1.0,4.4,0.2,1.4,0.4,3.2,1.8,2.2,0.8,1.6,0.0,0.0,1.0,5.0,6.0,7.0,1.65,3.6,5.75,0.6060606060606061,0.2777777777777778,0.17391304347826086,2.01,1.89,0.49751243781094534,0.5291005291005292,A,0,1,0,0
2022-02-19,2021/22,Brighton & Hove Albion,Burnley,1.0,1.0,1.2,4.0,0.4,1.0,0.6,2.6,0.8,0.6,0.4,1.4,0.3333333333333333,0.6666666666666666,0.0,1.6666666666666667,4.0,6.0,1.66,3.5,6.0,0.6024096385542169,0.2857142857142857,0.16666666666666666,2.2,1.66,0.45454545454545453,0.6024096385542169,A,0,3,1,0
2022-02-19,2021/22,Crystal Palace,Chelsea,1.0,1.6,0.6,4.0,1.2,1.0,1.2,4.4,2.2,1.8,1.2,1.2,0.0,0.0,1.0,4.0,7.0,27.0,5.5,3.8,1.65,0.18181818181818182,0.2631578947368421,0.6060606060606061,2.05,1.85,0.48780487804878053,0.5405405405405405,A,0,1,0,0
2022-02-19,2021/22,Liverpool,Norwich City,2.2,0.6,2.6,8.2,1.2,1.6,1.4,2.4,2.6,0.2,0.8,1.8,1.0,0.0,0.0,3.0,6.0,7.0,1.1,9.0,23.0,0.9090909090909091,0.1111111111111111,0.043478260869565216,1.36,3.2,0.7352941176470588,0.3125,H,3,1,1,1
2022-02-19,2021/22,Southampton,Everton,2.0,1.6,1.6,6.6,1.4,1.8,0.6,5.0,1.8,1.2,0.8,2.0,0.3333333333333333,0.0,0.6666666666666666,2.3333333333333335,7.0,7.0,2.1,3.5,3.5,0.47619047619047616,0.2857142857142857,0.2857142857142857,1.72,2.1,0.5813953488372093,0.47619047619047616,H,2,0,0,0
2022-02-19,2021/22,Manchester City,Tottenham Hotspur,2.0,0.4,2.6,5.8,1.2,1.8,1.2,6.4,3.4,0.6,1.0,1.0,0.3333333333333333,0.0,0.6666666666666666,2.0,7.0,6.0,1.28,6.0,10.0,0.78125,0.16666666666666666,0.1,1.57,2.37,0.6369426751592356,0.42194092827004215,A,2,3,1,1
2022-02-20,2021/22,Leeds United,Manchester United,1.8,2.0,1.4,4.8,1.6,0.6,2.2,5.6,1.4,1.6,1.6,1.0,0.0,0.3333333333333333,0.6666666666666666,4.666666666666667,8.0,5.0,3.9,3.8,1.85,0.25641025641025644,0.2631578947368421,0.5405405405405405,1.61,2.3,0.6211180124223602,0.4347826086956522,A,2,4,1,1
2022-02-20,2021/22,Wolverhampton Wanderers,Leicester City,1.6,0.6,2.4,4.8,1.2,1.6,1.0,2.6,0.6,0.6,1.4,2.6,0.0,0.3333333333333333,0.6666666666666666,0.6666666666666666,7.0,7.0,2.25,3.3,3.25,0.4444444444444444,0.30303030303030304,0.3076923076923077,2.1,1.72,0.47619047619047616,0.5813953488372093,H,2,1,1,1
2022-02-23,2021/22,Burnley,Tottenham Hotspur,0.8,0.4,1.2,3.0,1.6,2.2,1.2,5.6,0.8,1.0,1.6,1.4,0.0,0.0,1.0,2.5,4.0,4.0,4.6,3.8,1.75,0.2173913043478261,0.2631578947368421,0.5714285714285714,2.1,1.72,0.47619047619047616,0.5813953488372093,H,1,0,0,0
2022-02-23,2021/22,Watford,Crystal Palace,0.2,1.2,0.8,3.0,0.6,1.2,0.6,2.8,0.4,2.6,0.4,1.2,0.45,0.25,0.3,2.6,4.0,4.0,3.1,3.3,2.3,0.3225806451612903,0.30303030303030304,0.4347826086956522,2.2,1.66,0.45454545454545453,0.6024096385542169,A,1,4,1,1
2022-02-23,2021/22,Liverpool,Leeds United,2.4,0.4,3.0,8.6,1.6,2.6,0.8,4.6,2.4,0.4,1.6,3.6,0.6666666666666666,0.3333333333333333,0.0,4.0,4.0,3.0,1.16,8.0,15.0,0.8620689655172414,0.125,0.06666666666666667,1.28,3.75,0.78125,0.26666666666666666,H,6,0,1,0
2022-02-24,2021/22,Arsenal,Wolverhampton Wanderers,1.8,0.6,2.0,4.6,1.8,0.8,2.4,4.2,1.6,0.6,1.2,0.4,0.3333333333333333,0.0,0.6666666666666666,2.3333333333333335,5.0,4.0,1.65,3.8,5.5,0.6060606060606061,0.2631578947368421,0.18181818181818182,2.2,1.66,0.45454545454545453,0.6024096385542169,H,2,1,1,1
2022-02-25,2021/22,Southampton,Norwich City,1.6,1.4,1.6,7.6,1.4,1.8,1.4,2.0,1.8,0.8,0.8,2.2,0.0,0.0,1.0,3.0,6.0,6.0,1.53,4.33,6.0,0.6535947712418301,0.23094688221709006,0.16666666666666666,1.72,2.1,0.5813953488372093,0.47619047619047616,H,2,0,0,0
2022-02-26,2021/22,Leeds United,Tottenham Hotspur,1.0,3.4,0.2,4.0,1.0,2.0,0.6,4.0,1.6,2.4,1.4,1.4,0.3333333333333333,0.0,0.6666666666666666,3.3333333333333335,3.0,3.0,4.2,3.6,1.85,0.23809523809523808,0.2777777777777778,0.5405405405405405,1.61,2.3,0.6211180124223602,0.4347826086956522,A,0,4,1,0
2022-02-26,2021/22,Brentford,Newcastle United,0.6,1.8,0.2,3.0,1.4,0.6,2.2,3.6,0.8,1.4,0.6,2.0,0.0,1.0,0.0,6.0,7.0,7.0,2.5,3.2,3.0,0.4,0.3125,0.3333333333333333,2.3,1.61,0.4347826086956522,0.6211180124223602,A,0,2,0,0
2022-02-26,2021/22,Crystal Palace,Burnley,1.2,1.2,1.0,3.6,1.0,0.4,1.6,3.6,1.6,1.8,1.0,1.4,0.0,0.3333333333333333,0.6666666666666666,3.3333333333333335,3.0,3.0,1.9,3.6,4.0,0.5263157894736842,0.2777777777777778,0.25,2.2,1.66,0.45454545454545453,0.6024096385542169,D,1,1,0,1
2022-02-26,2021/22,Manchester United,Watford,1.8,0.8,2.2,6.4,0.4,1.4,0.8,2.4,1.4,0.6,0.6,0.8,0.0,0.0,1.0,5.0,6.0,3.0,1.3,5.5,9.5,0.7692307692307692,0.18181818181818182,0.10526315789473684,1.61,2.3,0.6211180124223602,0.4347826086956522,D,0,0,0,0
2022-02-26,2021/22,Brighton & Hove Albion,Aston Villa,0.8,1.4,1.0,3.4,1.2,1.4,1.0,3.6,0.8,1.2,0.8,0.8,0.3333333333333333,0.3333333333333333,0.3333333333333333,1.6666666666666667,7.0,7.0,2.2,3.3,3.5,0.45454545454545453,0.30303030303030304,0.2857142857142857,2.1,1.72,0.47619047619047616,0.5813953488372093,A,0,2,0,0
2022-02-26,2021/22,Everton,Manchester City,1.0,1.6,0.6,3.8,2.0,0.8,2.0,6.2,1.6,1.8,2.4,0.4,0.0,0.0,1.0,4.0,7.0,7.0,10.0,5.75,1.28,0.1,0.17391304347826086,0.78125,1.57,2.37,0.6369426751592356,0.42194092827004215,A,0,1,0,0
2022-02-27,2021/22,West Ham United,Wolverhampton Wanderers,1.2,1.4,1.0,3.0,1.4,1.0,1.8,3.6,1.6,1.4,1.4,0.6,0.6666666666666666,0.0,0.3333333333333333,3.3333333333333335,8.0,3.0,2.05,3.3,3.8,0.48780487804878053,0.30303030303030304,0.2631578947368421,2.3,1.61,0.4347826086956522,0.6211180124223602,H,1,0,0,0
2022-03-01,2021/22,Burnley,Leicester City,1.2,0.6,1.6,3.4,1.2,2.0,0.4,3.8,0.4,0.4,1.4,2.8,0.0,0.6666666666666666,0.3333333333333333,4.0,3.0,9.0,2.9,3.4,2.4,0.3448275862068966,0.29411764705882354,0.4166666666666667,2.02,1.88,0.49504950495049505,0.5319148936170213,A,0,2,0,0
2022-03-05,2021/22,Burnley,Chelsea,1.0,0.8,1.4,3.2,1.2,0.8,1.6,4.0,0.4,0.8,1.0,0.6,0.0,0.3333333333333333,0.6666666666666666,2.3333333333333335,4.0,14.0,6.5,4.33,1.5,0.15384615384615385,0.23094688221709006,0.6666666666666666,2.1,1.72,0.47619047619047616,0.5813953488372093,A,0,4,1,0
2022-03-05,2021/22,Leicester City,Leeds United,1.2,1.4,1.0,4.2,1.0,4.0,0.2,3.8,2.0,1.2,1.2,4.2,0.3333333333333333,0.3333333333333333,0.3333333333333333,3.6666666666666665,4.0,7.0,1.75,4.0,4.2,0.5714285714285714,0.25,0.23809523809523808,1.53,2.5,0.6535947712418301,0.4,H,1,0,0,0
2022-03-05,2021/22,Norwich City,Brentford,1.0,2.0,0.8,1.6,0.4,1.6,0.2,1.6,0.6,2.6,0.4,2.6,1.0,0.0,0.0,3.0,8.0,7.0,2.9,3.1,2.5,0.3448275862068966,0.3225806451612903,0.4,2.3,1.61,0.4347826086956522,0.6211180124223602,A,1,3,1,1
2022-03-05,2021/22,Aston Villa,Southampton,1.2,1.0,1.4,2.6,1.8,0.8,2.2,7.4,1.6,2.0,2.0,2.0,0.3333333333333333,0.0,0.6666666666666666,3.0,7.0,8.0,2.3,3.5,3.0,0.4347826086956522,0.2857142857142857,0.3333333333333333,1.86,2.04,0.5376344086021505,0.49019607843137253,H,4,0,1,0
2022-03-05,2021/22,Wolverhampton Wanderers,Crystal Palace,1.0,1.0,1.2,3.4,1.2,0.8,1.2,3.4,1.0,0.8,1.2,1.2,0.3333333333333333,0.0,0.6666666666666666,1.6666666666666667,6.0,7.0,2.3,3.1,3.4,0.4347826086956522,0.3225806451612903,0.29411764705882354,2.62,1.5,0.38167938931297707,0.6666666666666666,A,0,2,0,0
2022-03-05,2021/22,Liverpool,West Ham United,3.0,0.4,3.0,9.0,1.0,0.8,1.6,2.8,3.4,0.4,1.8,1.6,0.6666666666666666,0.0,0.3333333333333333,4.0,10.0,6.0,1.28,5.75,9.5,0.78125,0.17391304347826086,0.10526315789473684,1.5,2.62,0.6666666666666666,0.38167938931297707,H,1,0,0,0
2022-03-05,2021/22,Newcastle United,Brighton & Hove Albion,1.6,0.4,2.6,5.6,0.6,1.6,0.8,3.2,1.2,1.4,1.4,1.2,0.0,0.3333333333333333,0.6666666666666666,2.6666666666666665,7.0,7.0,2.75,3.2,2.62,0.36363636363636365,0.3125,0.38167938931297707,2.3,1.61,0.4347826086956522,0.6211180124223602,H,2,1,1,1
2022-03-06,2021/22,Watford,Arsenal,0.4,1.4,0.8,1.8,1.2,0.8,2.0,4.4,0.4,2.8,2.6,1.2,0.0,0.0,1.0,1.0,8.0,10.0,6.0,4.0,1.57,0.16666666666666666,0.25,0.6369426751592356,2.05,1.85,0.48780487804878053,0.5405405405405405,A,2,3,1,1
2022-03-06,2021/22,Manchester City,Manchester United,2.0,0.8,2.0,6.6,1.6,0.8,1.8,6.4,3.6,1.2,2.2,1.4,0.3333333333333333,0.3333333333333333,0.3333333333333333,1.3333333333333333,8.0,8.0,1.4,4.75,7.5,0.7142857142857143,0.21052631578947367,0.13333333333333333,1.61,2.3,0.6211180124223602,0.4347826086956522,H,4,1,1,1
2022-03-07,2021/22,Tottenham Hotspur,Everton,1.8,1.6,1.2,5.6,0.8,1.4,0.6,3.2,2.0,1.4,0.8,2.2,0.0,0.6666666666666666,0.3333333333333333,1.6666666666666667,9.0,9.0,1.57,3.8,5.75,0.6369426751592356,0.2631578947368421,0.17391304347826086,1.72,2.1,0.5813953488372093,0.47619047619047616,H,5,0,1,0
2022-03-10,2021/22,Norwich City,Chelsea,0.6,2.6,0.2,2.6,1.6,0.4,2.0,3.8,0.8,2.8,1.8,0.6,0.0,0.0,1.0,7.0,5.0,5.0,11.0,4.75,1.3,0.09090909090909091,0.21052631578947367,0.7692307692307692,1.72,2.1,0.5813953488372093,0.47619047619047616,A,1,3,1,1
2022-03-10,2021/22,Southampton,Newcastle United,1.6,1.4,2.0,7.0,1.8,0.6,2.6,5.8,2.0,0.6,1.0,1.6,0.3333333333333333,0.3333333333333333,0.3333333333333333,3.6666666666666665,5.0,5.0,2.0,3.75,3.5,0.5,0.26666666666666666,0.2857142857142857,1.8,2.0,0.5555555555555556,0.5,A,1,2,1,1
2022-03-10,2021/22,Wolverhampton Wanderers,Watford,1.0,1.2,1.2,3.6,0.8,1.8,0.8,3.0,1.0,1.0,0.4,0.4,1.0,0.0,0.0,2.0,5.0,4.0,1.75,3.6,4.5,0.5714285714285714,0.2777777777777778,0.2222222222222222,2.3,1.61,0.4347826086956522,0.6211180124223602,H,4,0,1,0
2022-03-10,2021/22,Leeds United,Aston Villa,0.4,3.6,0.0,3.0,1.8,1.0,1.4,3.8,1.2,2.8,1.2,0.6,0.3333333333333333,0.3333333333333333,0.3333333333333333,3.3333333333333335,5.0,5.0,2.7,3.5,2.5,0.37037037037037035,0.2857142857142857,0.4,1.72,2.1,0.5813953488372093,0.47619047619047616,A,0,3,1,0
2022-03-12,2021/22,Brighton & Hove Albion,Liverpool,0.6,1.8,0.6,3.0,2.6,0.2,3.0,8.6,0.8,1.4,1.6,1.2,0.3333333333333333,0.6666666666666666,0.0,2.3333333333333335,7.0,7.0,6.0,4.33,1.5,0.16666666666666666,0.23094688221709006,0.6666666666666666,1.72,2.1,0.5813953488372093,0.47619047619047616,A,0,2,0,0
2022-03-12,2021/22,Brentford,Burnley,0.8,1.4,0.8,2.6,1.0,1.4,1.4,2.4,0.8,1.6,1.2,1.4,0.0,0.0,1.0,4.0,7.0,7.0,2.15,3.2,3.6,0.46511627906976744,0.3125,0.2777777777777778,2.3,1.61,0.4347826086956522,0.6211180124223602,H,2,0,0,0
2022-03-12,2021/22,Manchester United,Tottenham Hotspur,1.6,1.4,1.6,5.8,2.4,1.0,1.8,6.4,0.8,0.4,2.0,1.4,0.6666666666666666,0.0,0.3333333333333333,4.666666666666667,6.0,5.0,2.2,3.4,3.25,0.45454545454545453,0.29411764705882354,0.3076923076923077,1.72,2.1,0.5813953488372093,0.47619047619047616,H,3,2,1,1
2022-03-13,2021/22,Everton,Wolverhampton Wanderers,0.8,2.2,0.6,3.0,1.4,1.2,1.2,3.2,1.4,1.2,1.2,0.8,0.6666666666666666,0.0,0.3333333333333333,2.3333333333333335,6.0,3.0,2.3,3.2,3.3,0.4347826086956522,0.3125,0.30303030303030304,2.3,1.61,0.4347826086956522,0.6211180124223602,A,0,1,0,0
2022-03-13,2021/22,Leeds United,Norwich City,0.4,3.6,0.0,3.2,0.6,3.0,0.0,3.0,1.0,2.6,0.8,2.0,1.0,0.0,0.0,3.0,3.0,3.0,1.55,4.2,5.75,0.6451612903225806,0.23809523809523808,0.17391304347826086,1.66,2.2,0.6024096385542169,0.45454545454545453,H,2,1,1,1
2022-03-13,2021/22,Chelsea,Newcastle United,2.2,0.4,2.6,5.0,1.6,0.6,2.6,4.8,1.8,1.2,1.4,1.0,1.0,0.0,0.0,2.3333333333333335,3.0,3.0,1.3,5.25,11.0,0.7692307692307692,0.19047619047619047,0.09090909090909091,1.72,2.1,0.5813953488372093,0.47619047619047616,H,1,0,0,0
2022-03-13,2021/22,West Ham United,Aston Villa,1.0,0.8,1.6,3.6,1.8,0.4,1.8,4.8,1.4,0.8,1.4,0.6,1.0,0.0,0.0,4.0,8.0,3.0,2.25,3.3,3.3,0.4444444444444444,0.30303030303030304,0.30303030303030304,2.01,1.89,0.49751243781094534,0.5291005291005292,H,2,1,1,1
2022-03-13,2021/22,Arsenal,Leicester City,1.6,0.8,2.6,4.8,1.2,1.2,1.4,4.0,1.4,0.8,1.4,2.4,0.6666666666666666,0.0,0.3333333333333333,2.3333333333333335,7.0,8.0,1.5,4.5,6.0,0.6666666666666666,0.2222222222222222,0.16666666666666666,1.61,2.3,0.6211180124223602,0.4347826086956522,H,2,0,0,0
2022-03-13,2021/22,Southampton,Watford,1.2,1.4,1.4,6.0,0.8,2.2,0.8,2.8,2.0,0.8,0.2,1.0,1.0,0.0,0.0,1.0,3.0,3.0,1.6,4.2,5.25,0.625,0.23809523809523808,0.19047619047619047,1.8,2.0,0.5555555555555556,0.5,A,1,2,1,1
2022-03-14,2021/22,Crystal Palace,Manchester City,1.4,0.6,1.6,4.0,2.6,0.8,2.4,7.6,1.4,1.6,1.8,0.4,0.3333333333333333,0.0,0.6666666666666666,2.6666666666666665,9.0,8.0,10.0,5.0,1.33,0.1,0.2,0.7518796992481203,1.72,2.1,0.5813953488372093,0.47619047619047616,D,0,0,0,0
2022-03-16,2021/22,Brighton & Hove Albion,Tottenham Hotspur,0.2,2.2,0.0,2.4,2.8,1.2,1.8,5.6,0.4,1.8,1.8,1.6,0.5,0.0,0.5,2.0,4.0,4.0,3.3,3.3,2.25,0.30303030303030304,0.30303030303030304,0.4444444444444444,2.0,1.8,0.5,0.5555555555555556,A,0,2,0,0
2022-03-16,2021/22,Arsenal,Liverpool,2.0,0.8,3.0,5.4,2.6,0.2,3.0,8.2,1.4,0.8,1.6,0.8,0.0,0.0,1.0,3.6666666666666665,3.0,4.0,3.5,4.0,1.9,0.2857142857142857,0.25,0.5263157894736842,1.72,2.1,0.5813953488372093,0.47619047619047616,A,0,2,0,0
2022-03-17,2021/22,Everton,Newcastle United,0.6,1.8,0.6,2.8,1.4,0.8,2.0,4.8,1.0,1.2,1.2,0.6,0.0,0.0,1.0,3.0,4.0,4.0,2.4,3.25,3.1,0.4166666666666667,0.3076923076923077,0.3225806451612903,1.9,2.0,0.5263157894736842,0.5,H,1,0,0,0
2022-03-18,2021/22,Wolverhampton Wanderers,Leeds United,1.2,1.0,1.2,3.2,0.4,3.0,0.6,3.4,1.8,1.0,1.2,3.0,0.6666666666666666,0.3333333333333333,0.0,1.3333333333333333,5.0,5.0,2.1,3.5,3.4,0.47619047619047616,0.2857142857142857,0.29411764705882354,1.99,1.91,0.5025125628140703,0.5235602094240838,A,2,3,1,1
2022-03-19,2021/22,Aston Villa,Arsenal,2.0,0.6,1.8,6.0,1.8,1.2,2.4,5.4,2.0,1.8,2.8,1.0,0.6666666666666666,0.0,0.3333333333333333,2.6666666666666665,6.0,3.0,3.0,3.3,2.4,0.3333333333333333,0.30303030303030304,0.4166666666666667,1.92,1.98,0.5208333333333334,0.5050505050505051,A,0,1,0,0
2022-03-20,2021/22,Leicester City,Brentford,1.2,1.2,1.4,4.4,1.2,1.0,1.4,3.0,1.4,1.2,1.0,2.4,1.0,0.0,0.0,3.0,7.0,8.0,2.15,3.4,3.4,0.46511627906976744,0.29411764705882354,0.29411764705882354,1.91,1.99,0.5235602094240838,0.5025125628140703,H,2,1,1,1
2022-03-20,2021/22,Tottenham Hotspur,West Ham United,2.6,0.8,1.8,6.0,1.2,1.0,1.6,3.8,2.4,1.4,1.8,1.4,0.0,0.3333333333333333,0.6666666666666666,3.3333333333333335,4.0,7.0,1.72,3.8,4.75,0.5813953488372093,0.2631578947368421,0.21052631578947367,1.72,2.1,0.5813953488372093,0.47619047619047616,H,3,1,1,1
2022-04-02,2021/22,Leeds United,Southampton,1.0,2.2,1.2,4.2,1.2,1.6,1.2,6.6,0.8,2.6,1.6,2.4,0.6666666666666666,0.0,0.3333333333333333,2.0,15.0,20.0,2.37,3.75,2.75,0.42194092827004215,0.26666666666666666,0.36363636363636365,1.61,2.3,0.6211180124223602,0.4347826086956522,D,1,1,0,1
2022-04-02,2021/22,Brighton & Hove Albion,Norwich City,0.2,2.2,0.0,1.8,0.8,2.6,0.0,3.2,0.2,2.0,1.0,1.8,0.0,1.0,0.0,0.0,17.0,20.0,1.5,4.0,7.0,0.6666666666666666,0.25,0.14285714285714285,2.0,1.8,0.5,0.5555555555555556,D,0,0,0,0
2022-04-02,2021/22,Burnley,Manchester City,0.4,1.8,0.8,1.8,2.2,0.8,2.0,7.0,0.4,1.6,1.6,0.4,0.0,0.0,1.0,3.0,21.0,19.0,15.0,6.5,1.2,0.06666666666666667,0.15384615384615385,0.8333333333333334,1.57,2.37,0.6369426751592356,0.42194092827004215,A,0,2,0,0
2022-04-02,2021/22,Chelsea,Brentford,2.2,0.2,3.0,5.0,1.4,1.4,1.2,3.8,1.4,0.8,1.0,2.0,1.0,0.0,0.0,1.0,20.0,13.0,1.33,5.0,10.0,0.7518796992481203,0.2,0.1,1.91,1.99,0.5235602094240838,0.5025125628140703,A,1,4,1,1
2022-04-02,2021/22,Manchester United,Leicester City,2.0,1.6,2.0,5.4,1.2,1.0,1.8,4.8,1.4,0.6,1.2,2.4,0.0,0.3333333333333333,0.6666666666666666,4.333333333333333,21.0,13.0,1.5,4.5,6.0,0.6666666666666666,0.2222222222222222,0.16666666666666666,1.57,2.37,0.6369426751592356,0.42194092827004215,D,1,1,0,1
2022-04-02,2021/22,Wolverhampton Wanderers,Aston Villa,1.4,1.2,1.2,4.4,2.0,0.6,1.8,6.0,1.6,1.4,1.4,0.6,0.3333333333333333,0.3333333333333333,0.3333333333333333,2.0,15.0,14.0,3.0,3.1,2.55,0.3333333333333333,0.3225806451612903,0.3921568627450981,2.37,1.57,0.42194092827004215,0.6369426751592356,H,2,1,1,1
2022-04-02,2021/22,Liverpool,Watford,2.8,0.2,3.0,8.0,1.0,2.4,0.8,3.0,3.0,0.2,0.6,1.2,1.0,0.0,0.0,5.0,17.0,20.0,1.12,9.5,17.0,0.8928571428571428,0.10526315789473684,0.058823529411764705,1.36,3.2,0.7352941176470588,0.3125,H,2,0,0,0
2022-04-03,2021/22,West Ham United,Everton,1.0,1.2,1.4,3.4,0.2,1.8,0.6,1.4,1.4,1.0,0.6,2.6,0.6666666666666666,0.0,0.3333333333333333,1.0,14.0,17.0,1.75,3.8,4.5,0.5714285714285714,0.2631578947368421,0.2222222222222222,2.0,1.9,0.5,0.5263157894736842,H,2,1,1,1
2022-04-03,2021/22,Tottenham Hotspur,Newcastle United,3.2,0.8,2.4,6.4,1.2,0.8,1.8,5.4,2.6,1.2,1.0,0.8,0.3333333333333333,0.6666666666666666,0.0,3.6666666666666665,14.0,17.0,1.5,4.33,6.5,0.6666666666666666,0.23094688221709006,0.15384615384615385,1.8,2.0,0.5555555555555556,0.5,H,5,1,1,1
2022-04-04,2021/22,Crystal Palace,Arsenal,1.4,0.6,1.6,3.6,1.6,1.0,2.4,4.4,0.8,1.6,2.8,0.6,0.0,0.6666666666666666,0.3333333333333333,2.6666666666666665,21.0,16.0,4.0,3.4,1.95,0.25,0.29411764705882354,0.5128205128205129,2.1,1.72,0.47619047619047616,0.5813953488372093,H,3,0,1,0
2022-04-06,2021/22,Burnley,Everton,0.2,2.2,0.2,1.2,0.4,1.8,0.6,1.8,0.2,1.8,0.6,2.8,0.3333333333333333,0.3333333333333333,0.3333333333333333,3.0,4.0,3.0,2.62,3.1,2.87,0.38167938931297707,0.3225806451612903,0.3484320557491289,2.2,1.66,0.45454545454545453,0.6024096385542169,H,3,2,1,1
2022-04-08,2021/22,Newcastle United,Wolverhampton Wanderers,1.0,1.8,1.2,3.4,1.8,1.2,1.8,5.2,1.6,0.8,1.2,0.8,0.0,0.6666666666666666,0.3333333333333333,2.3333333333333335,5.0,6.0,2.25,3.1,3.4,0.4444444444444444,0.3225806451612903,0.29411764705882354,2.37,1.57,0.42194092827004215,0.6369426751592356,H,1,0,0,0
2022-04-09,2021/22,Everton,Manchester United,0.8,2.2,0.6,2.2,1.8,1.8,1.6,5.0,0.8,0.6,2.2,2.0,0.0,0.6666666666666666,0.3333333333333333,4.0,3.0,7.0,4.6,3.75,1.75,0.2173913043478261,0.26666666666666666,0.5714285714285714,1.85,2.05,0.5405405405405405,0.48780487804878053,H,1,0,0,0
2022-04-09,2021/22,Arsenal,Brighton & Hove Albion,1.2,1.4,1.8,4.0,0.2,1.6,0.2,2.4,1.2,0.8,1.4,1.4,0.6666666666666666,0.3333333333333333,0.0,1.0,5.0,7.0,1.61,3.8,5.75,0.6211180124223602,0.2631578947368421,0.17391304347826086,2.04,1.86,0.49019607843137253,0.5376344086021505,A,1,2,1,1
2022-04-09,2021/22,Southampton,Chelsea,1.0,1.8,0.8,5.6,2.0,1.0,2.4,5.2,1.4,1.0,1.8,0.6,0.0,0.6666666666666666,0.3333333333333333,4.0,7.0,7.0,3.8,3.6,1.95,0.2631578947368421,0.2777777777777778,0.5128205128205129,1.95,1.95,0.5128205128205129,0.5128205128205129,A,0,6,1,0
2022-04-09,2021/22,Watford,Leeds United,0.8,2.0,0.8,3.2,1.2,1.6,1.4,4.2,0.6,2.6,1.2,3.0,0.0,0.0,1.0,1.0,7.0,7.0,2.7,3.4,2.55,0.37037037037037035,0.29411764705882354,0.3921568627450981,1.72,2.1,0.5813953488372093,0.47619047619047616,A,0,3,1,0
2022-04-09,2021/22,Aston Villa,Tottenham Hotspur,1.8,1.0,1.2,6.2,3.4,1.0,2.4,5.4,1.8,1.4,2.2,1.2,0.3333333333333333,0.0,0.6666666666666666,2.6666666666666665,7.0,6.0,3.2,3.4,2.25,0.3125,0.29411764705882354,0.4444444444444444,1.86,2.04,0.5376344086021505,0.49019607843137253,A,0,4,1,0
2022-04-10,2021/22,Leicester City,Crystal Palace,1.2,0.8,2.0,4.0,2.0,0.4,2.2,4.6,1.6,1.4,1.6,0.6,0.3333333333333333,0.6666666666666666,0.0,3.0,8.0,6.0,2.37,3.3,2.9,0.42194092827004215,0.30303030303030304,0.3448275862068966,1.99,1.91,0.5025125628140703,0.5235602094240838,H,2,1,1,1
2022-04-10,2021/22,Brentford,West Ham United,2.0,1.2,1.8,4.6,1.2,1.2,1.8,3.8,0.8,1.4,1.2,1.8,1.0,0.0,0.0,3.0,8.0,7.0,2.62,3.3,2.62,0.38167938931297707,0.30303030303030304,0.38167938931297707,2.1,1.72,0.47619047619047616,0.5813953488372093,H,2,0,0,0
2022-04-10,2021/22,Manchester City,Liverpool,1.8,0.8,2.0,6.4,2.6,0.0,3.0,7.0,3.0,1.4,2.0,0.6,0.3333333333333333,0.6666666666666666,0.0,3.6666666666666665,8.0,8.0,2.0,3.75,3.5,0.5,0.26666666666666666,0.2857142857142857,1.72,2.1,0.5813953488372093,0.47619047619047616,D,2,2,1,1
2022-04-10,2021/22,Norwich City,Burnley,0.6,2.0,0.2,3.0,0.6,2.4,0.6,1.8,1.0,2.4,1.0,1.2,0.0,1.0,0.0,0.0,8.0,4.0,2.87,3.2,2.55,0.3484320557491289,0.3125,0.3921568627450981,2.3,1.61,0.4347826086956522,0.6211180124223602,H,2,0,0,0
2022-04-16,2021/22,Tottenham Hotspur,Brighton & Hove Albion,3.2,1.0,2.4,5.0,0.6,1.4,0.8,2.8,3.0,1.4,1.2,1.2,0.6666666666666666,0.0,0.3333333333333333,2.0,7.0,7.0,1.53,4.0,6.5,0.6535947712418301,0.25,0.15384615384615385,1.9,2.0,0.5263157894736842,0.5,A,0,1,0,0
2022-04-16,2021/22,Manchester United,Norwich City,1.0,1.6,1.0,4.0,1.0,1.6,0.8,4.0,1.4,0.8,1.0,1.4,1.0,0.0,0.0,1.0,7.0,6.0,1.25,6.5,10.0,0.8,0.15384615384615385,0.1,1.5,2.62,0.6666666666666666,0.38167938931297707,H,3,2,1,1
2022-04-16,2021/22,Southampton,Arsenal,0.6,3.0,0.2,4.0,0.8,1.4,1.2,4.0,1.2,2.0,2.0,1.0,0.0,0.3333333333333333,0.6666666666666666,3.0,7.0,7.0,3.8,3.6,1.95,0.2631578947368421,0.2777777777777778,0.5128205128205129,1.9,2.0,0.5263157894736842,0.5,H,1,0,0,0
2022-04-16,2021/22,Watford,Brentford,0.8,2.6,0.6,3.0,2.4,0.8,2.4,5.8,0.6,3.0,1.8,1.6,0.0,0.0,1.0,3.0,7.0,6.0,2.7,3.3,2.55,0.37037037037037035,0.30303030303030304,0.3921568627450981,2.1,1.72,0.47619047619047616,0.5813953488372093,A,1,2,1,1
2022-04-17,2021/22,Newcastle United,Leicester City,0.8,1.6,1.2,3.4,1.2,1.0,2.0,3.4,1.6,0.6,0.8,1.4,0.3333333333333333,0.0,0.6666666666666666,4.333333333333333,9.0,7.0,2.2,3.4,3.3,0.45454545454545453,0.29411764705882354,0.30303030303030304,1.99,1.91,0.5025125628140703,0.5235602094240838,H,2,1,1,1
2022-04-17,2021/22,West Ham United,Burnley,1.0,1.6,1.2,3.2,0.6,2.4,0.6,2.2,1.4,0.6,0.8,1.0,0.6666666666666666,0.3333333333333333,0.0,1.3333333333333333,7.0,7.0,1.7,3.8,5.0,0.5882352941176471,0.2631578947368421,0.2,1.95,1.95,0.5128205128205129,0.5128205128205129,D,1,1,0,1
2022-04-19,2021/22,Liverpool,Manchester United,1.8,0.4,2.6,4.8,1.6,2.0,1.4,5.2,2.8,0.2,1.8,1.8,0.6666666666666666,0.3333333333333333,0.0,3.6666666666666665,9.0,3.0,1.4,5.0,7.0,0.7142857142857143,0.2,0.14285714285714285,1.5,2.62,0.6666666666666666,0.38167938931297707,H,4,0,1,0
2022-04-20,2021/22,Newcastle United,Crystal Palace,0.8,1.6,1.2,4.0,1.4,0.6,1.6,4.2,1.8,0.6,1.6,0.8,0.3333333333333333,0.3333333333333333,0.3333333333333333,2.3333333333333335,3.0,10.0,2.25,3.4,3.25,0.4444444444444444,0.29411764705882354,0.3076923076923077,2.2,1.66,0.45454545454545453,0.6024096385542169,H,1,0,0,0
2022-04-20,2021/22,Manchester City,Brighton & Hove Albion,1.8,0.6,2.2,6.6,0.6,1.0,1.4,3.0,2.2,1.2,1.2,1.0,0.6666666666666666,0.0,0.3333333333333333,3.6666666666666665,10.0,4.0,1.16,7.0,17.0,0.8620689655172414,0.14285714285714285,0.058823529411764705,1.61,2.3,0.6211180124223602,0.4347826086956522,H,3,0,1,0
2022-04-20,2021/22,Chelsea,Arsenal,3.0,1.0,2.4,7.4,0.4,1.6,0.6,3.6,1.4,1.4,1.0,1.2,0.3333333333333333,0.0,0.6666666666666666,2.3333333333333335,11.0,4.0,1.83,3.6,4.33,0.5464480874316939,0.2777777777777778,0.23094688221709006,2.1,1.8,0.47619047619047616,0.5555555555555556,A,2,4,1,1
2022-04-20,2021/22,Everton,Leicester City,1.0,1.2,1.2,2.8,1.2,1.4,1.4,3.0,1.0,0.4,1.0,1.4,0.5,0.5,0.0,2.0,11.0,3.0,2.25,3.4,3.25,0.4444444444444444,0.29411764705882354,0.3076923076923077,1.92,1.98,0.5208333333333334,0.5050505050505051,D,1,1,0,1
2022-04-21,2021/22,Burnley,Southampton,0.8,1.8,0.8,2.2,0.8,2.2,0.8,4.4,0.8,2.0,1.2,2.2,0.0,0.3333333333333333,0.6666666666666666,3.3333333333333335,4.0,5.0,2.75,3.25,2.62,0.36363636363636365,0.3076923076923077,0.38167938931297707,1.98,1.92,0.5050505050505051,0.5208333333333334,H,2,0,0,0
2022-04-23,2021/22,Manchester City,Watford,2.2,0.6,2.2,6.0,0.6,2.4,0.6,2.4,2.6,1.2,0.6,1.4,1.0,0.0,0.0,4.0,3.0,7.0,1.1,10.0,26.0,0.9090909090909091,0.1,0.038461538461538464,1.36,3.2,0.7352941176470588,0.3125,H,5,1,1,1
2022-04-23,2021/22,Leicester City,Aston Villa,1.4,1.2,1.6,3.0,1.0,1.8,0.6,6.0,1.6,1.0,1.4,1.0,0.3333333333333333,0.0,0.6666666666666666,2.3333333333333335,3.0,14.0,2.8,3.4,2.5,0.35714285714285715,0.29411764705882354,0.4,1.85,2.05,0.5405405405405405,0.48780487804878053,D,0,0,0,0
2022-04-23,2021/22,Brentford,Tottenham Hotspur,2.2,0.8,2.4,5.6,2.8,0.6,2.4,4.4,1.0,0.8,2.4,0.8,0.0,0.0,1.0,2.0,7.0,7.0,4.33,3.5,1.85,0.23094688221709006,0.2857142857142857,0.5405405405405405,1.89,2.01,0.5291005291005292,0.49751243781094534,D,0,0,0,0
2022-04-23,2021/22,Norwich City,Newcastle United,1.2,1.6,0.8,3.4,1.0,1.4,1.8,4.4,1.0,2.2,1.0,1.6,0.0,1.0,0.0,2.0,7.0,3.0,3.5,3.3,2.15,0.2857142857142857,0.30303030303030304,0.46511627906976744,1.98,1.92,0.5050505050505051,0.5208333333333334,A,0,3,1,0
2022-04-23,2021/22,Arsenal,Manchester United,1.2,1.6,1.2,4.0,1.4,2.0,1.4,5.0,1.4,1.2,1.2,2.4,0.3333333333333333,0.3333333333333333,0.3333333333333333,2.0,3.0,4.0,2.05,3.5,3.5,0.48780487804878053,0.2857142857142857,0.2857142857142857,1.81,2.09,0.5524861878453039,0.47846889952153115,H,3,1,1,1
2022-04-24,2021/22,Brighton & Hove Albion,Southampton,0.6,1.2,1.4,2.6,0.6,2.2,0.8,4.0,0.0,1.8,1.0,2.0,0.3333333333333333,0.3333333333333333,0.3333333333333333,2.6666666666666665,4.0,3.0,2.1,3.4,3.6,0.47619047619047616,0.29411764705882354,0.2777777777777778,2.02,1.88,0.49504950495049505,0.5319148936170213,D,2,2,1,1
2022-04-24,2021/22,Burnley,Wolverhampton Wanderers,1.2,1.4,1.4,3.2,1.8,1.0,1.8,4.6,1.0,2.0,0.8,0.8,0.6666666666666666,0.3333333333333333,0.0,2.3333333333333335,3.0,16.0,2.7,3.0,2.87,0.37037037037037035,0.3333333333333333,0.3484320557491289,2.37,1.57,0.42194092827004215,0.6369426751592356,H,1,0,0,0
2022-04-24,2021/22,Chelsea,West Ham United,2.6,1.8,1.8,6.8,1.2,1.6,1.4,3.8,1.6,2.0,0.6,1.8,0.6666666666666666,0.0,0.3333333333333333,3.0,4.0,7.0,1.5,4.33,6.5,0.6666666666666666,0.23094688221709006,0.15384615384615385,1.83,2.07,0.5464480874316939,0.48309178743961356,H,1,0,0,0
2022-04-24,2021/22,Liverpool,Everton,2.4,0.4,2.6,4.8,1.2,1.2,1.4,3.0,3.2,0.2,0.8,3.0,0.3333333333333333,0.3333333333333333,0.3333333333333333,3.6666666666666665,5.0,4.0,1.18,7.0,15.0,0.8474576271186441,0.14285714285714285,0.06666666666666667,1.44,2.75,0.6944444444444444,0.36363636363636365,H,2,0,0,0
2022-04-25,2021/22,Crystal Palace,Leeds United,1.2,0.6,1.4,3.8,1.8,1.4,2.0,4.4,1.0,1.0,1.2,2.4,0.3333333333333333,0.0,0.6666666666666666,2.6666666666666665,5.0,16.0,2.05,3.5,3.5,0.48780487804878053,0.2857142857142857,0.2857142857142857,1.88,2.02,0.5319148936170213,0.49504950495049505,D,0,0,0,0
2022-04-28,2021/22,Manchester United,Chelsea,1.0,2.2,0.8,4.8,2.2,1.6,1.8,6.4,1.8,1.0,3.0,0.4,0.0,1.0,0.0,0.6666666666666666,5.0,4.0,3.2,3.4,2.25,0.3125,0.29411764705882354,0.4444444444444444,1.86,2.04,0.5376344086021505,0.49019607843137253,D,1,1,0,1
2022-04-30,2021/22,Aston Villa,Norwich City,0.4,1.8,0.2,4.8,1.0,1.6,0.8,3.2,1.4,1.8,0.8,2.0,1.0,0.0,0.0,2.0,7.0,7.0,1.4,4.5,9.0,0.7142857142857143,0.2222222222222222,0.1111111111111111,1.66,2.2,0.6024096385542169,0.45454545454545453,H,2,0,0,0
2022-04-30,2021/22,Southampton,Crystal Palace,0.8,2.2,1.0,3.6,0.8,0.6,1.0,3.6,1.0,2.0,1.4,0.8,0.3333333333333333,0.3333333333333333,0.3333333333333333,3.0,6.0,5.0,2.4,3.3,3.1,0.4166666666666667,0.30303030303030304,0.3225806451612903,2.03,1.87,0.4926108374384237,0.53475935828877,A,1,2,1,1
2022-04-30,2021/22,Newcastle United,Liverpool,1.6,1.2,2.4,4.6,2.4,0.4,2.6,3.8,1.4,0.4,2.0,0.6,0.0,0.6666666666666666,0.3333333333333333,2.0,7.0,6.0,8.5,5.0,1.36,0.11764705882352941,0.2,0.7352941176470588,1.66,2.2,0.6024096385542169,0.45454545454545453,A,0,1,0,0
2022-04-30,2021/22,Wolverhampton Wanderers,Brighton & Hove Albion,1.0,1.2,1.2,4.4,1.0,1.2,1.6,3.6,2.0,1.4,0.8,1.6,0.6666666666666666,0.3333333333333333,0.0,3.3333333333333335,6.0,6.0,2.7,3.2,2.75,0.37037037037037035,0.3125,0.36363636363636365,2.5,1.53,0.4,0.6535947712418301,A,0,3,1,0
2022-04-30,2021/22,Leeds United,Manchester City,1.8,0.8,2.2,4.6,2.4,0.6,2.2,5.6,1.0,2.6,1.6,0.2,0.3333333333333333,0.3333333333333333,0.3333333333333333,4.0,5.0,7.0,8.5,6.0,1.3,0.11764705882352941,0.16666666666666666,0.7692307692307692,1.5,2.62,0.6666666666666666,0.38167938931297707,A,0,4,1,0
2022-04-30,2021/22,Watford,Burnley,0.8,2.6,0.6,2.8,1.4,1.0,2.0,4.0,0.8,2.8,1.0,1.2,0.0,1.0,0.0,0.0,7.0,6.0,2.6,3.3,2.75,0.3846153846153846,0.30303030303030304,0.36363636363636365,2.1,1.72,0.47619047619047616,0.5813953488372093,A,1,2,1,1
2022-05-01,2021/22,Everton,Chelsea,1.0,1.6,0.8,2.6,2.2,1.8,1.4,7.0,0.6,0.6,3.0,0.4,0.3333333333333333,0.3333333333333333,0.3333333333333333,1.6666666666666667,7.0,3.0,5.0,3.6,1.75,0.2,0.2777777777777778,0.5714285714285714,2.02,1.88,0.49504950495049505,0.5319148936170213,H,1,0,0,0
2022-05-01,2021/22,Tottenham Hotspur,Leicester City,2.4,0.6,2.0,3.0,1.0,1.0,1.2,2.6,2.6,1.0,1.0,1.2,0.6666666666666666,0.0,0.3333333333333333,4.333333333333333,8.0,8.0,1.44,4.75,7.0,0.6944444444444444,0.21052631578947367,0.14285714285714285,1.57,2.37,0.6369426751592356,0.42194092827004215,H,3,1,1,1
2022-05-01,2021/22,West Ham United,Arsenal,0.8,1.6,0.8,3.4,1.6,1.8,1.2,4.8,1.4,0.8,1.6,1.6,0.0,0.3333333333333333,0.6666666666666666,3.6666666666666665,7.0,8.0,4.33,3.8,1.8,0.23094688221709006,0.2631578947368421,0.5555555555555556,1.89,2.01,0.5291005291005292,0.49751243781094534,A,1,2,1,1
2022-05-02,2021/22,Manchester United,Brentford,1.0,2.2,0.8,4.4,1.8,0.8,2.0,5.2,1.6,1.2,2.2,1.4,1.0,0.0,0.0,4.0,4.0,9.0,1.72,4.0,4.5,0.5813953488372093,0.25,0.2222222222222222,1.72,2.1,0.5813953488372093,0.47619047619047616,H,3,0,1,0
2022-05-07,2021/22,Brentford,Southampton,1.6,1.0,2.0,4.8,0.8,2.4,0.8,3.0,0.8,0.4,0.8,2.0,0.0,0.0,1.0,5.0,5.0,7.0,2.15,3.5,3.3,0.46511627906976744,0.2857142857142857,0.30303030303030304,1.95,1.95,0.5128205128205129,0.5128205128205129,H,3,0,1,0
2022-05-07,2021/22,Burnley,Aston Villa,1.2,0.8,2.0,4.4,0.6,1.4,0.8,4.6,1.2,1.6,1.4,0.8,0.5,0.5,0.0,2.5,7.0,7.0,3.0,3.3,2.4,0.3333333333333333,0.30303030303030304,0.4166666666666667,2.07,1.83,0.48309178743961356,0.5464480874316939,A,1,3,1,1
2022-05-07,2021/22,Chelsea,Wolverhampton Wanderers,2.0,1.2,1.4,6.4,0.8,1.8,0.6,4.0,1.4,1.6,0.4,1.0,0.0,0.6666666666666666,0.3333333333333333,1.0,6.0,7.0,1.33,5.0,9.5,0.7518796992481203,0.2,0.10526315789473684,1.93,1.97,0.5181347150259068,0.5076142131979695,D,2,2,1,1
2022-05-07,2021/22,Crystal Palace,Watford,1.2,0.8,1.4,4.4,0.6,2.8,0.0,2.0,0.8,0.4,0.6,2.4,1.0,0.0,0.0,5.0,7.0,7.0,1.65,4.0,5.0,0.6060606060606061,0.25,0.2,1.99,1.91,0.5025125628140703,0.5235602094240838,H,1,0,0,0
2022-05-07,2021/22,Brighton & Hove Albion,Manchester United,1.6,1.2,2.0,4.6,1.6,2.0,1.4,4.6,0.4,1.6,1.2,2.8,0.0,0.0,1.0,3.3333333333333335,7.0,5.0,2.8,3.5,2.45,0.35714285714285715,0.2857142857142857,0.4081632653061224,1.95,1.95,0.5128205128205129,0.5128205128205129,H,4,0,1,0
2022-05-07,2021/22,Liverpool,Tottenham Hotspur,2.2,0.4,2.6,5.2,2.4,0.6,2.0,3.6,3.0,0.0,2.4,0.6,0.6666666666666666,0.3333333333333333,0.0,3.6666666666666665,7.0,6.0,1.4,5.0,7.0,0.7142857142857143,0.2,0.14285714285714285,1.53,2.5,0.6535947712418301,0.4,D,1,1,0,1
2022-05-08,2021/22,Leicester City,Everton,1.0,1.4,1.0,2.4,1.0,1.2,1.4,3.0,1.4,0.8,0.6,2.8,0.0,0.6666666666666666,0.3333333333333333,2.0,7.0,7.0,2.6,3.3,2.75,0.3846153846153846,0.30303030303030304,0.36363636363636365,2.01,1.89,0.49751243781094534,0.5291005291005292,A,1,2,1,1
2022-05-08,2021/22,Arsenal,Leeds United,2.0,1.4,1.8,5.6,1.4,1.4,1.6,3.6,1.6,1.2,1.2,1.8,0.6666666666666666,0.3333333333333333,0.0,3.6666666666666665,7.0,8.0,1.45,4.5,7.0,0.6896551724137931,0.2222222222222222,0.14285714285714285,1.61,2.3,0.6211180124223602,0.4347826086956522,H,2,1,1,1
2022-05-08,2021/22,Manchester City,Newcastle United,3.2,0.6,2.6,6.0,1.4,0.4,2.4,4.8,3.2,1.4,1.2,1.6,1.0,0.0,0.0,4.333333333333333,8.0,8.0,1.16,7.0,17.0,0.8620689655172414,0.14285714285714285,0.058823529411764705,1.5,2.62,0.6666666666666666,0.38167938931297707,H,5,0,1,0
2022-05-08,2021/22,Norwich City,West Ham United,0.8,1.6,0.8,3.0,0.8,1.4,0.8,3.8,0.8,2.6,0.6,1.8,0.0,0.0,1.0,2.0,8.0,7.0,4.5,3.8,1.75,0.2222222222222222,0.2631578947368421,0.5714285714285714,1.85,2.05,0.5405405405405405,0.48780487804878053,A,0,4,1,0
2022-05-10,2021/22,Aston Villa,Liverpool,1.2,1.4,1.4,5.8,2.0,0.6,2.2,5.2,1.2,1.2,1.6,0.4,0.3333333333333333,0.0,0.6666666666666666,4.333333333333333,3.0,3.0,7.5,4.75,1.4,0.13333333333333333,0.21052631578947367,0.7142857142857143,1.61,2.3,0.6211180124223602,0.4347826086956522,A,1,2,1,1
2022-05-11,2021/22,Leeds United,Chelsea,1.0,1.4,1.0,2.8,1.2,1.6,1.0,4.8,0.6,2.6,2.8,0.6,0.0,0.3333333333333333,0.6666666666666666,3.0,3.0,4.0,4.75,4.2,1.65,0.21052631578947367,0.23809523809523808,0.6060606060606061,1.61,2.3,0.6211180124223602,0.4347826086956522,A,0,3,1,0
2022-05-11,2021/22,Leicester City,Norwich City,0.8,1.6,0.4,3.6,0.8,2.4,0.6,3.4,1.2,0.8,0.6,1.8,1.0,0.0,0.0,3.0,3.0,3.0,1.44,4.75,7.0,0.6944444444444444,0.21052631578947367,0.14285714285714285,1.61,2.3,0.6211180124223602,0.4347826086956522,H,3,0,1,0
2022-05-11,2021/22,Watford,Everton,0.6,2.6,0.0,1.8,1.0,0.8,2.0,3.0,1.0,2.8,1.0,2.6,1.0,0.0,0.0,7.0,4.0,3.0,4.2,3.6,1.83,0.23809523809523808,0.2777777777777778,0.5464480874316939,1.94,1.96,0.5154639175257733,0.5102040816326531,D,0,0,0,0
2022-05-11,2021/22,Wolverhampton Wanderers,Manchester City,0.8,1.6,0.8,3.2,3.8,0.6,2.6,6.6,1.6,1.8,2.2,0.0,0.0,0.0,1.0,3.3333333333333335,4.0,3.0,11.0,6.0,1.25,0.09090909090909091,0.16666666666666666,0.8,1.66,2.2,0.6024096385542169,0.45454545454545453,A,1,5,1,1
2022-05-12,2021/22,Tottenham Hotspur,Arsenal,1.6,0.6,1.6,3.0,2.2,1.2,2.4,6.6,3.2,0.8,1.4,1.4,0.3333333333333333,0.0,0.6666666666666666,3.0,5.0,4.0,2.05,3.75,3.5,0.48780487804878053,0.26666666666666666,0.2857142857142857,1.8,2.0,0.5555555555555556,0.5,H,3,0,1,0
2022-05-15,2021/22,Aston Villa,Crystal Palace,1.2,1.4,1.4,5.6,0.8,0.8,1.4,4.8,1.4,1.4,1.8,1.0,0.6666666666666666,0.0,0.3333333333333333,3.6666666666666665,5.0,8.0,2.0,3.5,3.75,0.5,0.2857142857142857,0.26666666666666666,1.93,1.97,0.5181347150259068,0.5076142131979695,D,1,1,0,1
2022-05-15,2021/22,Tottenham Hotspur,Burnley,1.4,0.6,1.6,3.2,1.4,1.0,2.0,4.8,2.8,0.8,0.8,1.4,0.6666666666666666,0.0,0.3333333333333333,2.0,3.0,8.0,1.33,5.25,9.0,0.7518796992481203,0.19047619047619047,0.1111111111111111,1.57,2.37,0.6369426751592356,0.42194092827004215,H,1,0,0,0
2022-05-15,2021/22,Everton,Brentford,0.8,0.8,1.6,3.4,1.4,0.8,2.0,4.6,0.8,0.4,2.0,1.6,0.0,0.0,1.0,1.0,4.0,8.0,2.05,3.6,3.5,0.48780487804878053,0.2777777777777778,0.2857142857142857,2.03,1.87,0.4926108374384237,0.53475935828877,A,2,3,1,1
2022-05-15,2021/22,Leeds United,Brighton & Hove Albion,0.8,1.8,0.8,2.2,2.0,1.0,2.0,5.2,0.6,2.4,1.4,1.2,0.0,0.3333333333333333,0.6666666666666666,1.0,4.0,8.0,2.62,3.5,2.62,0.38167938931297707,0.2857142857142857,0.38167938931297707,1.84,2.06,0.5434782608695652,0.4854368932038835,D,1,1,0,1
2022-05-15,2021/22,Wolverhampton Wanderers,Norwich City,0.6,2.4,0.2,2.8,0.4,3.0,0.0,3.2,1.8,2.4,0.6,2.0,0.0,1.0,0.0,0.0,4.0,4.0,1.45,4.75,6.5,0.6896551724137931,0.21052631578947367,0.15384615384615385,1.86,2.04,0.5376344086021505,0.49019607843137253,D,1,1,0,1
2022-05-15,2021/22,West Ham United,Manchester City,1.2,1.2,0.8,3.8,4.4,0.4,3.0,6.6,1.4,1.0,2.4,0.2,0.0,0.3333333333333333,0.6666666666666666,2.6666666666666665,7.0,4.0,7.5,5.0,1.4,0.13333333333333333,0.2,0.7142857142857143,1.53,2.5,0.6535947712418301,0.4,D,2,2,1,1
2022-05-15,2021/22,Watford,Leicester City,0.6,2.0,0.2,1.6,1.2,1.2,1.0,4.8,0.8,2.0,0.8,1.8,0.0,0.0,1.0,6.0,4.0,4.0,3.8,3.5,1.95,0.2631578947368421,0.2857142857142857,0.5128205128205129,1.72,2.1,0.5813953488372093,0.47619047619047616,A,1,5,1,1
2022-05-16,2021/22,Newcastle United,Arsenal,1.2,1.4,1.8,4.6,2.2,1.6,2.4,6.2,1.2,0.6,1.2,2.0,0.0,0.0,1.0,2.3333333333333335,8.0,4.0,4.33,3.6,1.83,0.23094688221709006,0.2777777777777778,0.5464480874316939,1.9,2.0,0.5263157894736842,0.5,H,2,0,0,0
2022-05-17,2021/22,Southampton,Liverpool,0.8,1.8,0.8,3.6,2.0,0.4,2.6,5.6,0.8,2.4,1.8,0.6,0.3333333333333333,0.0,0.6666666666666666,2.3333333333333335,10.0,7.0,7.5,5.5,1.33,0.13333333333333333,0.18181818181818182,0.7518796992481203,1.44,2.75,0.6944444444444444,0.36363636363636365,A,1,2,1,1
2022-05-19,2021/22,Everton,Crystal Palace,1.0,1.2,1.4,3.8,0.8,0.6,1.6,5.0,1.2,0.8,1.2,1.0,0.3333333333333333,0.3333333333333333,0.3333333333333333,3.0,4.0,4.0,1.9,3.4,4.33,0.5263157894736842,0.29411764705882354,0.23094688221709006,2.0,1.8,0.5,0.5555555555555556,H,3,2,1,1
2022-05-19,2021/22,Aston Villa,Burnley,1.4,0.8,1.6,4.8,1.2,1.0,1.8,4.8,0.8,1.6,0.6,1.4,0.3333333333333333,0.3333333333333333,0.3333333333333333,3.0,4.0,4.0,2.05,3.5,3.6,0.48780487804878053,0.2857142857142857,0.2777777777777778,1.99,1.91,0.5025125628140703,0.5235602094240838,D,1,1,0,1
2022-05-19,2021/22,Chelsea,Leicester City,1.4,0.8,1.6,5.2,2.0,1.2,1.4,5.6,1.4,2.0,1.8,1.6,0.6666666666666666,0.0,0.3333333333333333,2.6666666666666665,8.0,4.0,1.4,4.75,8.0,0.7142857142857143,0.21052631578947367,0.125,1.61,2.3,0.6211180124223602,0.4347826086956522,D,1,1,0,1
2022-05-22,2021/22,Chelsea,Watford,1.4,1.0,1.2,5.6,0.6,2.6,0.2,1.8,1.4,2.2,0.6,2.6,1.0,0.0,0.0,3.0,3.0,7.0,1.18,7.5,15.0,0.8474576271186441,0.13333333333333333,0.06666666666666667,1.44,2.75,0.6944444444444444,0.36363636363636365,H,2,1,1,1
2022-05-22,2021/22,Arsenal,Everton,1.4,1.6,1.8,5.8,1.6,1.2,2.0,4.8,1.6,1.2,1.0,1.6,0.0,0.0,1.0,2.3333333333333335,6.0,3.0,1.36,4.75,9.0,0.7352941176470588,0.21052631578947367,0.1111111111111111,1.57,2.37,0.6369426751592356,0.42194092827004215,H,5,1,1,1
2022-05-22,2021/22,Brighton & Hove Albion,West Ham United,2.0,1.2,1.6,5.4,1.6,1.2,1.0,4.0,1.2,1.2,1.0,1.4,0.0,1.0,0.0,2.6666666666666665,7.0,7.0,2.37,3.5,2.9,0.42194092827004215,0.2857142857142857,0.3448275862068966,1.72,2.1,0.5813953488372093,0.47619047619047616,H,3,1,1,1
2022-05-22,2021/22,Burnley,Newcastle United,1.0,1.2,1.4,4.6,1.2,1.2,1.8,4.0,1.4,1.4,0.8,2.4,0.0,0.0,1.0,2.6666666666666665,3.0,6.0,2.25,3.4,3.2,0.4444444444444444,0.29411764705882354,0.3125,1.94,1.96,0.5154639175257733,0.5102040816326531,A,1,2,1,1
2022-05-22,2021/22,Brentford,Leeds United,1.6,1.2,2.0,4.6,0.4,2.0,0.4,2.2,1.4,0.4,1.4,1.0,0.0,1.0,0.0,4.0,7.0,7.0,2.45,3.8,2.62,0.4081632653061224,0.2631578947368421,0.38167938931297707,1.57,2.37,0.6369426751592356,0.42194092827004215,A,1,2,1,1
2022-05-22,2021/22,Crystal Palace,Manchester United,1.2,1.0,1.6,5.6,1.0,2.4,0.8,3.8,1.0,0.2,0.4,3.2,0.3333333333333333,0.3333333333333333,0.3333333333333333,1.6666666666666667,3.0,15.0,3.0,3.6,2.25,0.3333333333333333,0.2777777777777778,0.4444444444444444,1.72,2.1,0.5813953488372093,0.47619047619047616,H,1,0,0,0
2022-05-22,2021/22,Leicester City,Southampton,2.2,1.4,1.4,5.4,0.8,2.2,0.2,3.4,1.6,0.8,0.6,2.4,0.3333333333333333,0.6666666666666666,0.0,2.6666666666666665,3.0,5.0,1.85,4.0,3.8,0.5405405405405405,0.25,0.2631578947368421,1.57,2.37,0.6369426751592356,0.42194092827004215,H,4,1,1,1
2022-05-22,2021/22,Manchester City,Aston Villa,4.2,0.8,2.6,7.2,1.6,1.0,1.6,6.0,3.8,0.8,1.6,1.0,1.0,0.0,0.0,2.6666666666666665,7.0,3.0,1.16,8.0,17.0,0.8620689655172414,0.125,0.058823529411764705,1.44,2.75,0.6944444444444444,0.36363636363636365,H,3,2,1,1
2022-05-22,2021/22,Norwich City,Tottenham Hotspur,0.2,2.6,0.2,2.8,1.6,0.4,2.2,4.8,0.8,2.6,1.8,0.8,0.0,0.0,1.0,3.0,7.0,7.0,9.5,6.5,1.25,0.10526315789473684,0.15384615384615385,0.8,1.44,2.75,0.6944444444444444,0.36363636363636365,A,0,5,1,0
2022-05-22,2021/22,Liverpool,Wolverhampton Wanderers,1.6,0.6,2.6,5.6,0.8,2.4,0.4,3.2,2.0,0.2,0.6,1.0,1.0,0.0,0.0,2.0,5.0,7.0,1.14,8.5,15.0,0.8771929824561404,0.11764705882352941,0.06666666666666667,1.44,2.75,0.6944444444444444,0.36363636363636365,H,3,1,1,1
2022-08-05,2022/23,Crystal Palace,Arsenal,1.4,1.0,2.0,4.8,1.8,1.6,1.8,6.2,1.0,0.0,1.2,1.8,0.25,0.5,0.25,2.75,75.0,75.0,4.2,3.6,1.85,0.23809523809523808,0.2777777777777778,0.5405405405405405,2.1,1.72,0.47619047619047616,0.5813953488372093,A,0,2,0,0
2022-08-06,2022/23,AFC Bournemouth,Aston Villa,1.4,1.4,1.3,4.5,1.6,1.6,1.0,5.2,1.4,1.4,1.4,1.6,0.45,0.25,0.3,2.6,7.0,76.0,3.75,3.5,2.0,0.26666666666666666,0.2857142857142857,0.5,2.0,1.8,0.5,0.5555555555555556,H,2,0,0,0
2022-08-06,2022/23,Fulham,Liverpool,0.4,2.0,0.2,2.8,1.8,0.8,2.6,6.4,0.2,2.0,1.8,0.8,0.5,0.5,0.0,1.5,440.0,76.0,11.0,6.0,1.25,0.09090909090909091,0.16666666666666666,0.8,1.5,2.62,0.6666666666666666,0.38167938931297707,D,2,2,1,1
2022-08-06,2022/23,Leeds United,Wolverhampton Wanderers,0.8,2.2,0.8,3.0,1.0,2.8,0.4,3.4,0.8,2.0,0.8,1.4,0.25,0.25,0.5,2.25,76.0,76.0,2.25,3.4,3.2,0.4444444444444444,0.29411764705882354,0.3125,2.05,1.85,0.48780487804878053,0.5405405405405405,H,2,1,1,1
2022-08-06,2022/23,Newcastle United,Nottingham Forest,1.4,1.4,1.8,4.4,1.4,1.4,1.3,4.5,1.2,0.4,1.4,1.4,0.45,0.25,0.3,2.6,76.0,7.0,1.66,3.8,5.25,0.6024096385542169,0.2631578947368421,0.19047619047619047,2.05,1.85,0.48780487804878053,0.5405405405405405,H,2,0,0,0
2022-08-06,2022/23,Everton,Chelsea,1.6,2.2,1.4,4.4,1.6,1.0,1.6,6.0,1.6,1.2,2.6,0.6,0.5,0.25,0.25,1.5,76.0,76.0,5.5,4.0,1.61,0.18181818181818182,0.25,0.6211180124223602,2.02,1.88,0.49504950495049505,0.5319148936170213,A,0,1,0,0
2022-08-06,2022/23,Tottenham Hotspur,Southampton,2.6,0.4,2.6,7.4,1.0,2.6,0.2,3.2,2.4,0.6,0.8,2.4,0.5,0.25,0.25,4.25,76.0,76.0,1.33,5.5,8.5,0.7518796992481203,0.18181818181818182,0.11764705882352941,1.61,2.3,0.6211180124223602,0.4347826086956522,H,4,1,1,1
2022-08-07,2022/23,Leicester City,Brentford,2.8,1.0,2.0,6.2,1.4,1.4,1.4,4.6,2.0,0.8,2.0,1.8,1.0,0.0,0.0,3.0,77.0,77.0,2.0,3.75,3.5,0.5,0.26666666666666666,0.2857142857142857,1.72,2.1,0.5813953488372093,0.47619047619047616,D,2,2,1,1
2022-08-07,2022/23,Manchester United,Brighton & Hove Albion,1.0,1.8,0.8,4.4,2.6,0.8,2.2,6.6,2.2,1.2,1.4,1.0,0.75,0.0,0.25,3.5,77.0,77.0,1.6,4.2,5.25,0.625,0.23809523809523808,0.19047619047619047,1.92,1.98,0.5208333333333334,0.5050505050505051,A,1,2,1,1
2022-08-07,2022/23,West Ham United,Manchester City,1.6,1.6,0.8,2.8,3.8,1.0,2.6,6.6,1.6,1.4,2.6,0.6,0.0,0.5,0.5,3.0,77.0,77.0,8.0,5.0,1.36,0.125,0.2,0.7352941176470588,1.53,2.5,0.6535947712418301,0.4,A,0,2,0,0
2022-08-13,2022/23,Arsenal,Leicester City,1.8,1.4,1.8,5.2,3.0,1.0,2.2,5.4,2.2,1.4,1.8,1.6,0.75,0.0,0.25,2.25,8.0,6.0,1.53,4.33,5.75,0.6535947712418301,0.23094688221709006,0.17391304347826086,1.66,2.2,0.6024096385542169,0.45454545454545453,H,4,2,1,1
2022-08-13,2022/23,Aston Villa,Everton,1.0,1.8,0.4,4.2,1.2,2.2,0.8,4.4,1.0,1.6,1.0,2.2,0.75,0.25,0.0,1.75,7.0,7.0,1.8,3.5,4.75,0.5555555555555556,0.2857142857142857,0.21052631578947367,2.1,1.72,0.47619047619047616,0.5813953488372093,H,2,1,1,1
2022-08-13,2022/23,Manchester City,AFC Bournemouth,3.4,1.0,2.6,5.8,2.0,0.0,3.0,3.0,3.6,1.0,1.4,1.4,0.45,0.25,0.3,2.6,6.0,7.0,1.06,13.0,29.0,0.9433962264150942,0.07692307692307693,0.034482758620689655,1.33,3.4,0.7518796992481203,0.29411764705882354,H,4,0,1,0
2022-08-13,2022/23,Southampton,Leeds United,0.8,3.0,0.0,2.6,1.2,1.6,1.4,3.4,0.8,2.4,1.8,1.0,0.25,0.25,0.5,2.0,7.0,7.0,2.25,3.5,3.1,0.4444444444444444,0.2857142857142857,0.3225806451612903,1.72,2.1,0.5813953488372093,0.47619047619047616,D,2,2,1,1
2022-08-13,2022/23,Brighton & Hove Albion,Newcastle United,2.6,0.6,2.6,6.4,1.2,1.4,1.8,5.0,1.8,1.0,1.2,2.4,0.5,0.25,0.25,2.75,6.0,7.0,2.45,3.2,3.0,0.4081632653061224,0.3125,0.3333333333333333,2.1,1.72,0.47619047619047616,0.5813953488372093,D,0,0,0,0
2022-08-13,2022/23,Brentford,Manchester United,1.8,1.8,1.4,4.8,1.0,1.6,0.8,4.4,1.6,0.4,0.2,2.6,0.0,0.0,1.0,3.5,6.0,6.0,3.75,3.5,2.0,0.26666666666666666,0.2857142857142857,0.5,1.8,2.0,0.5555555555555556,0.5,H,4,0,1,0
2022-08-13,2022/23,Wolverhampton Wanderers,Fulham,1.2,2.6,0.4,4.4,0.8,2.0,0.4,2.8,1.2,2.6,0.8,2.0,1.0,0.0,0.0,1.0,7.0,7.0,2.3,3.3,3.2,0.4347826086956522,0.30303030303030304,0.3125,2.1,1.72,0.47619047619047616,0.5813953488372093,D,0,0,0,0
2022-08-14,2022/23,Nottingham Forest,West Ham United,0.0,2.0,0.0,0.0,1.6,1.8,0.8,2.6,1.4,1.4,1.2,1.8,0.45,0.25,0.3,2.6,8.0,7.0,4.2,3.6,1.85,0.23809523809523808,0.2777777777777778,0.5405405405405405,1.92,1.98,0.5208333333333334,0.5050505050505051,H,1,0,0,0
2022-08-14,2022/23,Chelsea,Tottenham Hotspur,1.8,0.8,2.2,6.2,2.8,0.4,2.6,7.6,1.6,1.6,2.4,0.2,0.75,0.25,0.0,1.5,8.0,8.0,2.25,3.4,3.2,0.4444444444444444,0.29411764705882354,0.3125,1.98,1.92,0.5050505050505051,0.5208333333333334,D,2,2,1,1
2022-08-15,2022/23,Liverpool,Crystal Palace,2.0,1.2,2.2,5.2,1.0,1.2,1.4,4.2,2.4,0.4,1.2,1.6,1.0,0.0,0.0,4.0,9.0,10.0,1.18,6.75,16.0,0.8474576271186441,0.14814814814814814,0.0625,1.57,2.37,0.6369426751592356,0.42194092827004215,D,1,1,0,1
2022-08-20,2022/23,Tottenham Hotspur,Wolverhampton Wanderers,3.0,0.6,2.6,8.0,0.8,2.2,0.4,3.8,2.2,0.6,0.8,1.8,0.5,0.25,0.25,1.75,6.0,7.0,1.4,4.75,7.5,0.7142857142857143,0.21052631578947367,0.13333333333333333,1.72,2.1,0.5813953488372093,0.47619047619047616,H,1,0,0,0
2022-08-20,2022/23,Crystal Palace,Aston Villa,1.0,1.4,1.0,3.4,1.2,1.6,1.0,4.2,1.0,0.4,1.2,1.6,0.25,0.25,0.5,3.25,5.0,7.0,2.5,3.25,2.9,0.4,0.3076923076923077,0.3448275862068966,2.2,1.66,0.45454545454545453,0.6024096385542169,H,3,1,1,1
2022-08-20,2022/23,Everton,Nottingham Forest,1.4,2.6,0.6,4.2,0.5,1.0,1.5,3.0,1.4,1.4,0.0,2.0,0.45,0.25,0.3,2.6,7.0,6.0,1.9,3.6,4.0,0.5263157894736842,0.2777777777777778,0.25,2.1,1.72,0.47619047619047616,0.5813953488372093,D,1,1,0,1
2022-08-20,2022/23,Fulham,Brentford,0.8,1.6,0.6,2.8,2.6,1.2,2.0,5.4,0.6,1.8,2.2,1.8,0.45,0.25,0.3,2.6,7.0,7.0,2.45,3.4,2.9,0.4081632653061224,0.29411764705882354,0.3448275862068966,1.96,1.94,0.5102040816326531,0.5154639175257733,H,3,2,1,1
2022-08-20,2022/23,Leicester City,Southampton,2.8,1.8,1.6,4.2,1.0,3.0,0.2,2.8,2.0,1.0,0.8,3.0,0.5,0.5,0.0,3.25,7.0,7.0,1.83,4.0,4.0,0.5464480874316939,0.25,0.25,1.61,2.3,0.6211180124223602,0.4347826086956522,A,1,2,1,1
2022-08-20,2022/23,AFC Bournemouth,Arsenal,1.0,2.0,1.5,2.0,2.2,1.6,1.8,4.8,2.0,0.0,1.6,1.6,0.45,0.25,0.3,2.6,7.0,7.0,8.0,4.75,1.4,0.125,0.21052631578947367,0.7142857142857143,1.72,2.1,0.5813953488372093,0.47619047619047616,A,0,3,1,0
2022-08-21,2022/23,Leeds United,Chelsea,1.4,1.6,1.6,4.0,1.8,0.8,2.2,5.6,0.8,2.0,2.2,0.4,0.0,0.25,0.75,3.0,8.0,7.0,5.75,4.5,1.53,0.17391304347826086,0.2222222222222222,0.6535947712418301,1.66,2.2,0.6024096385542169,0.45454545454545453,H,3,0,1,0
2022-08-21,2022/23,West Ham United,Brighton & Hove Albion,1.4,1.6,0.8,3.0,2.0,0.6,2.2,6.0,1.2,1.6,1.4,1.0,0.0,0.75,0.25,3.0,7.0,8.0,2.3,3.4,3.1,0.4347826086956522,0.29411764705882354,0.3225806451612903,1.99,1.91,0.5025125628140703,0.5235602094240838,A,0,2,0,0
2022-08-21,2022/23,Newcastle United,Manchester City,1.2,1.2,2.0,4.8,3.2,1.0,2.6,5.4,1.4,0.4,3.0,0.6,0.0,0.0,1.0,4.5,8.0,8.0,7.5,5.0,1.36,0.13333333333333333,0.2,0.7352941176470588,1.66,2.2,0.6024096385542169,0.45454545454545453,D,3,3,1,1
2022-08-22,2022/23,Manchester United,Liverpool,0.8,2.2,0.6,4.6,2.0,1.2,2.2,5.4,1.8,1.2,1.8,1.2,0.0,0.25,0.75,3.75,9.0,7.0,5.25,4.33,1.6,0.19047619047619047,0.23094688221709006,0.625,1.5,2.62,0.6666666666666666,0.38167938931297707,H,2,1,1,1
2022-08-27,2022/23,Southampton,Manchester United,1.4,2.6,0.8,2.6,0.6,2.4,0.6,4.4,1.0,2.4,0.2,3.2,0.0,0.5,0.5,4.5,7.0,5.0,4.2,4.0,1.8,0.23809523809523808,0.25,0.5555555555555556,1.57,2.37,0.6369426751592356,0.42194092827004215,A,0,1,0,0
2022-08-27,2022/23,Brentford,Everton,2.4,1.8,1.4,5.4,1.2,2.2,0.8,4.8,2.0,0.4,0.8,2.0,1.0,0.0,0.0,3.0,7.0,7.0,2.0,3.5,3.75,0.5,0.2857142857142857,0.26666666666666666,2.06,1.84,0.4854368932038835,0.5434782608695652,D,1,1,0,1
2022-08-27,2022/23,Brighton & Hove Albion,Leeds United,1.6,0.6,2.2,5.2,2.0,1.0,2.2,5.2,1.8,0.6,1.6,1.0,0.5,0.5,0.0,1.25,6.0,6.0,1.9,3.8,3.8,0.5263157894736842,0.2631578947368421,0.2631578947368421,1.88,2.02,0.5319148936170213,0.49504950495049505,H,1,0,0,0
2022-08-27,2022/23,Chelsea,Leicester City,1.2,1.4,1.6,5.4,2.0,2.0,1.0,3.0,1.6,1.2,2.0,2.0,0.5,0.25,0.25,2.5,6.0,7.0,1.4,5.0,7.0,0.7142857142857143,0.2,0.14285714285714285,1.61,2.3,0.6211180124223602,0.4347826086956522,H,2,1,1,1
2022-08-27,2022/23,Liverpool,AFC Bournemouth,1.8,1.4,1.6,5.2,0.6666666666666666,2.3333333333333335,1.0,1.6666666666666667,2.2,0.6,0.0,4.0,0.45,0.25,0.3,2.6,5.0,7.0,1.1,10.0,26.0,0.9090909090909091,0.1,0.038461538461538464,1.36,3.2,0.7352941176470588,0.3125,H,9,0,1,0
2022-08-27,2022/23,Manchester City,Crystal Palace,2.8,1.4,2.2,6.4,1.4,1.4,1.4,4.4,4.0,0.6,1.2,1.4,0.5,0.25,0.25,2.0,6.0,7.0,1.18,7.5,13.0,0.8474576271186441,0.13333333333333333,0.07692307692307693,1.44,2.75,0.6944444444444444,0.36363636363636365,H,4,2,1,1
2022-08-27,2022/23,Arsenal,Fulham,2.8,1.0,2.4,5.2,1.2,1.4,1.2,4.0,3.0,1.4,0.6,1.4,0.5,0.5,0.0,2.5,7.0,7.0,1.3,5.75,9.0,0.7692307692307692,0.17391304347826086,0.1111111111111111,1.5,2.62,0.6666666666666666,0.38167938931297707,H,2,1,1,1
2022-08-28,2022/23,Aston Villa,West Ham United,1.2,2.0,0.8,4.4,0.6,2.0,0.2,2.6,1.4,1.0,1.0,1.4,0.0,0.0,1.0,3.75,8.0,7.0,2.3,3.4,3.1,0.4347826086956522,0.29411764705882354,0.3225806451612903,1.91,1.99,0.5235602094240838,0.5025125628140703,A,0,1,0,0
2022-08-28,2022/23,Wolverhampton Wanderers,Newcastle United,0.6,1.4,0.4,3.8,1.8,0.8,2.2,5.4,0.8,2.0,1.2,2.2,0.25,0.5,0.25,2.0,8.0,7.0,2.7,3.3,2.7,0.37037037037037035,0.30303030303030304,0.37037037037037035,2.1,1.72,0.47619047619047616,0.5813953488372093,D,1,1,0,1
2022-08-28,2022/23,Nottingham Forest,Tottenham Hotspur,0.6666666666666666,1.0,1.3333333333333333,3.6666666666666665,2.6,0.6,2.6,7.6,1.0,0.0,2.4,0.6,0.45,0.25,0.3,2.6,8.0,8.0,7.0,4.6,1.44,0.14285714285714285,0.2173913043478261,0.6944444444444444,1.72,2.1,0.5813953488372093,0.47619047619047616,A,0,2,0,0
2022-08-30,2022/23,Southampton,Chelsea,1.2,2.4,0.8,3.2,1.4,1.4,2.0,4.6,1.0,1.4,1.0,1.0,0.0,0.5,0.5,4.5,3.0,3.0,5.25,4.0,1.61,0.19047619047619047,0.25,0.6211180124223602,1.72,2.1,0.5813953488372093,0.47619047619047616,H,2,1,1,1
2022-08-30,2022/23,Fulham,Brighton & Hove Albion,1.2,1.6,1.0,3.6,1.6,0.4,2.6,4.8,1.0,1.8,1.6,1.0,0.0,1.0,0.0,0.0,3.0,3.0,3.1,3.3,2.3,0.3225806451612903,0.30303030303030304,0.4347826086956522,2.01,1.89,0.49751243781094534,0.5291005291005292,H,2,1,1,1
2022-08-30,2022/23,Leeds United,Everton,1.8,1.0,2.0,4.6,0.8,2.0,0.4,5.0,1.2,1.8,1.0,1.8,0.25,0.25,0.5,2.75,3.0,3.0,2.15,3.5,3.3,0.46511627906976744,0.2857142857142857,0.30303030303030304,1.87,2.03,0.53475935828877,0.4926108374384237,D,1,1,0,1
2022-08-30,2022/23,Crystal Palace,Brentford,1.4,1.6,1.4,3.8,2.0,1.6,1.0,5.0,1.0,0.6,1.8,2.2,0.0,1.0,0.0,0.0,3.0,3.0,2.05,3.4,3.6,0.48780487804878053,0.29411764705882354,0.2777777777777778,2.1,1.72,0.47619047619047616,0.5813953488372093,D,1,1,0,1
2022-08-31,2022/23,Arsenal,Aston Villa,3.2,0.8,3.0,6.4,1.0,2.0,0.6,3.2,3.2,1.2,1.2,1.8,0.5,0.0,0.5,2.25,4.0,3.0,1.45,4.5,6.0,0.6896551724137931,0.2222222222222222,0.16666666666666666,1.72,2.1,0.5813953488372093,0.47619047619047616,H,2,1,1,1
2022-08-31,2022/23,AFC Bournemouth,Wolverhampton Wanderers,0.5,4.0,0.75,1.75,0.6,1.4,0.4,3.8,1.0,1.5,0.8,1.8,0.45,0.25,0.3,2.6,4.0,3.0,3.5,3.3,2.15,0.2857142857142857,0.30303030303030304,0.46511627906976744,2.1,1.72,0.47619047619047616,0.5813953488372093,D,0,0,0,0
2022-08-31,2022/23,Manchester City,Nottingham Forest,3.2,1.4,2.6,5.8,0.5,1.25,1.0,3.0,4.2,1.0,0.5,1.5,0.45,0.25,0.3,2.6,4.0,3.0,1.06,13.0,29.0,0.9433962264150942,0.07692307692307693,0.034482758620689655,1.22,4.33,0.819672131147541,0.23094688221709006,H,6,0,1,0
2022-08-31,2022/23,West Ham United,Tottenham Hotspur,0.4,1.6,0.6,2.6,2.8,0.6,2.6,7.4,0.8,1.8,2.0,0.6,0.5,0.25,0.25,3.5,3.0,3.0,3.6,3.8,1.95,0.2777777777777778,0.2631578947368421,0.5128205128205129,1.72,2.1,0.5813953488372093,0.47619047619047616,D,1,1,0,1
2022-08-31,2022/23,Liverpool,Newcastle United,3.2,1.2,1.6,6.6,1.6,1.0,1.8,5.8,3.2,0.6,1.2,1.4,0.5,0.5,0.0,1.75,4.0,3.0,1.33,5.25,9.0,0.7518796992481203,0.19047619047619047,0.1111111111111111,1.5,2.62,0.6666666666666666,0.38167938931297707,H,2,1,1,1
2022-09-01,2022/23,Leicester City,Manchester United,2.0,2.2,0.8,3.8,0.8,1.6,1.2,4.6,2.2,1.4,0.4,2.4,0.5,0.5,0.0,3.75,5.0,5.0,3.4,3.75,2.05,0.29411764705882354,0.26666666666666666,0.48780487804878053,1.66,2.2,0.6024096385542169,0.45454545454545453,A,0,1,0,0
2022-09-03,2022/23,Newcastle United,Crystal Palace,1.4,1.2,1.2,5.0,1.4,1.8,1.0,4.0,1.6,0.8,1.6,2.0,0.5,0.25,0.25,2.0,3.0,4.0,2.0,3.5,3.75,0.5,0.2857142857142857,0.26666666666666666,2.0,1.8,0.5,0.5555555555555556,D,0,0,0,0
2022-09-03,2022/23,Everton,Liverpool,0.8,1.2,0.6,5.0,3.0,1.2,1.6,6.2,1.4,1.4,1.6,1.2,0.25,0.25,0.5,3.25,4.0,3.0,7.0,4.75,1.4,0.14285714285714285,0.21052631578947367,0.7142857142857143,1.57,2.37,0.6369426751592356,0.42194092827004215,D,0,0,0,0
2022-09-03,2022/23,Brentford,Leeds United,2.0,1.4,1.2,4.6,1.6,1.0,1.6,4.4,1.8,0.6,1.0,1.2,0.0,0.5,0.5,3.5,4.0,4.0,2.1,3.5,3.4,0.47619047619047616,0.2857142857142857,0.29411764705882354,1.72,2.1,0.5813953488372093,0.47619047619047616,H,5,2,1,1
2022-09-03,2022/23,Chelsea,West Ham United,1.2,1.6,1.4,3.8,0.4,1.2,0.8,3.0,1.8,1.4,1.2,1.0,0.75,0.0,0.25,2.5,4.0,3.0,1.55,4.5,5.5,0.6451612903225806,0.2222222222222222,0.18181818181818182,1.72,2.1,0.5813953488372093,0.47619047619047616,H,2,1,1,1
2022-09-03,2022/23,Tottenham Hotspur,Fulham,2.0,0.8,2.2,5.6,1.6,1.4,1.6,4.2,2.4,0.4,0.6,1.6,0.5,0.5,0.0,1.5,3.0,4.0,1.5,4.5,6.5,0.6666666666666666,0.2222222222222222,0.15384615384615385,1.61,2.3,0.6211180124223602,0.4347826086956522,H,2,1,1,1
2022-09-03,2022/23,Wolverhampton Wanderers,Southampton,0.4,0.8,0.6,3.6,1.4,1.8,1.4,4.2,0.6,2.0,1.2,2.8,0.75,0.25,0.0,2.5,3.0,4.0,2.2,3.4,3.25,0.45454545454545453,0.29411764705882354,0.3076923076923077,2.04,1.86,0.49019607843137253,0.5376344086021505,H,1,0,0,0
2022-09-03,2022/23,Aston Villa,Manchester City,0.8,1.8,0.6,3.4,3.8,1.0,2.6,6.6,1.0,1.2,3.2,1.2,0.0,0.0,1.0,3.25,3.0,3.0,8.0,5.5,1.33,0.125,0.18181818181818182,0.7518796992481203,1.53,2.5,0.6535947712418301,0.4,D,1,1,0,1
2022-09-03,2022/23,Nottingham Forest,AFC Bournemouth,0.4,2.2,0.8,2.6,0.4,3.2,0.8,1.8,0.5,1.0,0.0,6.5,0.45,0.25,0.3,2.6,3.0,3.0,1.95,3.5,3.8,0.5128205128205129,0.2857142857142857,0.2631578947368421,2.1,1.72,0.47619047619047616,0.5813953488372093,A,2,3,1,1
2022-09-04,2022/23,Brighton & Hove Albion,Leicester City,1.2,0.6,2.0,4.2,1.2,2.2,0.2,3.0,2.0,0.6,2.0,2.2,0.25,0.25,0.5,2.75,5.0,3.0,1.83,3.5,4.5,0.5464480874316939,0.2857142857142857,0.2222222222222222,2.01,1.89,0.49751243781094534,0.5291005291005292,H,5,2,1,1
2022-09-04,2022/23,Manchester United,Arsenal,1.0,1.4,1.8,4.2,2.6,0.8,3.0,6.4,2.0,1.2,1.4,1.2,0.25,0.25,0.5,2.5,3.0,4.0,2.5,3.5,2.7,0.4,0.2857142857142857,0.37037037037037035,1.66,2.2,0.6024096385542169,0.45454545454545453,H,3,1,1,1
2022-09-16,2022/23,Aston Villa,Southampton,1.0,1.6,0.8,3.2,1.2,1.2,1.4,4.0,1.0,1.0,0.8,2.6,0.5,0.0,0.5,3.25,13.0,13.0,2.1,3.5,3.5,0.47619047619047616,0.2857142857142857,0.2857142857142857,1.88,2.02,0.5319148936170213,0.49504950495049505,H,1,0,0,0
2022-09-16,2022/23,Nottingham Forest,Fulham,0.8,2.4,0.8,3.2,1.4,1.4,1.4,4.2,1.0,1.6666666666666667,0.8,1.6,0.45,0.25,0.3,2.6,13.0,13.0,2.75,3.3,2.62,0.36363636363636365,0.30303030303030304,0.38167938931297707,1.93,1.97,0.5181347150259068,0.5076142131979695,A,2,3,1,1
2022-09-17,2022/23,Wolverhampton Wanderers,Manchester City,0.4,0.4,1.2,2.8,3.6,1.2,2.2,7.0,0.8,1.4,2.6,1.4,0.0,0.0,1.0,4.0,14.0,14.0,9.5,5.0,1.33,0.10526315789473684,0.2,0.7518796992481203,1.57,2.37,0.6369426751592356,0.42194092827004215,A,0,3,1,0
2022-09-17,2022/23,Newcastle United,AFC Bournemouth,1.0,1.2,0.8,4.2,0.6,3.6,0.8,1.8,1.4,0.8,1.0,5.0,0.45,0.25,0.3,2.6,14.0,14.0,1.44,4.4,7.5,0.6944444444444444,0.22727272727272727,0.13333333333333333,1.87,2.03,0.53475935828877,0.4926108374384237,D,1,1,0,1
2022-09-17,2022/23,Tottenham Hotspur,Leicester City,1.6,0.8,2.2,6.0,1.2,2.8,0.0,2.8,2.2,0.4,2.2,2.6,0.75,0.0,0.25,4.25,14.0,13.0,1.45,4.5,7.0,0.6896551724137931,0.2222222222222222,0.14285714285714285,1.57,2.37,0.6369426751592356,0.42194092827004215,H,6,2,1,1
2022-09-18,2022/23,Brentford,Arsenal,2.6,1.4,1.6,5.6,2.4,1.4,2.4,6.6,2.8,1.0,1.2,1.6,0.5,0.0,0.5,2.5,15.0,14.0,4.2,3.8,1.8,0.23809523809523808,0.2631578947368421,0.5555555555555556,1.66,2.2,0.6024096385542169,0.45454545454545453,A,0,3,1,0
2022-09-18,2022/23,Everton,West Ham United,0.8,1.0,0.8,4.8,0.6,1.2,0.8,3.4,1.2,1.4,1.4,1.2,0.25,0.0,0.75,1.5,15.0,15.0,2.9,3.25,2.5,0.3448275862068966,0.3076923076923077,0.4,2.06,1.84,0.4854368932038835,0.5434782608695652,H,1,0,0,0
2022-10-01,2022/23,AFC Bournemouth,Brentford,0.8,3.0,1.0,2.2,1.8,2.0,1.0,4.6,0.6666666666666666,1.0,1.6,2.2,0.45,0.25,0.3,2.6,14.0,13.0,3.3,3.4,2.2,0.30303030303030304,0.29411764705882354,0.45454545454545453,2.02,1.88,0.49504950495049505,0.5319148936170213,D,0,0,0,0
2022-10-01,2022/23,Crystal Palace,Chelsea,1.4,1.4,1.2,5.4,1.4,1.8,1.4,3.2,1.2,0.8,1.0,1.2,0.0,0.0,1.0,3.25,28.0,28.0,4.2,3.6,1.85,0.23809523809523808,0.2777777777777778,0.5405405405405405,2.1,1.72,0.47619047619047616,0.5813953488372093,A,1,2,1,1
2022-10-01,2022/23,West Ham United,Wolverhampton Wanderers,0.6,1.2,0.8,3.2,0.4,1.0,1.0,2.8,0.8,1.8,0.8,1.6,0.75,0.0,0.25,2.75,13.0,14.0,1.95,3.5,4.2,0.5128205128205129,0.2857142857142857,0.23809523809523808,2.2,1.66,0.45454545454545453,0.6024096385542169,H,2,0,0,0
2022-10-01,2022/23,Arsenal,Tottenham Hotspur,2.2,1.0,2.4,6.6,2.4,0.8,2.6,7.2,3.0,1.2,2.2,0.8,0.5,0.0,0.5,3.0,13.0,14.0,2.05,3.75,3.3,0.48780487804878053,0.26666666666666666,0.30303030303030304,1.72,2.1,0.5813953488372093,0.47619047619047616,H,3,1,1,1
2022-10-01,2022/23,Southampton,Everton,0.8,1.0,1.2,3.4,0.8,0.6,1.4,4.4,1.2,1.6,0.8,1.8,0.5,0.0,0.5,2.25,15.0,13.0,2.15,3.4,3.4,0.46511627906976744,0.29411764705882354,0.29411764705882354,2.04,1.86,0.49019607843137253,0.5376344086021505,A,1,2,1,1
2022-10-01,2022/23,Fulham,Newcastle United,2.0,1.8,1.8,5.0,1.2,1.4,0.8,5.4,1.4,1.8,0.8,1.8,0.0,0.5,0.5,2.0,15.0,14.0,3.0,3.4,2.37,0.3333333333333333,0.29411764705882354,0.42194092827004215,1.91,1.99,0.5235602094240838,0.5025125628140703,A,1,4,1,1
2022-10-01,2022/23,Liverpool,Brighton & Hove Albion,2.6,0.8,1.6,7.0,1.8,0.8,2.0,5.6,3.2,0.8,1.8,0.8,0.25,0.5,0.25,2.25,28.0,27.0,1.33,5.25,8.5,0.7518796992481203,0.19047619047619047,0.11764705882352941,1.53,2.5,0.6535947712418301,0.4,D,3,3,1,1
2022-10-02,2022/23,Manchester City,Manchester United,3.4,1.2,2.2,7.0,1.4,1.2,2.4,4.4,4.4,0.8,0.4,1.8,0.5,0.25,0.25,2.25,15.0,28.0,1.33,5.75,7.5,0.7518796992481203,0.17391304347826086,0.13333333333333333,1.44,2.75,0.6944444444444444,0.36363636363636365,H,6,3,1,1
2022-10-02,2022/23,Leeds United,Aston Villa,1.6,1.8,1.0,4.8,0.8,1.4,0.8,3.0,1.4,1.2,1.4,2.2,0.25,0.25,0.5,3.25,29.0,16.0,2.35,3.4,3.0,0.425531914893617,0.29411764705882354,0.3333333333333333,1.8,2.0,0.5555555555555556,0.5,D,0,0,0,0
2022-10-03,2022/23,Leicester City,Nottingham Forest,1.2,3.2,0.0,3.8,1.0,3.0,0.2,2.6,2.0,1.2,0.3333333333333333,3.0,0.45,0.25,0.3,2.6,16.0,17.0,1.75,4.0,4.33,0.5714285714285714,0.25,0.23094688221709006,1.66,2.2,0.6024096385542169,0.45454545454545453,H,4,0,1,0
2022-10-08,2022/23,AFC Bournemouth,Leicester City,0.8,2.4,1.2,2.2,1.8,2.8,0.6,5.0,0.5,0.75,1.6,3.6,0.45,0.25,0.3,2.6,7.0,5.0,3.6,3.4,2.05,0.2777777777777778,0.29411764705882354,0.48780487804878053,1.8,2.0,0.5555555555555556,0.5,H,2,1,1,1
2022-10-08,2022/23,Chelsea,Wolverhampton Wanderers,1.4,1.6,1.8,3.2,0.4,1.2,1.0,3.0,1.8,1.2,0.4,1.6,0.0,0.75,0.25,1.75,7.0,7.0,1.4,4.5,8.0,0.7142857142857143,0.2222222222222222,0.125,1.87,2.03,0.53475935828877,0.4926108374384237,H,3,0,1,0
2022-10-08,2022/23,Manchester City,Southampton,4.0,1.2,2.6,7.0,0.6,1.2,0.6,4.0,4.6,1.4,0.8,2.2,0.5,0.5,0.0,2.5,6.0,7.0,1.11,10.0,17.0,0.9009009009009008,0.1,0.058823529411764705,1.25,4.0,0.8,0.25,H,4,0,1,0
2022-10-08,2022/23,Newcastle United,Brentford,1.4,1.0,1.2,6.2,1.4,1.4,1.2,4.4,1.6,0.8,1.6,1.6,0.5,0.5,0.0,4.0,7.0,7.0,1.83,3.8,4.2,0.5464480874316939,0.2631578947368421,0.23809523809523808,1.72,2.1,0.5813953488372093,0.47619047619047616,H,5,1,1,1
2022-10-08,2022/23,Brighton & Hove Albion,Tottenham Hotspur,2.4,1.4,2.0,5.4,2.4,1.4,2.0,7.0,2.6,0.6,2.2,1.2,0.5,0.0,0.5,1.75,7.0,7.0,2.8,3.4,2.5,0.35714285714285715,0.29411764705882354,0.4,1.88,2.02,0.5319148936170213,0.49504950495049505,A,0,1,0,0
2022-10-09,2022/23,Arsenal,Liverpool,2.2,1.2,2.4,7.2,3.0,1.2,1.6,7.6,3.2,1.2,1.4,1.2,0.0,0.0,1.0,3.25,8.0,8.0,2.5,3.6,2.62,0.4,0.2777777777777778,0.38167938931297707,1.57,2.37,0.6369426751592356,0.42194092827004215,H,3,2,1,1
2022-10-09,2022/23,Everton,Manchester United,1.0,0.6,1.8,3.8,2.0,1.6,2.4,5.2,1.0,0.8,1.0,2.2,0.25,0.5,0.25,3.25,8.0,7.0,3.6,3.5,2.05,0.2777777777777778,0.2857142857142857,0.48780487804878053,1.88,2.02,0.5319148936170213,0.49504950495049505,A,1,2,1,1
2022-10-09,2022/23,Crystal Palace,Leeds United,1.4,1.6,1.0,5.4,1.2,1.4,1.0,4.0,1.2,1.2,1.4,2.2,0.25,0.25,0.5,2.0,8.0,7.0,2.05,3.5,3.6,0.48780487804878053,0.2857142857142857,0.2777777777777778,1.86,2.04,0.5376344086021505,0.49019607843137253,H,2,1,1,1
2022-10-09,2022/23,West Ham United,Fulham,1.0,0.8,1.4,3.6,1.6,2.2,1.2,3.4,1.0,1.4,1.2,1.4,0.5,0.5,0.0,0.5,8.0,8.0,1.72,3.8,4.75,0.5813953488372093,0.2631578947368421,0.21052631578947367,1.8,2.0,0.5555555555555556,0.5,H,3,1,1,1
2022-10-10,2022/23,Nottingham Forest,Aston Villa,0.8,3.6,0.0,2.2,0.6,0.8,1.0,3.4,1.25,2.0,0.8,2.0,0.45,0.25,0.3,2.6,7.0,8.0,3.3,3.4,2.2,0.30303030303030304,0.29411764705882354,0.45454545454545453,2.03,1.87,0.4926108374384237,0.53475935828877,D,1,1,0,1
2022-10-14,2022/23,Brentford,Brighton & Hove Albion,1.4,2.2,1.0,4.0,2.0,1.6,1.4,5.8,2.2,1.6,1.8,1.4,0.0,0.0,1.0,1.5,6.0,6.0,3.1,3.4,2.3,0.3225806451612903,0.29411764705882354,0.4347826086956522,1.97,1.93,0.5076142131979695,0.5181347150259068,H,2,0,0,0
2022-10-15,2022/23,Leicester City,Crystal Palace,1.8,2.8,0.6,5.0,1.2,1.6,1.0,4.6,2.2,1.2,1.2,1.8,0.5,0.5,0.0,3.0,7.0,6.0,2.3,3.4,3.1,0.4347826086956522,0.29411764705882354,0.3225806451612903,1.89,2.01,0.5291005291005292,0.49751243781094534,D,0,0,0,0
2022-10-15,2022/23,Fulham,AFC Bournemouth,1.6,2.4,1.2,3.2,1.2,0.8,1.8,2.6,1.6,2.2,1.0,4.0,0.45,0.25,0.3,2.6,6.0,7.0,1.85,3.75,4.0,0.5405405405405405,0.26666666666666666,0.25,1.96,1.94,0.5102040816326531,0.5154639175257733,D,2,2,1,1
2022-10-15,2022/23,Wolverhampton Wanderers,Nottingham Forest,0.2,1.6,0.8,2.6,1.0,3.4,0.2,2.6,0.6,1.0,0.25,3.25,0.45,0.25,0.3,2.6,7.0,5.0,1.7,3.75,5.0,0.5882352941176471,0.26666666666666666,0.2,2.06,1.84,0.4854368932038835,0.5434782608695652,H,1,0,0,0
2022-10-15,2022/23,Tottenham Hotspur,Everton,2.2,1.4,2.0,6.2,1.0,0.8,1.6,2.8,2.8,0.8,1.2,2.0,0.25,0.5,0.25,2.5,7.0,6.0,1.5,4.5,6.5,0.6666666666666666,0.2222222222222222,0.15384615384615385,1.72,2.1,0.5813953488372093,0.47619047619047616,H,2,0,0,0
2022-10-16,2022/23,Aston Villa,Chelsea,0.8,0.8,1.2,3.2,2.0,1.0,2.4,4.0,1.0,0.8,1.4,1.2,0.25,0.25,0.5,3.0,6.0,8.0,4.33,3.75,1.8,0.23094688221709006,0.26666666666666666,0.5555555555555556,2.03,1.87,0.4926108374384237,0.53475935828877,A,0,2,0,0
2022-10-16,2022/23,Leeds United,Arsenal,0.8,1.8,0.4,3.6,2.4,1.4,2.4,7.0,1.4,0.6,1.8,1.0,0.0,0.25,0.75,3.5,7.0,7.0,6.0,4.2,1.55,0.16666666666666666,0.23809523809523808,0.6451612903225806,1.61,2.3,0.6211180124223602,0.4347826086956522,A,0,1,0,0
2022-10-16,2022/23,Manchester United,Newcastle United,2.0,1.6,2.4,5.2,2.2,1.0,1.6,6.2,2.0,1.0,1.6,1.0,0.75,0.25,0.0,4.0,7.0,8.0,1.95,3.8,3.5,0.5128205128205129,0.2631578947368421,0.2857142857142857,1.72,2.1,0.5813953488372093,0.47619047619047616,D,0,0,0,0
2022-10-16,2022/23,Southampton,West Ham United,0.6,1.8,0.6,3.0,1.4,1.0,1.4,4.8,1.2,1.6,0.6,1.4,0.25,0.5,0.25,2.0,8.0,7.0,2.9,3.4,2.4,0.3448275862068966,0.29411764705882354,0.4166666666666667,2.0,1.9,0.5,0.5263157894736842,D,1,1,0,1
2022-10-16,2022/23,Liverpool,Manchester City,3.2,1.4,1.6,7.2,4.0,0.8,2.6,7.6,3.6,1.2,2.2,1.2,0.0,0.75,0.25,3.75,7.0,8.0,3.6,4.0,1.9,0.2777777777777778,0.25,0.5263157894736842,1.44,2.75,0.6944444444444444,0.36363636363636365,H,1,0,0,0
2022-10-18,2022/23,Brighton & Hove Albion,Nottingham Forest,1.8,2.0,0.8,6.4,1.0,2.4,0.2,2.8,1.8,0.8,0.2,2.8,0.45,0.25,0.3,2.6,4.0,3.0,1.4,4.75,7.0,0.7142857142857143,0.21052631578947367,0.14285714285714285,1.72,2.1,0.5813953488372093,0.47619047619047616,D,0,0,0,0
2022-10-18,2022/23,Crystal Palace,Wolverhampton Wanderers,0.8,0.8,1.2,4.4,0.4,1.6,1.2,2.2,1.4,1.4,0.2,1.6,0.75,0.0,0.25,1.75,3.0,3.0,2.25,3.1,3.4,0.4444444444444444,0.3225806451612903,0.29411764705882354,2.5,1.53,0.4,0.6535947712418301,H,2,1,1,1
2022-10-19,2022/23,AFC Bournemouth,Southampton,1.6,1.2,1.8,3.4,0.4,1.8,0.2,3.2,0.8,0.8,0.6,2.2,0.45,0.25,0.3,2.6,4.0,3.0,2.62,3.3,2.62,0.38167938931297707,0.30303030303030304,0.38167938931297707,2.0,1.8,0.5,0.5555555555555556,A,0,1,0,0
2022-10-19,2022/23,Brentford,Chelsea,1.6,2.0,1.4,4.0,2.0,0.8,2.4,4.2,2.4,1.2,1.2,1.2,0.5,0.0,0.5,3.0,5.0,3.0,4.75,3.8,1.72,0.21052631578947367,0.2631578947368421,0.5813953488372093,1.88,2.02,0.5319148936170213,0.49504950495049505,D,0,0,0,0
2022-10-19,2022/23,Liverpool,West Ham United,1.6,1.4,1.6,5.2,1.4,1.0,1.4,4.8,3.2,1.0,0.6,1.0,0.75,0.0,0.25,3.25,3.0,3.0,1.4,5.0,7.0,0.7142857142857143,0.2,0.14285714285714285,1.5,2.62,0.6666666666666666,0.38167938931297707,H,1,0,0,0
2022-10-19,2022/23,Newcastle United,Everton,2.0,0.6,1.8,6.2,0.8,1.0,1.4,2.4,2.2,1.0,1.0,1.4,0.75,0.0,0.25,2.5,3.0,4.0,1.6,3.8,5.75,0.625,0.2631578947368421,0.17391304347826086,1.92,1.98,0.5208333333333334,0.5050505050505051,H,1,0,0,0
2022-10-19,2022/23,Manchester United,Tottenham Hotspur,1.8,1.6,2.0,4.4,2.4,1.2,2.4,6.8,1.8,0.8,1.4,1.2,0.75,0.0,0.25,4.75,3.0,4.0,2.45,3.5,2.75,0.4081632653061224,0.2857142857142857,0.36363636363636365,1.72,2.1,0.5813953488372093,0.47619047619047616,H,2,0,0,0
2022-10-20,2022/23,Fulham,Aston Villa,1.6,2.6,0.8,3.4,0.6,0.8,1.2,4.0,2.0,2.2,0.6,1.6,0.0,0.0,1.0,3.5,5.0,4.0,2.9,3.3,2.5,0.3448275862068966,0.30303030303030304,0.4,2.0,1.9,0.5,0.5263157894736842,H,3,0,1,0
2022-10-20,2022/23,Leicester City,Leeds United,1.8,2.6,0.8,5.6,0.8,1.8,0.4,4.0,1.4,1.0,1.4,2.2,0.5,0.25,0.25,3.0,5.0,4.0,2.25,3.6,3.0,0.4444444444444444,0.2777777777777778,0.3333333333333333,1.72,2.1,0.5813953488372093,0.47619047619047616,H,2,0,0,0
2022-10-22,2022/23,Nottingham Forest,Liverpool,0.6,1.8,0.4,2.2,1.4,1.2,1.6,5.4,1.2,1.8,1.4,1.6,0.45,0.25,0.3,2.6,4.0,3.0,11.0,6.0,1.25,0.09090909090909091,0.16666666666666666,0.8,1.5,2.62,0.6666666666666666,0.38167938931297707,H,1,0,0,0
2022-10-22,2022/23,Everton,Crystal Palace,0.8,1.2,1.2,1.8,1.0,0.8,1.6,4.4,0.6,0.8,1.0,1.6,0.5,0.25,0.25,3.5,3.0,4.0,2.6,3.2,2.87,0.3846153846153846,0.3125,0.3484320557491289,2.2,1.66,0.45454545454545453,0.6024096385542169,H,3,0,1,0
2022-10-22,2022/23,Manchester City,Brighton & Hove Albion,2.8,1.0,2.0,7.0,1.6,1.6,1.0,7.0,4.8,1.0,1.6,1.6,0.75,0.0,0.25,3.5,6.0,4.0,1.2,7.0,13.0,0.8333333333333334,0.14285714285714285,0.07692307692307693,1.44,2.75,0.6944444444444444,0.36363636363636365,H,3,1,1,1
2022-10-22,2022/23,Chelsea,Manchester United,1.8,0.4,2.6,4.4,2.0,1.6,2.0,6.0,2.2,1.0,1.4,2.2,0.0,1.0,0.0,1.0,3.0,3.0,2.05,3.5,3.5,0.48780487804878053,0.2857142857142857,0.2857142857142857,1.91,1.99,0.5235602094240838,0.5025125628140703,D,1,1,0,1
2022-10-23,2022/23,Southampton,Arsenal,0.6,1.6,0.8,3.6,2.2,1.2,2.4,6.0,1.2,1.4,2.0,0.6,0.25,0.25,0.5,2.5,4.0,7.0,6.0,4.0,1.57,0.16666666666666666,0.25,0.6369426751592356,1.66,2.2,0.6024096385542169,0.45454545454545453,D,1,1,0,1
2022-10-23,2022/23,Leeds United,Fulham,0.6,2.0,0.2,3.4,2.0,2.2,1.4,4.4,1.2,0.6,1.2,1.8,1.0,0.0,0.0,5.0,3.0,3.0,2.05,3.5,3.6,0.48780487804878053,0.2857142857142857,0.2777777777777778,1.72,2.1,0.5813953488372093,0.47619047619047616,A,2,3,1,1
2022-10-23,2022/23,Tottenham Hotspur,Newcastle United,2.0,1.4,1.8,5.2,2.2,0.6,2.2,5.8,3.0,0.8,1.2,0.8,0.5,0.5,0.0,4.25,4.0,4.0,2.05,3.5,3.5,0.48780487804878053,0.2857142857142857,0.2857142857142857,1.92,1.98,0.5208333333333334,0.5050505050505051,A,1,2,1,1
2022-10-23,2022/23,Wolverhampton Wanderers,Leicester City,0.4,2.0,0.6,2.6,1.8,1.6,1.4,5.0,0.6,0.8,1.6,3.8,0.25,0.25,0.5,1.25,5.0,3.0,2.25,3.25,3.25,0.4444444444444444,0.3076923076923077,0.3076923076923077,2.0,1.9,0.5,0.5263157894736842,A,0,4,1,0
2022-10-23,2022/23,Aston Villa,Brentford,0.4,1.2,1.0,5.0,0.6,1.6,1.0,3.4,0.8,1.0,1.2,2.2,0.0,0.5,0.5,2.5,3.0,4.0,2.1,3.5,3.5,0.47619047619047616,0.2857142857142857,0.2857142857142857,1.94,1.96,0.5154639175257733,0.5102040816326531,H,4,0,1,0
2022-10-24,2022/23,West Ham United,AFC Bournemouth,1.2,0.8,1.4,4.8,1.0,1.0,1.2,3.4,1.2,1.2,1.2,3.6,0.45,0.25,0.3,2.6,5.0,5.0,1.55,4.0,6.0,0.6451612903225806,0.25,0.16666666666666666,2.01,1.89,0.49751243781094534,0.5291005291005292,H,2,0,0,0
2022-10-29,2022/23,Brentford,Wolverhampton Wanderers,0.6,1.8,1.0,3.6,0.4,2.2,0.6,3.4,1.6,1.2,0.2,1.6,0.5,0.0,0.5,2.5,6.0,6.0,2.2,3.4,3.3,0.45454545454545453,0.29411764705882354,0.30303030303030304,2.01,1.89,0.49751243781094534,0.5291005291005292,D,1,1,0,1
2022-10-29,2022/23,Leicester City,Manchester City,2.2,0.4,2.0,4.4,3.2,1.0,2.4,7.0,1.4,0.6,1.8,1.0,0.25,0.0,0.75,4.75,6.0,7.0,10.0,6.5,1.25,0.1,0.15384615384615385,0.8,1.44,2.75,0.6944444444444444,0.36363636363636365,A,0,1,0,0
2022-10-29,2022/23,Brighton & Hove Albion,Chelsea,0.8,1.8,0.4,5.2,1.6,0.4,2.2,4.2,1.2,0.6,1.0,1.2,0.0,0.75,0.25,2.0,7.0,7.0,3.0,3.3,2.4,0.3333333333333333,0.30303030303030304,0.4166666666666667,2.1,1.72,0.47619047619047616,0.5813953488372093,H,4,1,1,1
2022-10-29,2022/23,AFC Bournemouth,Tottenham Hotspur,0.8,1.2,1.0,3.4,1.0,1.4,1.2,4.0,0.4,1.0,1.0,1.2,0.45,0.25,0.3,2.6,5.0,6.0,5.0,3.8,1.7,0.2,0.2631578947368421,0.5882352941176471,1.96,1.94,0.5102040816326531,0.5154639175257733,A,2,3,1,1
2022-10-29,2022/23,Fulham,Everton,2.0,2.2,1.4,4.0,1.2,1.2,1.2,2.6,2.2,1.8,0.8,1.2,0.5,0.0,0.5,3.5,6.0,7.0,2.37,3.4,3.0,0.42194092827004215,0.29411764705882354,0.3333333333333333,1.87,2.03,0.53475935828877,0.4926108374384237,D,0,0,0,0
2022-10-29,2022/23,Liverpool,Leeds United,1.4,1.4,1.4,5.2,0.6,1.6,0.2,3.2,3.2,0.8,1.0,2.4,0.75,0.25,0.0,4.5,7.0,6.0,1.3,6.0,9.0,0.7692307692307692,0.16666666666666666,0.1111111111111111,1.36,3.2,0.7352941176470588,0.3125,A,1,2,1,1
2022-10-29,2022/23,Newcastle United,Aston Villa,2.4,0.6,2.6,5.4,1.0,1.2,1.0,6.6,2.0,1.0,0.6,1.8,0.25,0.25,0.5,1.75,6.0,6.0,1.8,3.75,4.5,0.5555555555555556,0.26666666666666666,0.2222222222222222,1.94,1.96,0.5154639175257733,0.5102040816326531,H,4,0,1,0
2022-10-29,2022/23,Crystal Palace,Southampton,1.0,1.4,1.4,3.0,0.8,1.6,1.0,4.0,1.8,1.2,0.6,1.4,0.5,0.25,0.25,3.0,7.0,6.0,1.9,3.6,4.0,0.5263157894736842,0.2777777777777778,0.25,2.06,1.84,0.4854368932038835,0.5434782608695652,H,1,0,0,0
2022-10-30,2022/23,Arsenal,Nottingham Forest,2.2,0.8,2.6,6.0,0.4,1.2,1.0,3.0,2.8,1.4,0.2,2.4,0.45,0.25,0.3,2.6,7.0,8.0,1.2,7.0,12.0,0.8333333333333334,0.14285714285714285,0.08333333333333333,1.5,2.62,0.6666666666666666,0.38167938931297707,H,5,0,1,0
2022-10-30,2022/23,Manchester United,West Ham United,1.6,1.6,1.6,6.0,1.6,0.6,2.0,4.8,1.6,0.8,0.6,1.0,1.0,0.0,0.0,2.25,8.0,6.0,1.66,4.0,4.8,0.6024096385542169,0.25,0.20833333333333334,1.86,2.04,0.5376344086021505,0.49019607843137253,H,1,0,0,0
2022-11-05,2022/23,Leeds United,AFC Bournemouth,1.0,1.8,0.6,4.2,1.2,1.8,0.8,4.0,1.2,1.0,1.2,3.2,0.45,0.25,0.3,2.6,7.0,7.0,1.72,3.8,4.75,0.5813953488372093,0.2631578947368421,0.21052631578947367,1.8,2.0,0.5555555555555556,0.5,H,4,3,1,1
2022-11-05,2022/23,Manchester City,Fulham,2.8,1.0,2.4,6.6,1.8,1.4,1.6,5.0,4.6,1.2,1.8,2.2,1.0,0.0,0.0,2.5,7.0,7.0,1.11,9.5,19.0,0.9009009009009008,0.10526315789473684,0.05263157894736842,1.28,3.75,0.78125,0.26666666666666666,H,2,1,1,1
2022-11-05,2022/23,Nottingham Forest,Brentford,0.4,1.4,1.0,2.8,0.8,2.0,1.0,3.4,1.2,1.8,0.8,2.6,0.45,0.25,0.3,2.6,6.0,7.0,2.75,3.3,2.6,0.36363636363636365,0.30303030303030304,0.3846153846153846,2.03,1.87,0.4926108374384237,0.53475935828877,D,2,2,1,1
2022-11-05,2022/23,Wolverhampton Wanderers,Brighton & Hove Albion,0.6,2.0,0.8,3.4,1.0,1.4,0.8,5.8,0.6,1.6,1.4,2.0,0.5,0.25,0.25,3.25,7.0,7.0,3.3,3.3,2.25,0.30303030303030304,0.30303030303030304,0.4444444444444444,2.1,1.72,0.47619047619047616,0.5813953488372093,A,2,3,1,1
2022-11-05,2022/23,Everton,Leicester City,0.8,1.0,0.8,2.4,1.4,0.6,1.4,4.0,1.2,0.6,2.0,3.0,0.5,0.5,0.0,2.25,7.0,7.0,2.4,3.3,3.0,0.4166666666666667,0.30303030303030304,0.3333333333333333,2.0,1.8,0.5,0.5555555555555556,A,0,2,0,0
2022-11-06,2022/23,Southampton,Newcastle United,0.6,1.4,1.0,3.6,2.4,0.4,2.6,4.8,1.0,1.2,1.6,1.0,0.25,0.25,0.5,3.5,8.0,8.0,4.0,3.6,1.9,0.25,0.2777777777777778,0.5263157894736842,1.95,1.95,0.5128205128205129,0.5128205128205129,A,1,4,1,1
2022-11-06,2022/23,Aston Villa,Manchester United,1.0,2.0,0.8,5.2,1.2,0.4,2.2,5.0,1.2,0.8,1.6,1.6,0.25,0.25,0.5,3.0,8.0,7.0,3.3,3.8,2.1,0.30303030303030304,0.2631578947368421,0.47619047619047616,1.94,1.96,0.5154639175257733,0.5102040816326531,H,3,1,1,1
2022-11-06,2022/23,Tottenham Hotspur,Liverpool,1.4,1.2,1.8,4.8,1.0,1.2,1.2,5.8,2.4,1.0,1.0,1.6,0.0,0.5,0.5,3.25,8.0,8.0,3.3,3.6,2.1,0.30303030303030304,0.2777777777777778,0.47619047619047616,1.66,2.2,0.6024096385542169,0.45454545454545453,A,1,2,1,1
2022-11-06,2022/23,West Ham United,Crystal Palace,1.2,0.8,1.4,4.8,1.0,1.0,2.0,3.0,1.6,0.8,0.6,1.6,0.5,0.5,0.0,4.0,7.0,8.0,1.9,3.4,4.2,0.5263157894736842,0.29411764705882354,0.23809523809523808,2.1,1.72,0.47619047619047616,0.5813953488372093,A,1,2,1,1
2022-11-06,2022/23,Chelsea,Arsenal,1.4,1.0,1.6,5.0,2.6,0.8,2.6,6.6,2.0,1.0,1.8,0.8,0.25,0.0,0.75,3.25,8.0,7.0,2.55,3.4,2.7,0.3921568627450981,0.29411764705882354,0.37037037037037035,1.93,1.97,0.5181347150259068,0.5076142131979695,A,0,1,0,0
2022-11-12,2022/23,Manchester City,Brentford,2.0,0.6,2.4,5.6,1.0,1.4,1.2,3.2,4.2,1.0,0.8,2.4,1.0,0.0,0.0,1.5,7.0,7.0,1.14,8.0,17.0,0.8771929824561404,0.125,0.058823529411764705,1.36,3.2,0.7352941176470588,0.3125,A,1,2,1,1
2022-11-12,2022/23,AFC Bournemouth,Everton,1.4,2.4,0.2,4.4,0.6,1.0,0.8,2.4,0.8,1.0,0.6,1.0,0.45,0.25,0.3,2.6,7.0,7.0,2.8,3.25,2.6,0.35714285714285715,0.3076923076923077,0.3846153846153846,2.1,1.72,0.47619047619047616,0.5813953488372093,H,3,0,1,0
2022-11-12,2022/23,Liverpool,Southampton,1.0,0.8,1.8,6.4,0.8,1.4,1.0,4.6,1.6,1.2,0.2,1.4,0.75,0.0,0.25,2.5,6.0,6.0,1.25,6.5,11.0,0.8,0.15384615384615385,0.09090909090909091,1.4,3.0,0.7142857142857143,0.3333333333333333,H,3,1,1,1
2022-11-12,2022/23,Nottingham Forest,Crystal Palace,0.6,1.6,1.0,3.6,1.0,1.0,2.0,3.2,1.6,1.8,0.8,1.6,0.45,0.25,0.3,2.6,7.0,6.0,3.1,3.1,2.45,0.3225806451612903,0.3225806451612903,0.4081632653061224,2.2,1.66,0.45454545454545453,0.6024096385542169,H,1,0,0,0
2022-11-12,2022/23,Tottenham Hotspur,Leeds United,1.4,1.6,1.2,5.2,1.6,2.0,1.2,4.2,2.4,1.4,1.0,2.2,0.75,0.0,0.25,3.5,6.0,7.0,1.65,4.2,4.75,0.6060606060606061,0.23809523809523808,0.21052631578947367,1.61,2.3,0.6211180124223602,0.4347826086956522,H,4,3,1,1
2022-11-12,2022/23,West Ham United,Leicester City,0.8,1.0,0.8,3.6,1.6,0.2,2.0,4.6,1.8,0.8,2.2,2.6,0.75,0.25,0.0,4.25,6.0,7.0,2.05,3.4,3.75,0.48780487804878053,0.29411764705882354,0.26666666666666666,1.99,1.91,0.5025125628140703,0.5235602094240838,A,0,2,0,0
2022-11-12,2022/23,Newcastle United,Chelsea,2.2,0.4,2.6,4.4,0.8,1.2,1.0,3.8,2.2,0.4,1.2,1.4,0.0,0.0,1.0,2.0,6.0,6.0,2.35,3.4,3.0,0.425531914893617,0.29411764705882354,0.3333333333333333,1.98,1.92,0.5050505050505051,0.5208333333333334,H,1,0,0,0
2022-11-12,2022/23,Wolverhampton Wanderers,Arsenal,1.0,2.0,0.8,4.0,2.2,0.6,2.6,5.2,0.8,2.0,1.4,0.8,0.5,0.0,0.5,2.5,7.0,6.0,6.0,4.2,1.55,0.16666666666666666,0.23809523809523808,0.6451612903225806,1.8,2.0,0.5555555555555556,0.5,A,0,2,0,0
2022-11-13,2022/23,Brighton & Hove Albion,Aston Villa,1.6,1.6,1.4,6.6,1.4,2.0,1.2,5.6,2.0,0.8,0.4,2.0,0.25,0.25,0.5,1.75,8.0,7.0,1.83,3.75,4.2,0.5464480874316939,0.26666666666666666,0.23809523809523808,1.96,1.94,0.5102040816326531,0.5154639175257733,A,1,2,1,1
2022-11-13,2022/23,Fulham,Manchester United,1.8,1.2,1.6,5.0,1.0,0.8,1.6,4.8,1.6,1.4,1.6,2.2,0.0,0.5,0.5,2.5,8.0,7.0,3.8,3.8,1.9,0.2631578947368421,0.2631578947368421,0.5263157894736842,1.61,2.3,0.6211180124223602,0.4347826086956522,A,1,2,1,1
2022-12-26,2022/23,Leicester City,Newcastle United,2.0,0.2,2.4,4.8,2.4,0.4,3.0,4.6,1.2,0.4,2.2,1.0,0.5,0.0,0.5,4.0,44.0,44.0,3.25,3.5,2.2,0.3076923076923077,0.2857142857142857,0.45454545454545453,1.86,2.04,0.5376344086021505,0.49019607843137253,A,0,3,1,0
2022-12-26,2022/23,Crystal Palace,Fulham,1.0,1.2,1.8,3.0,1.6,1.2,1.4,5.6,1.4,1.0,1.8,2.2,0.5,0.5,0.0,1.5,44.0,43.0,2.05,3.6,3.5,0.48780487804878053,0.2777777777777778,0.2857142857142857,2.02,1.88,0.49504950495049505,0.5319148936170213,A,0,3,1,0
2022-12-26,2022/23,Everton,Wolverhampton Wanderers,0.6,1.2,0.8,3.0,0.8,2.4,0.2,4.0,1.0,0.8,0.4,1.6,0.5,0.0,0.5,2.0,44.0,44.0,2.3,3.25,3.2,0.4347826086956522,0.3076923076923077,0.3125,2.2,1.67,0.45454545454545453,0.5988023952095809,A,1,2,1,1
2022-12-26,2022/23,Arsenal,West Ham United,2.0,0.2,2.6,4.6,0.6,1.2,0.6,4.0,3.0,1.0,0.4,1.2,0.75,0.25,0.0,3.5,44.0,44.0,1.5,4.33,6.5,0.6666666666666666,0.23094688221709006,0.15384615384615385,1.73,2.1,0.5780346820809249,0.47619047619047616,H,3,1,1,1
2022-12-26,2022/23,Southampton,Brighton & Hove Albion,0.8,1.8,0.8,4.0,1.8,1.6,1.4,5.6,1.2,1.8,1.6,2.4,0.25,0.5,0.25,3.0,44.0,43.0,3.3,3.5,2.15,0.30303030303030304,0.2857142857142857,0.46511627906976744,1.94,1.96,0.5154639175257733,0.5102040816326531,A,1,3,1,1
2022-12-26,2022/23,Aston Villa,Liverpool,1.8,1.8,1.8,4.6,1.4,1.0,1.8,7.4,1.8,0.8,1.0,1.4,0.25,0.0,0.75,4.0,43.0,44.0,4.75,4.0,1.7,0.21052631578947367,0.25,0.5882352941176471,1.67,2.2,0.5988023952095809,0.45454545454545453,A,1,3,1,1
2022-12-26,2022/23,Brentford,Tottenham Hotspur,1.0,1.6,1.2,4.2,1.8,2.2,1.2,5.4,1.6,1.2,1.2,1.6,0.0,0.5,0.5,1.0,44.0,44.0,4.0,3.6,1.91,0.25,0.2777777777777778,0.5235602094240838,1.8,2.0,0.5555555555555556,0.5,D,2,2,1,1
2022-12-27,2022/23,Chelsea,AFC Bournemouth,0.4,1.4,0.4,3.4,1.6,2.0,0.6,5.0,1.6,0.8,1.8,2.2,0.45,0.25,0.3,2.6,45.0,45.0,1.3,5.5,10.0,0.7692307692307692,0.18181818181818182,0.1,1.67,2.2,0.5988023952095809,0.45454545454545453,H,2,0,0,0
2022-12-27,2022/23,Manchester United,Nottingham Forest,1.4,1.0,2.0,6.2,0.8,1.4,1.6,3.6,1.6,0.4,0.0,3.2,0.45,0.25,0.3,2.6,44.0,45.0,1.29,5.5,11.0,0.7751937984496123,0.18181818181818182,0.09090909090909091,1.67,2.2,0.5988023952095809,0.45454545454545453,H,3,0,1,0
2022-12-28,2022/23,Leeds United,Manchester City,2.2,2.6,1.2,4.4,1.4,1.0,1.8,5.2,1.4,1.6,1.6,1.0,0.25,0.25,0.5,4.0,46.0,46.0,9.5,6.0,1.29,0.10526315789473684,0.16666666666666666,0.7751937984496123,1.44,2.75,0.6944444444444444,0.36363636363636365,A,1,3,1,1
2022-12-30,2022/23,West Ham United,Brentford,0.8,1.6,0.6,4.2,1.4,2.0,1.2,4.2,1.6,1.0,1.0,2.4,0.0,0.0,1.0,2.5,4.0,4.0,2.0,3.6,3.6,0.5,0.2777777777777778,0.2777777777777778,1.98,1.95,0.5050505050505051,0.5128205128205129,A,0,2,0,0
2022-12-30,2022/23,Liverpool,Leicester City,1.8,1.2,1.8,7.8,1.6,0.8,1.8,5.0,1.8,1.2,2.2,1.6,0.5,0.0,0.5,2.5,4.0,4.0,1.29,6.0,9.5,0.7751937984496123,0.16666666666666666,0.10526315789473684,1.44,2.75,0.6944444444444444,0.36363636363636365,H,2,1,1,1
2022-12-31,2022/23,Fulham,Southampton,1.6,1.2,1.4,6.2,0.8,2.4,0.2,4.2,1.4,1.6,0.4,1.8,0.0,0.5,0.5,2.0,5.0,5.0,1.95,3.6,3.75,0.5128205128205129,0.2777777777777778,0.26666666666666666,1.73,2.1,0.5780346820809249,0.47619047619047616,H,2,1,1,1
2022-12-31,2022/23,AFC Bournemouth,Crystal Palace,1.6,2.2,0.6,5.2,0.6,1.6,1.2,2.2,1.4,1.0,0.4,1.0,0.45,0.25,0.3,2.6,4.0,5.0,2.8,3.3,2.5,0.35714285714285715,0.30303030303030304,0.4,2.1,1.73,0.47619047619047616,0.5780346820809249,A,0,2,0,0
2022-12-31,2022/23,Wolverhampton Wanderers,Manchester United,1.0,2.2,0.8,4.0,1.6,1.0,2.0,5.8,0.6,2.4,1.8,2.4,0.25,0.0,0.75,1.5,5.0,4.0,4.0,3.6,1.91,0.25,0.2777777777777778,0.5235602094240838,2.03,1.9,0.4926108374384237,0.5263157894736842,A,0,1,0,0
2022-12-31,2022/23,Manchester City,Everton,2.0,1.0,2.4,5.8,0.8,1.4,0.8,4.2,3.2,1.4,0.4,1.4,1.0,0.0,0.0,3.25,3.0,5.0,1.13,9.0,19.0,0.8849557522123894,0.1111111111111111,0.05263157894736842,1.36,3.2,0.7352941176470588,0.3125,D,1,1,0,1
2022-12-31,2022/23,Brighton & Hove Albion,Arsenal,2.4,1.8,1.8,5.0,2.4,0.4,2.6,4.8,2.0,1.2,1.6,0.2,0.25,0.25,0.5,1.5,5.0,5.0,3.4,3.5,2.1,0.29411764705882354,0.2857142857142857,0.47619047619047616,1.89,2.04,0.5291005291005292,0.49019607843137253,A,2,4,1,1
2022-12-31,2022/23,Newcastle United,Leeds United,2.8,0.4,3.0,4.8,2.4,2.8,1.2,4.2,2.4,0.4,1.6,2.8,0.25,0.25,0.5,3.25,5.0,3.0,1.45,4.5,7.0,0.6896551724137931,0.2222222222222222,0.14285714285714285,1.62,2.3,0.6172839506172839,0.4347826086956522,D,0,0,0,0
2023-01-01,2022/23,Tottenham Hotspur,Aston Villa,2.2,2.2,1.4,6.6,2.0,1.8,1.8,4.6,2.8,1.8,0.6,1.8,0.75,0.0,0.25,3.0,6.0,6.0,1.67,4.0,5.0,0.5988023952095809,0.25,0.2,1.8,2.0,0.5555555555555556,0.5,A,0,2,0,0
2023-01-01,2022/23,Nottingham Forest,Chelsea,0.8,2.0,1.4,4.2,0.8,1.4,0.8,3.4,1.4,1.2,1.0,1.2,0.45,0.25,0.3,2.6,5.0,5.0,5.0,3.8,1.7,0.2,0.2631578947368421,0.5882352941176471,2.02,1.91,0.49504950495049505,0.5235602094240838,D,1,1,0,1
2023-01-02,2022/23,Brentford,Liverpool,1.8,1.2,1.8,4.8,2.2,1.2,2.4,7.4,1.0,1.2,1.4,1.2,0.0,0.5,0.5,4.5,3.0,3.0,5.5,4.33,1.55,0.18181818181818182,0.23094688221709006,0.6451612903225806,1.57,2.38,0.6369426751592356,0.42016806722689076,H,3,1,1,1
2023-01-03,2022/23,Arsenal,Newcastle United,3.0,0.6,3.0,5.6,2.4,0.2,2.6,4.8,3.2,1.0,2.6,0.6,0.75,0.0,0.25,2.25,3.0,3.0,1.8,3.8,4.33,0.5555555555555556,0.2631578947368421,0.23094688221709006,1.8,2.0,0.5555555555555556,0.5,D,0,0,0,0
2023-01-03,2022/23,Everton,Brighton & Hove Albion,0.4,1.6,0.4,3.2,2.6,2.0,1.8,5.6,1.2,1.2,2.0,2.2,0.5,0.25,0.25,3.25,3.0,3.0,3.5,3.5,2.1,0.2857142857142857,0.2857142857142857,0.47619047619047616,2.02,1.88,0.49504950495049505,0.5319148936170213,A,1,4,1,1
2023-01-03,2022/23,Leicester City,Fulham,1.0,1.2,1.2,4.6,1.4,1.0,1.4,5.6,1.2,0.8,2.2,1.8,0.5,0.0,0.5,2.5,4.0,3.0,2.2,3.6,3.1,0.45454545454545453,0.2777777777777778,0.3225806451612903,1.73,2.1,0.5780346820809249,0.47619047619047616,A,0,1,0,0
2023-01-03,2022/23,Manchester United,AFC Bournemouth,1.6,0.8,2.4,5.8,1.6,2.2,0.6,5.0,1.8,0.2,1.2,2.2,0.45,0.25,0.3,2.6,3.0,3.0,1.29,5.5,11.0,0.7751937984496123,0.18181818181818182,0.09090909090909091,1.53,2.5,0.6535947712418301,0.4,H,3,0,1,0
2023-01-04,2022/23,Southampton,Nottingham Forest,0.8,2.6,0.0,4.2,0.8,2.2,1.0,3.8,1.0,2.2,0.0,2.6,0.45,0.25,0.3,2.6,4.0,3.0,2.0,3.5,3.8,0.5,0.2857142857142857,0.2631578947368421,2.06,1.84,0.4854368932038835,0.5434782608695652,A,0,1,0,0
2023-01-04,2022/23,Leeds United,West Ham United,2.0,2.2,1.4,3.4,0.4,2.0,0.0,4.4,1.4,2.0,0.4,1.4,0.25,0.0,0.75,3.25,4.0,5.0,2.6,3.5,2.6,0.3846153846153846,0.2857142857142857,0.3846153846153846,1.8,2.0,0.5555555555555556,0.5,D,2,2,1,1
2023-01-04,2022/23,Aston Villa,Wolverhampton Wanderers,1.6,1.8,1.8,3.2,1.0,1.6,0.8,3.6,1.8,1.2,0.8,1.8,0.25,0.25,0.5,2.25,3.0,4.0,1.95,3.6,4.0,0.5128205128205129,0.2777777777777778,0.25,2.08,1.82,0.4807692307692307,0.5494505494505494,D,1,1,0,1
2023-01-04,2022/23,Crystal Palace,Tottenham Hotspur,1.0,1.0,1.8,3.0,2.0,2.2,1.4,6.0,1.2,1.4,1.4,1.8,0.25,0.25,0.5,3.25,4.0,3.0,3.4,3.5,2.15,0.29411764705882354,0.2857142857142857,0.46511627906976744,1.92,1.98,0.5208333333333334,0.5050505050505051,A,0,4,1,0
2023-01-05,2022/23,Chelsea,Manchester City,0.8,1.4,0.8,3.4,1.6,1.0,2.0,5.6,1.6,0.6,1.6,0.6,0.25,0.0,0.75,2.25,4.0,5.0,5.0,4.0,1.67,0.2,0.25,0.5988023952095809,1.8,2.0,0.5555555555555556,0.5,A,0,1,0,0
2023-01-12,2022/23,Fulham,Chelsea,1.6,1.0,1.8,4.8,0.6,0.8,0.8,2.4,1.6,1.0,0.8,1.2,0.0,0.0,1.0,1.5,9.0,7.0,3.3,3.5,2.15,0.30303030303030304,0.2857142857142857,0.46511627906976744,1.87,2.03,0.53475935828877,0.4926108374384237,H,2,1,1,1
2023-01-13,2022/23,Aston Villa,Leeds United,1.8,1.2,2.0,4.0,2.0,2.4,1.0,3.4,1.8,1.4,1.2,1.8,0.4,0.4,0.2,2.6,9.0,9.0,1.91,3.6,4.0,0.5235602094240838,0.2777777777777778,0.25,1.8,2.0,0.5555555555555556,0.5,H,2,1,1,1
2023-01-14,2022/23,Manchester United,Manchester City,2.0,0.8,2.4,6.4,1.6,1.0,2.0,5.2,1.8,0.0,1.6,0.4,0.2,0.2,0.6,3.6,11.0,9.0,4.2,3.6,1.85,0.23809523809523808,0.2777777777777778,0.5405405405405405,1.73,2.1,0.5780346820809249,0.47619047619047616,H,2,1,1,1
2023-01-14,2022/23,Brighton & Hove Albion,Liverpool,2.6,2.0,1.8,5.4,2.2,1.4,2.4,6.6,1.4,1.6,1.6,1.8,0.2,0.6,0.2,3.0,11.0,12.0,3.4,3.6,2.1,0.29411764705882354,0.2777777777777778,0.47619047619047616,1.57,2.38,0.6369426751592356,0.42016806722689076,H,3,0,1,0
2023-01-14,2022/23,Everton,Southampton,0.6,2.4,0.2,3.2,0.8,2.6,0.0,3.4,1.2,2.0,0.6,2.0,0.6,0.0,0.4,2.4,11.0,10.0,2.25,3.25,3.3,0.4444444444444444,0.3076923076923077,0.30303030303030304,2.1,1.73,0.47619047619047616,0.5780346820809249,A,1,2,1,1
2023-01-14,2022/23,Nottingham Forest,Leicester City,1.0,1.2,1.6,3.6,1.0,1.2,1.2,4.8,1.2,0.8,2.0,0.8,0.0,0.0,1.0,4.0,10.0,11.0,2.7,3.3,2.63,0.37037037037037035,0.30303030303030304,0.3802281368821293,2.03,1.87,0.4926108374384237,0.53475935828877,H,2,0,0,0
2023-01-14,2022/23,Wolverhampton Wanderers,West Ham United,1.0,1.6,0.8,3.4,0.8,2.2,0.2,3.8,0.6,2.0,0.8,1.6,0.2,0.0,0.8,2.6,10.0,10.0,2.63,3.3,2.7,0.3802281368821293,0.30303030303030304,0.37037037037037035,2.2,1.67,0.45454545454545453,0.5988023952095809,H,1,0,0,0
2023-01-14,2022/23,Brentford,AFC Bournemouth,2.2,1.2,2.2,5.6,1.2,2.2,0.6,5.0,1.6,0.8,1.0,2.6,0.0,1.0,0.0,0.0,12.0,11.0,1.65,4.0,5.25,0.6060606060606061,0.25,0.19047619047619047,1.8,2.0,0.5555555555555556,0.5,H,2,0,0,0
2023-01-15,2022/23,Chelsea,Crystal Palace,0.8,1.0,0.8,4.2,0.8,1.8,1.2,3.2,1.2,0.6,0.8,1.0,1.0,0.0,0.0,3.2,3.0,11.0,1.62,4.0,5.25,0.6172839506172839,0.25,0.19047619047619047,2.02,1.88,0.49504950495049505,0.5319148936170213,H,1,0,0,0
2023-01-15,2022/23,Newcastle United,Fulham,1.6,0.2,2.2,3.6,1.8,0.8,2.4,5.0,2.2,0.2,1.8,1.4,0.6666666666666666,0.3333333333333333,0.0,3.0,12.0,3.0,1.5,4.33,6.5,0.6666666666666666,0.23094688221709006,0.15384615384615385,1.73,2.1,0.5780346820809249,0.47619047619047616,H,1,0,0,0
2023-01-15,2022/23,Tottenham Hotspur,Arsenal,2.2,1.8,1.4,5.8,2.0,0.6,2.6,4.4,1.6,1.8,1.8,0.6,0.4,0.0,0.6,3.2,11.0,12.0,3.1,3.6,2.2,0.3225806451612903,0.2777777777777778,0.45454545454545453,1.8,2.0,0.5555555555555556,0.5,A,0,2,0,0
2023-01-18,2022/23,Crystal Palace,Manchester United,0.4,1.8,0.6,3.0,2.2,0.4,3.0,6.6,1.0,1.8,1.4,1.2,0.5,0.25,0.25,1.5,3.0,4.0,4.5,3.6,1.8,0.2222222222222222,0.2777777777777778,0.5555555555555556,1.97,1.93,0.5076142131979695,0.5181347150259068,D,1,1,0,1
2023-01-19,2022/23,Manchester City,Tottenham Hotspur,1.4,1.2,1.4,4.4,2.0,1.8,1.4,6.2,2.2,1.0,2.0,1.2,0.25,0.0,0.75,2.75,5.0,4.0,1.36,5.0,8.5,0.7352941176470588,0.2,0.11764705882352941,1.53,2.5,0.6535947712418301,0.4,H,4,2,1,1
2023-01-21,2022/23,Leicester City,Brighton & Hove Albion,0.6,1.6,0.6,3.4,2.6,1.6,1.8,5.6,0.4,1.0,2.2,1.8,0.4,0.2,0.4,3.6,7.0,7.0,3.6,3.5,2.05,0.2777777777777778,0.2857142857142857,0.48780487804878053,1.86,2.04,0.5376344086021505,0.49019607843137253,D,2,2,1,1
2023-01-21,2022/23,AFC Bournemouth,Nottingham Forest,0.6,1.8,0.6,4.2,1.0,0.8,2.0,3.2,1.4,1.4,0.2,1.8,1.0,0.0,0.0,5.0,7.0,7.0,2.75,3.1,2.75,0.36363636363636365,0.3225806451612903,0.36363636363636365,2.3,1.62,0.4347826086956522,0.6172839506172839,D,1,1,0,1
2023-01-21,2022/23,Liverpool,Chelsea,1.8,1.8,1.8,5.8,1.0,0.8,1.4,4.8,1.6,0.8,0.6,1.6,0.25,0.5,0.25,2.25,7.0,6.0,1.85,3.75,4.0,0.5405405405405405,0.26666666666666666,0.25,1.73,2.1,0.5780346820809249,0.47619047619047616,D,0,0,0,0
2023-01-21,2022/23,Crystal Palace,Newcastle United,0.6,1.8,0.8,4.0,1.0,0.0,2.2,3.8,0.8,1.8,1.8,0.4,0.2,0.4,0.4,1.6,3.0,6.0,4.4,3.5,1.85,0.22727272727272727,0.2857142857142857,0.5405405405405405,2.1,1.73,0.47619047619047616,0.5780346820809249,D,0,0,0,0
2023-01-21,2022/23,West Ham United,Everton,0.6,2.0,0.2,4.2,0.8,2.4,0.2,3.6,1.2,1.4,0.2,1.4,0.6,0.0,0.4,1.4,7.0,7.0,1.8,3.75,4.75,0.5555555555555556,0.26666666666666666,0.21052631578947367,2.1,1.73,0.47619047619047616,0.5780346820809249,H,2,0,0,0
2023-01-21,2022/23,Southampton,Aston Villa,1.0,2.0,0.6,3.4,1.6,1.2,2.0,4.2,0.8,2.0,1.0,1.8,0.4,0.0,0.6,2.8,7.0,8.0,2.88,3.25,2.55,0.3472222222222222,0.3076923076923077,0.3921568627450981,2.1,1.73,0.47619047619047616,0.5780346820809249,A,0,1,0,0
2023-01-22,2022/23,Leeds United,Brentford,1.4,2.2,0.4,3.4,2.2,0.8,2.6,6.0,1.8,2.4,1.4,2.4,0.3333333333333333,0.3333333333333333,0.3333333333333333,4.666666666666667,9.0,8.0,2.38,3.6,2.88,0.42016806722689076,0.2777777777777778,0.3472222222222222,1.67,2.2,0.5988023952095809,0.45454545454545453,D,0,0,0,0
2023-01-22,2022/23,Manchester City,Wolverhampton Wanderers,2.0,1.2,2.0,4.4,0.8,1.0,1.4,3.2,2.2,1.4,1.0,1.6,1.0,0.0,0.0,3.8,3.0,8.0,1.2,8.0,11.0,0.8333333333333334,0.125,0.09090909090909091,1.5,2.63,0.6666666666666666,0.3802281368821293,H,3,0,1,0
2023-01-22,2022/23,Arsenal,Manchester United,2.2,0.6,2.6,5.0,2.0,0.4,2.6,5.6,2.8,0.8,1.2,1.2,0.4,0.2,0.4,2.8,7.0,4.0,1.8,3.8,4.2,0.5555555555555556,0.2631578947368421,0.23809523809523808,1.73,2.1,0.5780346820809249,0.47619047619047616,H,3,2,1,1
2023-01-23,2022/23,Fulham,Tottenham Hotspur,1.6,0.6,2.4,3.6,1.6,2.0,0.8,5.2,1.6,0.8,2.2,2.0,0.0,0.3333333333333333,0.6666666666666666,2.0,8.0,4.0,3.3,3.6,2.1,0.30303030303030304,0.2777777777777778,0.47619047619047616,1.73,2.1,0.5780346820809249,0.47619047619047616,A,0,1,0,0
2023-02-03,2022/23,Chelsea,Fulham,0.6,0.8,1.0,4.2,1.0,0.8,1.8,2.4,0.8,0.6,1.6,1.0,0.6666666666666666,0.0,0.3333333333333333,2.0,13.0,11.0,1.62,4.0,5.25,0.6172839506172839,0.25,0.19047619047619047,1.91,1.99,0.5235602094240838,0.5025125628140703,D,0,0,0,0
2023-02-04,2022/23,Everton,Arsenal,0.8,2.2,0.2,3.4,2.4,1.0,2.6,5.2,1.2,2.0,2.0,0.6,0.75,0.0,0.25,3.25,14.0,13.0,8.5,4.5,1.4,0.11764705882352941,0.2222222222222222,0.7142857142857143,1.87,2.03,0.53475935828877,0.4926108374384237,H,1,0,0,0
2023-02-04,2022/23,Aston Villa,Leicester City,1.4,1.0,2.0,4.8,0.6,2.0,0.2,2.6,2.2,1.2,1.8,0.8,0.5,0.25,0.25,1.75,14.0,14.0,1.95,3.6,3.8,0.5128205128205129,0.2777777777777778,0.2631578947368421,1.94,1.96,0.5154639175257733,0.5102040816326531,A,2,4,1,1
2023-02-04,2022/23,Brentford,Southampton,1.8,0.6,2.2,4.4,0.8,1.6,0.6,3.4,1.6,0.8,1.0,1.4,0.5,0.0,0.5,4.0,13.0,14.0,1.85,3.6,4.2,0.5405405405405405,0.2777777777777778,0.23809523809523808,2.04,1.86,0.49019607843137253,0.5376344086021505,H,3,0,1,0
2023-02-04,2022/23,Brighton & Hove Albion,AFC Bournemouth,2.8,1.6,2.0,6.0,0.2,2.0,0.2,3.2,2.0,1.4,0.6,2.6,0.45,0.25,0.3,2.6,14.0,14.0,1.33,5.25,8.5,0.7518796992481203,0.19047619047619047,0.11764705882352941,1.73,2.1,0.5780346820809249,0.47619047619047616,H,1,0,0,0
2023-02-04,2022/23,Manchester United,Crystal Palace,1.8,1.0,2.0,4.8,0.6,1.2,1.0,4.2,2.2,0.2,0.8,1.2,0.2,0.4,0.4,1.6,13.0,14.0,1.4,4.75,8.0,0.7142857142857143,0.21052631578947367,0.125,1.88,2.02,0.5319148936170213,0.49504950495049505,H,2,1,1,1
2023-02-04,2022/23,Wolverhampton Wanderers,Liverpool,0.8,1.2,1.4,3.0,1.2,1.6,1.4,5.0,0.6,2.0,1.2,1.8,0.0,0.0,1.0,2.5,13.0,14.0,4.0,3.8,1.85,0.25,0.2631578947368421,0.5405405405405405,1.8,2.0,0.5555555555555556,0.5,H,3,0,1,0
2023-02-04,2022/23,Newcastle United,West Ham United,0.8,0.0,1.8,4.6,1.0,1.6,0.8,3.8,1.4,0.0,0.6,1.6,0.5,0.25,0.25,3.75,14.0,14.0,1.6,3.8,6.0,0.625,0.2631578947368421,0.16666666666666666,2.0,1.8,0.5,0.5555555555555556,D,1,1,0,1
2023-02-05,2022/23,Nottingham Forest,Leeds United,1.0,1.0,1.6,3.8,0.8,1.4,0.6,3.4,1.4,0.6,1.2,1.8,0.45,0.25,0.3,2.6,15.0,14.0,2.63,3.3,2.7,0.3802281368821293,0.30303030303030304,0.37037037037037035,1.94,1.96,0.5154639175257733,0.5102040816326531,H,1,0,0,0
2023-02-05,2022/23,Tottenham Hotspur,Manchester City,1.4,1.6,1.2,4.2,2.0,1.0,2.0,4.0,1.2,2.2,1.2,0.8,0.6,0.0,0.4,3.4,13.0,14.0,4.33,4.2,1.73,0.23094688221709006,0.23809523809523808,0.5780346820809249,1.67,2.2,0.5988023952095809,0.45454545454545453,H,1,0,0,0
2023-02-08,2022/23,Manchester United,Leeds United,2.0,1.2,2.0,4.6,0.6,1.0,0.6,4.0,2.2,0.4,1.2,1.6,0.75,0.25,0.0,5.0,4.0,3.0,1.45,5.0,6.0,0.6896551724137931,0.2,0.16666666666666666,1.57,2.38,0.6369426751592356,0.42016806722689076,D,2,2,1,1
2023-02-11,2022/23,West Ham United,Chelsea,1.0,1.2,1.0,3.2,0.4,0.6,1.0,4.4,1.0,1.2,0.6,1.6,0.2,0.0,0.8,2.6,7.0,8.0,3.3,3.3,2.25,0.30303030303030304,0.30303030303030304,0.4444444444444444,2.2,1.67,0.45454545454545453,0.5988023952095809,D,1,1,0,1
2023-02-11,2022/23,Arsenal,Brentford,1.8,1.0,2.0,4.8,2.0,0.2,2.6,4.2,2.8,1.0,1.2,1.4,0.6666666666666666,0.0,0.3333333333333333,2.6666666666666665,7.0,7.0,1.44,4.75,7.0,0.6944444444444444,0.21052631578947367,0.14285714285714285,1.73,2.1,0.5780346820809249,0.47619047619047616,D,1,1,0,1
2023-02-11,2022/23,Crystal Palace,Brighton & Hove Albion,0.4,1.6,0.4,3.6,2.4,1.4,2.0,6.4,0.4,1.6,2.6,1.8,0.25,0.75,0.0,2.25,7.0,7.0,3.8,3.5,2.0,0.2631578947368421,0.2857142857142857,0.5,2.0,1.8,0.5,0.5555555555555556,D,1,1,0,1
2023-02-11,2022/23,Fulham,Nottingham Forest,0.6,0.6,1.4,2.8,1.2,0.4,2.2,3.6,1.0,1.0,0.4,1.8,1.0,0.0,0.0,5.0,8.0,6.0,1.91,3.5,4.33,0.5235602094240838,0.2857142857142857,0.23094688221709006,2.1,1.73,0.47619047619047616,0.5780346820809249,H,2,0,0,0
2023-02-11,2022/23,Leicester City,Tottenham Hotspur,1.4,1.8,0.8,3.2,1.6,1.2,1.8,4.4,0.8,1.4,2.4,1.6,0.2,0.0,0.8,5.0,7.0,6.0,3.4,3.6,2.1,0.29411764705882354,0.2777777777777778,0.47619047619047616,1.73,2.1,0.5780346820809249,0.47619047619047616,H,4,1,1,1
2023-02-11,2022/23,Southampton,Wolverhampton Wanderers,0.6,1.6,0.6,3.8,1.0,1.0,1.4,3.4,0.6,2.0,1.0,1.6,0.0,0.2,0.8,2.2,7.0,7.0,2.9,3.2,2.55,0.3448275862068966,0.3125,0.3921568627450981,2.3,1.62,0.4347826086956522,0.6172839506172839,A,1,2,1,1
2023-02-11,2022/23,AFC Bournemouth,Newcastle United,0.2,1.8,0.2,2.8,0.4,0.2,1.4,4.0,1.2,1.4,1.8,0.4,0.0,1.0,0.0,2.0,7.0,7.0,6.5,4.0,1.53,0.15384615384615385,0.25,0.6535947712418301,2.04,1.86,0.49019607843137253,0.5376344086021505,D,1,1,0,1
2023-02-12,2022/23,Leeds United,Manchester United,1.0,1.4,0.6,4.2,1.8,1.6,1.6,4.8,1.8,2.2,1.4,1.6,0.0,0.4,0.6,4.8,4.0,4.0,3.75,3.8,1.91,0.26666666666666666,0.2631578947368421,0.5235602094240838,1.67,2.2,0.5988023952095809,0.45454545454545453,A,0,2,0,0
2023-02-12,2022/23,Manchester City,Aston Villa,1.8,1.0,1.8,4.4,1.6,1.2,2.0,4.4,2.2,1.2,1.0,1.6,0.8,0.2,0.0,3.0,7.0,8.0,1.25,6.5,11.0,0.8,0.15384615384615385,0.09090909090909091,1.5,2.63,0.6666666666666666,0.3802281368821293,H,3,1,1,1
2023-02-13,2022/23,Liverpool,Everton,0.6,2.0,0.8,4.0,0.8,1.8,0.8,3.0,1.4,0.8,0.2,1.4,0.4,0.4,0.2,2.6,9.0,9.0,1.5,4.33,6.5,0.6666666666666666,0.23094688221709006,0.15384615384615385,1.73,2.1,0.5780346820809249,0.47619047619047616,H,2,0,0,0
2023-02-15,2022/23,Arsenal,Manchester City,1.2,0.8,1.6,4.8,2.2,1.2,1.8,5.6,2.4,0.8,1.2,0.8,0.0,0.0,1.0,2.5,4.0,3.0,2.9,3.5,2.35,0.3448275862068966,0.2857142857142857,0.425531914893617,1.88,2.02,0.5319148936170213,0.49504950495049505,A,1,3,1,1
2023-02-18,2022/23,Aston Villa,Arsenal,1.4,1.8,1.4,4.0,1.4,1.4,1.4,4.2,1.8,2.0,1.8,0.6,0.4,0.0,0.6,2.4,6.0,3.0,4.5,3.6,1.5,0.2222222222222222,0.2777777777777778,0.6666666666666666,2.02,1.88,0.49504950495049505,0.5319148936170213,A,2,4,1,1
2023-02-18,2022/23,Brentford,Crystal Palace,1.8,0.4,2.2,3.4,0.6,1.0,0.6,3.0,2.2,0.8,1.0,1.0,0.0,1.0,0.0,0.6666666666666666,7.0,7.0,1.83,3.5,4.5,0.5464480874316939,0.2857142857142857,0.2222222222222222,2.1,1.73,0.47619047619047616,0.5780346820809249,D,1,1,0,1
2023-02-18,2022/23,Brighton & Hove Albion,Fulham,2.2,0.8,2.2,6.8,0.8,0.6,1.4,3.0,2.2,1.4,1.0,0.6,0.0,0.6666666666666666,0.3333333333333333,1.0,7.0,7.0,1.65,3.8,5.5,0.6060606060606061,0.2631578947368421,0.18181818181818182,1.73,2.1,0.5780346820809249,0.47619047619047616,A,0,1,0,0
2023-02-18,2022/23,Chelsea,Southampton,0.6,0.6,1.2,4.8,0.6,1.6,0.6,3.6,0.6,0.4,0.8,2.0,0.4,0.4,0.2,4.2,7.0,7.0,1.4,4.75,8.5,0.7142857142857143,0.21052631578947367,0.11764705882352941,1.98,1.92,0.5050505050505051,0.5208333333333334,A,0,1,0,0
2023-02-18,2022/23,Everton,Leeds United,0.6,2.0,0.6,3.0,0.6,1.4,0.4,4.2,0.8,2.0,1.2,1.8,0.4,0.4,0.2,2.6,5.0,6.0,2.4,3.3,3.0,0.4166666666666667,0.30303030303030304,0.3333333333333333,2.1,1.73,0.47619047619047616,0.5780346820809249,H,1,0,0,0
2023-02-18,2022/23,Nottingham Forest,Manchester City,1.0,0.6,2.0,2.8,2.6,1.0,2.4,6.6,1.4,0.6,1.6,1.0,0.0,0.0,1.0,6.0,7.0,3.0,8.5,5.5,1.3,0.11764705882352941,0.18181818181818182,0.7692307692307692,1.62,2.3,0.6172839506172839,0.4347826086956522,D,1,1,0,1
2023-02-18,2022/23,Wolverhampton Wanderers,AFC Bournemouth,1.4,1.0,2.0,3.2,0.4,1.6,0.4,3.4,1.2,1.2,0.6,2.4,0.0,1.0,0.0,0.0,7.0,7.0,1.67,3.6,6.0,0.5988023952095809,0.2777777777777778,0.16666666666666666,2.1,1.73,0.47619047619047616,0.5780346820809249,A,0,1,0,0
2023-02-18,2022/23,Newcastle United,Liverpool,0.6,0.4,1.4,4.4,0.6,1.8,0.8,4.2,1.4,0.2,1.2,2.2,0.0,0.4,0.6,2.0,7.0,5.0,2.5,3.5,2.7,0.4,0.2857142857142857,0.37037037037037035,1.8,2.0,0.5555555555555556,0.5,A,0,2,0,0
2023-02-19,2022/23,Manchester United,Leicester City,1.8,1.4,1.6,5.0,2.0,1.6,1.4,4.2,2.4,0.8,1.8,1.2,0.2,0.4,0.4,3.2,7.0,8.0,1.62,4.33,5.25,0.6172839506172839,0.23094688221709006,0.19047619047619047,1.62,2.3,0.6172839506172839,0.4347826086956522,H,3,0,1,0
2023-02-19,2022/23,Tottenham Hotspur,West Ham United,1.0,2.0,1.2,4.0,1.2,1.0,1.2,2.6,1.2,1.8,0.8,1.6,0.2,0.4,0.4,3.2,8.0,8.0,1.75,3.6,4.75,0.5714285714285714,0.2777777777777778,0.21052631578947367,1.88,2.02,0.5319148936170213,0.49504950495049505,H,2,0,0,0
2023-02-24,2022/23,Fulham,Wolverhampton Wanderers,0.6,0.4,1.4,2.8,1.2,1.0,1.8,3.4,1.4,1.0,1.2,1.4,0.0,0.3333333333333333,0.6666666666666666,0.6666666666666666,6.0,6.0,2.5,3.2,3.0,0.4,0.3125,0.3333333333333333,2.2,1.67,0.45454545454545453,0.5988023952095809,D,1,1,0,1
2023-02-25,2022/23,Everton,Aston Villa,0.6,1.2,1.2,3.4,1.6,2.4,1.2,4.2,1.0,1.6,1.2,1.6,0.0,0.2,0.8,2.0,7.0,7.0,2.5,3.2,3.0,0.4,0.3125,0.3333333333333333,2.3,1.62,0.4347826086956522,0.6172839506172839,A,0,2,0,0
2023-02-25,2022/23,Leeds United,Southampton,0.4,1.2,0.4,3.4,0.8,1.4,1.2,4.6,1.4,2.0,1.0,1.8,0.4,0.4,0.2,2.4,7.0,7.0,1.95,3.5,4.0,0.5128205128205129,0.2857142857142857,0.25,2.05,1.85,0.48780487804878053,0.5405405405405405,H,1,0,0,0
2023-02-25,2022/23,Leicester City,Arsenal,2.0,2.0,1.4,3.6,1.8,1.8,1.4,4.2,1.2,1.6,2.4,1.0,0.2,0.0,0.8,3.0,6.0,7.0,4.75,4.0,1.7,0.21052631578947367,0.25,0.5882352941176471,1.67,2.2,0.5988023952095809,0.45454545454545453,A,0,1,0,0
2023-02-25,2022/23,West Ham United,Nottingham Forest,0.8,1.0,1.0,2.4,1.0,0.8,1.6,2.8,0.8,1.4,0.4,2.2,0.0,0.0,1.0,1.0,6.0,7.0,1.75,3.6,5.0,0.5714285714285714,0.2777777777777778,0.2,2.2,1.67,0.45454545454545453,0.5988023952095809,H,4,0,1,0
2023-02-25,2022/23,AFC Bournemouth,Manchester City,0.6,1.0,1.0,2.8,2.0,0.8,2.0,6.6,1.4,1.4,1.2,1.0,0.0,0.0,1.0,4.0,7.0,7.0,10.0,5.75,1.29,0.1,0.17391304347826086,0.7751937984496123,1.57,2.38,0.6369426751592356,0.42016806722689076,A,1,4,1,1
2023-02-25,2022/23,Crystal Palace,Liverpool,0.8,1.0,0.8,2.8,0.8,1.2,1.4,4.4,0.4,1.8,1.2,2.0,0.0,0.2,0.8,3.6,7.0,7.0,4.75,3.8,1.73,0.21052631578947367,0.2631578947368421,0.5780346820809249,1.85,2.05,0.5405405405405405,0.48780487804878053,D,0,0,0,0
2023-02-26,2022/23,Tottenham Hotspur,Chelsea,1.4,1.6,1.8,3.8,0.4,0.4,1.2,3.8,1.4,1.4,0.6,1.0,0.0,0.4,0.6,2.0,7.0,8.0,2.55,3.25,2.9,0.3921568627450981,0.3076923076923077,0.3448275862068966,2.08,1.82,0.4807692307692307,0.5494505494505494,H,2,0,0,0
2023-03-01,2022/23,Arsenal,Everton,1.4,1.4,1.4,3.6,0.4,1.2,1.2,3.6,1.6,1.4,0.2,1.6,0.2,0.0,0.8,2.8,4.0,4.0,1.36,4.75,10.0,0.7352941176470588,0.21052631578947367,0.1,1.85,2.05,0.5405405405405405,0.48780487804878053,H,4,0,1,0
2023-03-01,2022/23,Liverpool,Wolverhampton Wanderers,0.8,0.6,1.6,4.8,1.2,1.2,1.4,3.0,1.6,0.8,1.2,1.4,0.8,0.0,0.2,2.6,4.0,5.0,1.5,4.75,6.0,0.6666666666666666,0.21052631578947367,0.16666666666666666,1.73,2.1,0.5780346820809249,0.47619047619047616,H,2,0,0,0
2023-03-04,2022/23,Manchester City,Newcastle United,2.2,1.0,2.0,6.2,0.6,0.8,1.2,5.0,2.4,1.2,1.6,0.4,0.8,0.2,0.0,4.8,7.0,14.0,1.45,4.5,7.0,0.6896551724137931,0.2222222222222222,0.14285714285714285,1.73,2.1,0.5780346820809249,0.47619047619047616,H,2,0,0,0
2023-03-04,2022/23,Arsenal,AFC Bournemouth,2.2,1.2,2.0,4.0,0.8,1.4,1.0,2.8,1.8,1.2,0.2,1.6,1.0,0.0,0.0,3.0,3.0,7.0,1.22,7.0,12.0,0.819672131147541,0.14285714285714285,0.08333333333333333,1.57,2.38,0.6369426751592356,0.42016806722689076,H,3,2,1,1
2023-03-04,2022/23,Aston Villa,Crystal Palace,1.6,2.2,1.2,4.2,0.6,0.8,0.8,1.8,1.6,2.6,0.8,1.0,0.4,0.2,0.4,3.4,7.0,7.0,2.05,3.3,3.8,0.48780487804878053,0.30303030303030304,0.2631578947368421,2.3,1.62,0.4347826086956522,0.6172839506172839,H,1,0,0,0
2023-03-04,2022/23,Brighton & Hove Albion,West Ham United,1.4,0.8,1.6,6.6,1.6,0.8,1.6,2.6,1.4,1.4,0.8,1.8,0.4,0.6,0.0,2.8,14.0,7.0,1.8,3.6,4.5,0.5555555555555556,0.2777777777777778,0.2222222222222222,1.95,1.95,0.5128205128205129,0.5128205128205129,H,4,0,1,0
2023-03-04,2022/23,Chelsea,Leeds United,0.2,0.8,0.6,3.2,0.6,1.2,0.8,3.2,0.6,0.4,0.6,1.2,0.6,0.2,0.2,3.0,6.0,7.0,1.62,4.0,5.5,0.6172839506172839,0.25,0.18181818181818182,1.95,1.95,0.5128205128205129,0.5128205128205129,H,1,0,0,0
2023-03-04,2022/23,Wolverhampton Wanderers,Tottenham Hotspur,1.2,1.0,1.4,3.0,1.4,0.8,2.4,3.8,0.8,0.8,2.0,2.0,0.2,0.2,0.6,1.6,3.0,6.0,3.3,3.4,2.2,0.30303030303030304,0.29411764705882354,0.45454545454545453,2.1,1.73,0.47619047619047616,0.5780346820809249,H,1,0,0,0
2023-03-04,2022/23,Southampton,Leicester City,0.4,1.4,0.6,4.0,2.0,1.8,1.4,3.4,0.6,2.2,1.4,1.8,0.2,0.4,0.4,3.2,7.0,7.0,2.75,3.3,2.6,0.36363636363636365,0.30303030303030304,0.3846153846153846,2.06,1.84,0.4854368932038835,0.5434782608695652,H,1,0,0,0
2023-03-05,2022/23,Nottingham Forest,Everton,0.6,1.6,1.0,2.4,0.4,1.6,1.2,4.2,1.2,0.4,0.2,2.4,0.0,1.0,0.0,2.0,8.0,4.0,2.7,3.0,2.88,0.37037037037037035,0.3333333333333333,0.3472222222222222,2.5,1.53,0.4,0.6535947712418301,D,2,2,1,1
2023-03-05,2022/23,Liverpool,Manchester United,1.2,0.6,2.0,5.4,2.2,1.2,2.0,5.8,1.8,0.4,1.6,1.0,0.6,0.2,0.2,3.6,4.0,14.0,2.38,3.6,2.88,0.42016806722689076,0.2777777777777778,0.3472222222222222,1.67,2.2,0.5988023952095809,0.45454545454545453,H,7,0,1,0
2023-03-06,2022/23,Brentford,Fulham,1.4,0.4,1.8,3.0,0.8,0.4,1.6,3.8,2.2,0.8,1.0,0.2,0.0,0.0,1.0,5.0,16.0,10.0,1.95,3.6,3.75,0.5128205128205129,0.2777777777777778,0.26666666666666666,1.94,1.96,0.5154639175257733,0.5102040816326531,H,3,2,1,1
2023-03-11,2022/23,AFC Bournemouth,Liverpool,1.0,1.8,0.8,2.8,2.6,0.0,2.6,6.2,1.2,1.6,0.6,1.8,0.0,0.0,1.0,9.0,7.0,6.0,7.5,5.0,1.4,0.13333333333333333,0.2,0.7142857142857143,1.62,2.3,0.6172839506172839,0.4347826086956522,H,1,0,0,0
2023-03-11,2022/23,Everton,Brentford,0.6,2.0,0.8,4.0,1.6,0.8,1.8,3.4,0.8,1.6,1.4,0.8,0.0,0.3333333333333333,0.6666666666666666,2.6666666666666665,6.0,5.0,2.7,3.25,2.7,0.37037037037037035,0.3076923076923077,0.37037037037037035,2.2,1.67,0.45454545454545453,0.5988023952095809,H,1,0,0,0
2023-03-11,2022/23,Leeds United,Brighton & Hove Albion,0.6,1.2,0.8,2.8,1.6,0.8,1.6,6.6,0.8,1.4,2.6,1.4,0.0,0.4,0.6,1.2,7.0,7.0,3.75,3.6,1.95,0.26666666666666666,0.2777777777777778,0.5128205128205129,1.89,2.04,0.5291005291005292,0.49019607843137253,D,2,2,1,1
2023-03-11,2022/23,Leicester City,Chelsea,1.6,1.6,1.2,3.0,0.4,0.8,1.0,3.4,1.2,1.6,0.6,1.2,0.2,0.2,0.6,2.6,7.0,7.0,3.75,3.5,1.95,0.26666666666666666,0.2857142857142857,0.5128205128205129,2.02,1.91,0.49504950495049505,0.5235602094240838,A,1,3,1,1
2023-03-11,2022/23,Tottenham Hotspur,Nottingham Forest,1.2,1.0,1.8,4.4,0.8,1.8,1.0,2.2,1.0,0.8,0.4,2.0,1.0,0.0,0.0,2.0,7.0,6.0,1.44,4.75,7.0,0.6944444444444444,0.21052631578947367,0.14285714285714285,1.88,2.05,0.5319148936170213,0.48780487804878053,H,3,1,1,1
2023-03-11,2022/23,Crystal Palace,Manchester City,0.6,1.0,0.6,1.6,2.6,0.8,2.6,5.8,0.4,1.2,1.8,1.2,0.2,0.2,0.6,2.8,7.0,7.0,9.0,4.75,1.36,0.1111111111111111,0.21052631578947367,0.7352941176470588,1.8,2.0,0.5555555555555556,0.5,A,0,1,0,0
2023-03-12,2022/23,Fulham,Arsenal,1.2,0.8,1.6,3.8,2.6,1.4,2.4,4.4,1.4,0.8,2.2,1.0,0.0,0.3333333333333333,0.6666666666666666,2.6666666666666665,6.0,8.0,6.0,4.0,1.57,0.16666666666666666,0.25,0.6369426751592356,1.85,2.08,0.5405405405405405,0.4807692307692307,A,0,3,1,0
2023-03-12,2022/23,Manchester United,Southampton,1.8,2.0,2.0,5.8,0.6,1.2,1.2,4.0,2.4,0.8,0.8,1.4,0.6,0.4,0.0,3.8,7.0,8.0,1.36,5.0,9.0,0.7352941176470588,0.2,0.1111111111111111,1.62,2.3,0.6172839506172839,0.4347826086956522,D,0,0,0,0
2023-03-12,2022/23,West Ham United,Aston Villa,1.2,1.6,1.0,2.2,1.6,2.2,1.2,3.4,1.4,1.0,1.6,0.8,1.0,0.0,0.0,3.2,8.0,8.0,2.2,3.3,3.4,0.45454545454545453,0.30303030303030304,0.29411764705882354,2.08,1.85,0.4807692307692307,0.5405405405405405,D,1,1,0,1
2023-03-12,2022/23,Newcastle United,Wolverhampton Wanderers,0.4,1.2,0.6,4.4,0.8,1.0,1.4,2.8,0.6,0.6,0.8,1.6,0.2,0.6,0.2,2.0,8.0,8.0,1.65,3.75,5.5,0.6060606060606061,0.26666666666666666,0.18181818181818182,2.2,1.67,0.45454545454545453,0.5988023952095809,H,2,1,1,1
2023-03-15,2022/23,Brighton & Hove Albion,Crystal Palace,1.6,0.8,1.6,6.2,0.4,0.8,0.6,1.0,2.0,1.0,0.8,1.0,0.0,0.8,0.2,2.2,4.0,4.0,1.44,4.2,8.0,0.6944444444444444,0.23809523809523808,0.125,1.93,1.97,0.5181347150259068,0.5076142131979695,H,1,0,0,0
2023-03-15,2022/23,Southampton,Brentford,0.6,0.6,1.4,3.6,1.6,1.0,1.6,4.2,0.6,1.4,1.0,0.6,0.3333333333333333,0.0,0.6666666666666666,3.6666666666666665,3.0,4.0,2.88,3.25,2.5,0.3472222222222222,0.3076923076923077,0.4,2.1,1.73,0.47619047619047616,0.5780346820809249,A,0,2,0,0
2023-03-17,2022/23,Nottingham Forest,Newcastle United,0.8,2.4,0.4,2.8,0.8,1.4,1.0,4.6,1.4,0.8,0.8,0.6,0.0,0.0,1.0,2.0,6.0,5.0,5.5,3.8,1.62,0.18181818181818182,0.2631578947368421,0.6172839506172839,2.07,1.83,0.48309178743961356,0.5464480874316939,A,1,2,1,1
2023-03-18,2022/23,Brentford,Leicester City,1.4,1.0,1.6,4.4,1.0,1.8,0.6,3.4,2.4,0.8,1.0,2.0,0.0,0.3333333333333333,0.6666666666666666,3.3333333333333335,3.0,7.0,1.91,3.6,3.75,0.5235602094240838,0.2777777777777778,0.26666666666666666,1.89,2.01,0.5291005291005292,0.49751243781094534,D,1,1,0,1
2023-03-18,2022/23,Wolverhampton Wanderers,Leeds United,0.6,1.2,0.8,3.2,0.6,1.2,0.8,3.2,1.0,0.4,0.6,1.4,0.4,0.2,0.4,2.4,6.0,7.0,2.25,3.2,3.3,0.4444444444444444,0.3125,0.30303030303030304,2.2,1.67,0.45454545454545453,0.5988023952095809,A,2,4,1,1
2023-03-18,2022/23,Aston Villa,AFC Bournemouth,1.4,1.6,1.4,3.4,1.2,1.6,1.4,2.8,1.6,2.0,0.6,1.8,0.0,0.0,1.0,2.0,6.0,7.0,1.7,3.8,5.0,0.5882352941176471,0.2631578947368421,0.2,1.97,1.93,0.5076142131979695,0.5181347150259068,H,3,0,1,0
2023-03-18,2022/23,Chelsea,Everton,1.0,1.0,1.4,4.0,0.8,1.6,1.4,5.0,0.4,0.4,0.6,2.2,0.4,0.2,0.4,1.4,7.0,7.0,1.5,4.2,7.5,0.6666666666666666,0.23809523809523808,0.13333333333333333,2.1,1.73,0.47619047619047616,0.5780346820809249,D,2,2,1,1
2023-03-18,2022/23,Southampton,Tottenham Hotspur,0.4,0.6,1.4,3.4,1.6,1.2,1.8,5.2,0.4,1.2,1.6,1.8,0.2,0.2,0.6,4.4,3.0,7.0,4.75,3.6,1.75,0.21052631578947367,0.2777777777777778,0.5714285714285714,2.06,1.84,0.4854368932038835,0.5434782608695652,D,3,3,1,1
2023-03-19,2022/23,Arsenal,Crystal Palace,3.0,0.8,3.0,5.6,0.2,0.8,0.4,1.4,2.4,1.6,0.4,1.2,0.4,0.4,0.2,2.6,7.0,4.0,1.25,5.5,15.0,0.8,0.18181818181818182,0.06666666666666667,1.73,2.1,0.5780346820809249,0.47619047619047616,H,4,1,1,1
2023-04-01,2022/23,Manchester City,Liverpool,2.2,0.6,2.6,4.8,2.2,0.2,2.0,6.2,2.6,0.8,0.4,1.4,0.2,0.6,0.2,3.2,21.0,21.0,1.62,4.2,5.0,0.6172839506172839,0.23809523809523808,0.2,1.67,2.2,0.5988023952095809,0.45454545454545453,H,4,1,1,1
2023-04-01,2022/23,Arsenal,Leeds United,3.0,0.6,3.0,5.6,1.4,1.2,1.4,2.8,2.6,1.4,1.2,1.4,0.8,0.2,0.0,3.0,13.0,14.0,1.29,6.0,9.0,0.7751937984496123,0.16666666666666666,0.1111111111111111,1.53,2.5,0.6535947712418301,0.4,H,4,1,1,1
2023-04-01,2022/23,AFC Bournemouth,Fulham,1.0,2.0,1.2,2.4,1.2,1.4,1.4,3.4,0.8,1.6,0.8,0.8,0.0,1.0,0.0,4.0,14.0,20.0,2.55,3.3,2.8,0.3921568627450981,0.30303030303030304,0.35714285714285715,2.0,1.8,0.5,0.5555555555555556,H,2,1,1,1
2023-04-01,2022/23,Brighton & Hove Albion,Brentford,1.6,0.8,1.6,6.0,1.4,1.0,1.6,4.4,1.8,0.2,1.0,0.4,0.6666666666666666,0.0,0.3333333333333333,1.6666666666666667,17.0,14.0,1.67,4.0,5.0,0.5988023952095809,0.25,0.2,1.73,2.1,0.5780346820809249,0.47619047619047616,D,3,3,1,1
2023-04-01,2022/23,Crystal Palace,Leicester City,0.2,1.4,0.2,1.4,0.4,1.8,0.2,2.2,0.4,0.6,1.0,1.8,0.0,0.6,0.4,2.4,13.0,14.0,2.5,3.25,2.9,0.4,0.3076923076923077,0.3448275862068966,2.1,1.73,0.47619047619047616,0.5780346820809249,H,2,1,1,1
2023-04-01,2022/23,Nottingham Forest,Wolverhampton Wanderers,1.0,2.4,0.4,3.2,1.0,1.8,0.8,4.0,1.4,1.0,0.8,1.8,0.0,0.0,1.0,1.0,15.0,14.0,3.0,3.1,2.55,0.3333333333333333,0.3225806451612903,0.3921568627450981,2.38,1.57,0.42016806722689076,0.6369426751592356,D,1,1,0,1
2023-04-01,2022/23,Chelsea,Aston Villa,1.2,1.2,1.4,4.6,1.8,1.0,2.0,4.8,0.8,0.6,1.4,0.8,0.6,0.2,0.2,2.8,14.0,14.0,1.67,3.8,5.25,0.5988023952095809,0.2631578947368421,0.19047619047619047,1.97,1.93,0.5076142131979695,0.5181347150259068,A,0,2,0,0
2023-04-02,2022/23,West Ham United,Southampton,1.2,1.6,1.0,3.2,0.8,1.2,1.0,3.8,1.6,0.8,0.6,1.0,0.2,0.6,0.2,2.0,21.0,15.0,1.73,3.6,5.0,0.5780346820809249,0.2777777777777778,0.2,2.0,1.8,0.5,0.5555555555555556,H,1,0,0,0
2023-04-02,2022/23,Newcastle United,Manchester United,1.0,1.4,1.4,5.0,1.4,1.8,1.6,5.6,0.8,0.8,1.2,2.2,0.0,0.4,0.6,3.2,16.0,21.0,2.4,3.4,2.9,0.4166666666666667,0.29411764705882354,0.3448275862068966,1.95,1.95,0.5128205128205129,0.5128205128205129,H,2,0,0,0
2023-04-03,2022/23,Everton,Tottenham Hotspur,1.0,2.0,1.0,4.4,2.0,1.0,2.0,5.0,0.8,0.8,1.4,2.4,0.2,0.4,0.4,2.4,16.0,16.0,3.4,3.3,2.2,0.29411764705882354,0.30303030303030304,0.45454545454545453,2.1,1.73,0.47619047619047616,0.5780346820809249,D,1,1,0,1
2023-04-04,2022/23,AFC Bournemouth,Brighton & Hove Albion,1.2,2.2,1.2,3.6,2.0,1.2,1.6,7.6,1.2,1.4,2.4,1.4,0.0,0.0,1.0,1.0,3.0,3.0,6.0,4.2,1.53,0.16666666666666666,0.23809523809523808,0.6535947712418301,1.8,2.0,0.5555555555555556,0.5,A,0,2,0,0
2023-04-04,2022/23,Leeds United,Nottingham Forest,1.6,1.8,1.4,3.8,1.0,2.4,0.4,4.4,1.0,1.2,0.6,2.0,0.0,0.0,1.0,1.0,3.0,3.0,1.7,3.75,5.0,0.5882352941176471,0.26666666666666666,0.2,1.98,1.92,0.5050505050505051,0.5208333333333334,H,2,1,1,1
2023-04-04,2022/23,Leicester City,Aston Villa,0.6,1.6,0.2,2.0,1.8,0.2,2.6,4.2,1.4,1.6,1.4,0.8,0.4,0.2,0.4,2.6,3.0,3.0,2.55,3.3,2.75,0.3921568627450981,0.30303030303030304,0.36363636363636365,1.99,1.91,0.5025125628140703,0.5235602094240838,A,1,2,1,1
2023-04-04,2022/23,Chelsea,Liverpool,1.2,1.4,1.4,5.2,2.0,1.0,1.4,5.0,0.6,1.0,0.6,1.6,0.2,0.6,0.2,1.8,3.0,3.0,2.2,3.4,3.25,0.45454545454545453,0.29411764705882354,0.3076923076923077,1.95,1.95,0.5128205128205129,0.5128205128205129,D,0,0,0,0
2023-04-05,2022/23,Manchester United,Brentford,1.0,1.8,1.4,4.4,1.8,1.4,1.6,4.4,1.8,0.8,1.2,1.0,0.6666666666666666,0.0,0.3333333333333333,3.6666666666666665,3.0,4.0,1.65,4.0,5.0,0.6060606060606061,0.25,0.2,1.73,2.1,0.5780346820809249,0.47619047619047616,H,1,0,0,0
2023-04-05,2022/23,West Ham United,Newcastle United,1.2,1.4,1.4,3.2,1.2,1.2,1.8,4.8,1.8,0.4,0.6,0.8,0.2,0.4,0.4,3.4,3.0,3.0,3.6,3.25,2.15,0.2777777777777778,0.3076923076923077,0.46511627906976744,2.1,1.73,0.47619047619047616,0.5780346820809249,A,1,5,1,1
2023-04-08,2022/23,Fulham,West Ham United,1.0,1.8,0.8,3.2,1.4,2.0,1.4,3.4,1.0,1.2,0.6,2.0,0.0,0.3333333333333333,0.6666666666666666,1.6666666666666667,7.0,3.0,2.8,3.25,2.63,0.35714285714285715,0.3076923076923077,0.3802281368821293,2.2,1.67,0.45454545454545453,0.5988023952095809,A,0,1,0,0
2023-04-08,2022/23,Manchester United,Everton,0.8,1.8,1.4,4.0,1.2,1.8,1.2,4.6,1.6,0.6,0.8,2.4,0.4,0.4,0.2,3.2,3.0,5.0,1.5,4.33,6.5,0.6666666666666666,0.23094688221709006,0.15384615384615385,1.86,2.04,0.5376344086021505,0.49019607843137253,H,2,0,0,0
2023-04-08,2022/23,Aston Villa,Nottingham Forest,1.8,0.4,2.6,4.2,1.2,2.0,0.4,4.0,2.0,1.8,0.6,2.4,0.0,1.0,0.0,2.0,4.0,4.0,1.6,4.2,5.25,0.625,0.23809523809523808,0.19047619047619047,1.94,1.96,0.5154639175257733,0.5102040816326531,H,2,0,0,0
2023-04-08,2022/23,Brentford,Newcastle United,1.2,1.2,1.0,3.4,2.2,1.0,2.4,5.6,2.0,0.8,1.6,1.0,0.0,0.3333333333333333,0.6666666666666666,4.666666666666667,3.0,3.0,3.6,3.4,2.05,0.2777777777777778,0.29411764705882354,0.48780487804878053,2.03,1.87,0.4926108374384237,0.53475935828877,A,1,2,1,1
2023-04-08,2022/23,Tottenham Hotspur,Brighton & Hove Albion,1.8,1.2,1.6,4.2,2.4,1.0,2.2,7.4,1.6,0.6,2.2,1.2,0.6,0.0,0.4,1.6,5.0,4.0,2.55,3.5,2.7,0.3921568627450981,0.2857142857142857,0.37037037037037035,1.85,2.05,0.5405405405405405,0.48780487804878053,H,2,1,1,1
2023-04-08,2022/23,Wolverhampton Wanderers,Chelsea,1.0,1.8,0.8,3.8,1.2,1.0,1.6,5.4,1.4,1.0,1.0,1.2,0.2,0.6,0.2,2.0,7.0,4.0,4.2,3.5,1.91,0.23809523809523808,0.2857142857142857,0.5235602094240838,2.2,1.67,0.45454545454545453,0.5988023952095809,H,1,0,0,0
2023-04-08,2022/23,Southampton,Manchester City,0.8,1.2,1.0,4.0,2.4,0.6,2.6,5.2,1.0,1.6,1.8,0.8,0.0,0.4,0.6,2.8,6.0,7.0,11.0,6.0,1.25,0.09090909090909091,0.16666666666666666,0.8,1.62,2.3,0.6172839506172839,0.4347826086956522,A,1,4,1,1
2023-04-08,2022/23,Leicester City,AFC Bournemouth,0.8,1.8,0.2,2.8,1.0,1.8,1.2,3.8,1.6,1.8,0.6,1.8,0.0,0.0,1.0,3.0,4.0,4.0,1.83,3.75,4.2,0.5464480874316939,0.26666666666666666,0.23809523809523808,1.88,2.02,0.5319148936170213,0.49504950495049505,A,0,1,0,0
2023-04-09,2022/23,Leeds United,Crystal Palace,1.8,2.0,1.4,4.2,0.6,1.6,0.6,3.2,1.0,1.0,0.6,1.8,0.4,0.2,0.4,2.2,5.0,8.0,2.1,3.4,3.6,0.47619047619047616,0.29411764705882354,0.2777777777777778,2.1,1.73,0.47619047619047616,0.5780346820809249,A,1,5,1,1
2023-04-09,2022/23,Liverpool,Arsenal,2.0,1.0,1.4,5.0,3.6,0.8,3.0,6.4,2.6,0.2,2.0,0.6,0.8,0.0,0.2,3.6,5.0,8.0,2.88,3.6,2.38,0.3472222222222222,0.2777777777777778,0.42016806722689076,1.62,2.3,0.6172839506172839,0.4347826086956522,D,2,2,1,1
2023-04-15,2022/23,Southampton,Crystal Palace,0.8,2.0,0.4,3.2,1.6,1.6,1.2,4.8,1.2,2.2,1.4,1.6,0.2,0.2,0.6,2.6,7.0,6.0,2.8,3.1,2.7,0.35714285714285715,0.3225806451612903,0.37037037037037035,2.3,1.62,0.4347826086956522,0.6172839506172839,A,0,2,0,0
2023-04-15,2022/23,Aston Villa,Newcastle United,2.0,0.4,2.6,4.6,2.6,0.8,3.0,6.0,2.0,1.6,2.0,1.2,0.4,0.2,0.4,2.2,7.0,7.0,3.6,3.4,2.05,0.2777777777777778,0.29411764705882354,0.48780487804878053,2.07,1.83,0.48309178743961356,0.5464480874316939,H,3,0,1,0
2023-04-15,2022/23,Everton,Fulham,1.2,1.4,1.2,3.8,0.8,2.0,0.2,3.4,0.8,0.6,0.8,1.2,0.3333333333333333,0.3333333333333333,0.3333333333333333,2.3333333333333335,7.0,7.0,2.05,3.4,3.7,0.48780487804878053,0.29411764705882354,0.27027027027027023,2.2,1.67,0.45454545454545453,0.5988023952095809,A,1,3,1,1
2023-04-15,2022/23,Wolverhampton Wanderers,Brentford,1.2,1.4,1.4,4.4,1.4,1.4,1.0,3.8,1.4,1.0,1.2,1.2,0.3333333333333333,0.3333333333333333,0.3333333333333333,2.3333333333333335,7.0,7.0,2.45,3.1,3.0,0.4081632653061224,0.3225806451612903,0.3333333333333333,2.2,1.67,0.45454545454545453,0.5988023952095809,H,2,0,0,0
2023-04-15,2022/23,Tottenham Hotspur,AFC Bournemouth,1.8,1.4,1.6,4.2,0.8,1.2,1.8,4.4,2.0,0.4,0.8,1.4,1.0,0.0,0.0,5.0,7.0,7.0,1.45,4.5,7.0,0.6896551724137931,0.2222222222222222,0.14285714285714285,1.67,2.2,0.5988023952095809,0.45454545454545453,A,2,3,1,1
2023-04-15,2022/23,Manchester City,Leicester City,3.0,0.6,3.0,5.6,0.8,1.8,0.2,3.6,3.2,0.8,1.2,1.8,0.8,0.0,0.2,4.0,7.0,7.0,1.14,8.5,15.0,0.8771929824561404,0.11764705882352941,0.06666666666666667,1.33,3.4,0.7518796992481203,0.29411764705882354,H,3,1,1,1
2023-04-15,2022/23,Chelsea,Brighton & Hove Albion,1.0,1.2,1.0,5.0,1.8,1.4,1.6,6.4,0.6,1.0,1.6,1.4,0.2,0.6,0.2,2.6,7.0,7.0,2.63,3.4,2.63,0.3802281368821293,0.29411764705882354,0.3802281368821293,1.94,1.96,0.5154639175257733,0.5102040816326531,A,1,2,1,1
2023-04-16,2022/23,West Ham United,Arsenal,0.8,2.0,1.4,3.4,3.2,1.2,2.6,6.4,1.6,1.4,2.0,1.0,0.0,0.2,0.8,3.6,8.0,7.0,6.0,4.2,1.55,0.16666666666666666,0.23809523809523808,0.6451612903225806,1.8,2.0,0.5555555555555556,0.5,D,2,2,1,1
2023-04-16,2022/23,Nottingham Forest,Manchester United,0.8,2.0,0.2,3.6,0.6,1.8,1.4,4.6,1.2,1.2,1.0,2.6,0.0,0.0,1.0,3.0,8.0,8.0,5.5,4.0,1.62,0.18181818181818182,0.25,0.6172839506172839,1.8,2.0,0.5555555555555556,0.5,A,0,2,0,0
2023-04-17,2022/23,Leeds United,Liverpool,2.0,2.8,1.4,5.2,2.0,1.4,1.0,5.0,1.2,2.0,0.6,1.0,0.2,0.2,0.6,4.2,8.0,8.0,4.2,4.2,1.73,0.23809523809523808,0.23809523809523808,0.5780346820809249,1.57,2.38,0.6369426751592356,0.42016806722689076,A,1,6,1,1
2023-04-21,2022/23,Arsenal,Southampton,3.0,1.2,2.2,5.6,0.8,2.4,0.2,3.2,3.2,1.4,0.2,1.0,0.4,0.4,0.2,2.4,5.0,6.0,1.2,7.0,13.0,0.8333333333333334,0.14285714285714285,0.07692307692307693,1.5,2.63,0.6666666666666666,0.3802281368821293,D,3,3,1,1
2023-04-22,2022/23,Leicester City,Wolverhampton Wanderers,0.8,1.8,0.2,3.0,1.4,1.4,1.4,5.2,1.2,1.6,1.0,1.4,0.6,0.2,0.2,1.8,7.0,7.0,2.38,3.3,3.0,0.42016806722689076,0.30303030303030304,0.3333333333333333,2.1,1.73,0.47619047619047616,0.5780346820809249,H,2,1,1,1
2023-04-22,2022/23,Liverpool,Nottingham Forest,1.8,1.6,1.0,4.8,0.6,1.8,0.2,2.6,2.6,0.4,0.4,2.6,0.0,0.0,1.0,1.0,5.0,6.0,1.17,7.5,17.0,0.8547008547008548,0.13333333333333333,0.058823529411764705,1.44,2.75,0.6944444444444444,0.36363636363636365,H,3,2,1,1
2023-04-22,2022/23,Fulham,Leeds United,1.2,2.0,0.6,3.8,1.8,3.6,1.2,5.0,0.6,1.2,1.4,2.0,0.3333333333333333,0.0,0.6666666666666666,5.0,7.0,5.0,2.3,3.4,3.1,0.4347826086956522,0.29411764705882354,0.3225806451612903,1.92,1.98,0.5208333333333334,0.5050505050505051,H,2,1,1,1
2023-04-22,2022/23,Brentford,Aston Villa,1.0,1.8,0.4,3.4,2.4,0.2,3.0,5.0,1.8,1.2,1.6,1.0,0.3333333333333333,0.3333333333333333,0.3333333333333333,3.0,7.0,7.0,2.5,3.25,2.88,0.4,0.3076923076923077,0.3472222222222222,2.0,1.9,0.5,0.5263157894736842,D,1,1,0,1
2023-04-22,2022/23,Crystal Palace,Everton,2.0,1.4,1.8,5.2,1.0,1.6,1.0,4.6,0.6,0.6,0.8,2.4,0.2,0.2,0.6,3.4,7.0,7.0,2.05,3.2,3.75,0.48780487804878053,0.3125,0.26666666666666666,2.3,1.62,0.4347826086956522,0.6172839506172839,D,0,0,0,0
2023-04-23,2022/23,AFC Bournemouth,West Ham United,1.2,1.6,1.8,5.2,1.2,1.6,1.6,3.6,1.0,1.6,0.4,1.6,0.0,0.0,1.0,2.0,8.0,7.0,2.88,3.2,2.55,0.3472222222222222,0.3125,0.3921568627450981,2.1,1.73,0.47619047619047616,0.5780346820809249,A,0,4,1,0
2023-04-23,2022/23,Newcastle United,Tottenham Hotspur,2.2,1.2,2.4,4.8,2.2,1.8,1.6,4.6,1.2,0.8,1.2,1.8,0.2,0.4,0.4,4.0,8.0,8.0,1.83,3.75,4.2,0.5464480874316939,0.26666666666666666,0.23809523809523808,1.86,2.04,0.5376344086021505,0.49019607843137253,H,6,1,1,1
2023-04-25,2022/23,Wolverhampton Wanderers,Crystal Palace,1.4,1.4,1.4,5.0,2.0,1.2,2.0,5.0,1.2,1.0,1.6,1.4,0.2,0.0,0.8,2.0,3.0,3.0,2.45,3.2,3.0,0.4081632653061224,0.3125,0.3333333333333333,2.5,1.53,0.4,0.6535947712418301,H,2,0,0,0
2023-04-25,2022/23,Aston Villa,Fulham,2.0,0.4,2.6,3.6,1.2,1.6,1.2,3.8,2.2,0.8,1.4,1.2,0.6666666666666666,0.0,0.3333333333333333,3.3333333333333335,3.0,3.0,1.75,4.0,4.2,0.5714285714285714,0.25,0.23809523809523808,1.81,2.09,0.5524861878453039,0.47846889952153115,H,1,0,0,0
2023-04-25,2022/23,Leeds United,Leicester City,1.2,3.6,0.6,4.6,1.0,1.8,0.6,4.4,1.4,2.8,0.6,2.0,0.2,0.2,0.6,2.8,3.0,3.0,2.3,3.5,3.0,0.4347826086956522,0.2857142857142857,0.3333333333333333,1.73,2.1,0.5780346820809249,0.47619047619047616,D,1,1,0,1
2023-04-26,2022/23,Nottingham Forest,Brighton & Hove Albion,0.8,2.0,0.2,3.0,1.8,1.2,2.0,8.0,1.0,1.6,1.6,1.2,0.0,1.0,0.0,0.0,4.0,11.0,6.0,4.2,1.53,0.16666666666666666,0.23809523809523808,0.6535947712418301,1.73,2.1,0.5780346820809249,0.47619047619047616,H,3,1,1,1
2023-04-26,2022/23,Chelsea,Brentford,0.6,1.4,0.4,4.2,1.0,1.8,0.4,4.0,0.8,1.2,1.0,1.4,0.3333333333333333,0.3333333333333333,0.3333333333333333,2.0,11.0,4.0,1.7,4.0,4.75,0.5882352941176471,0.25,0.21052631578947367,2.0,1.9,0.5,0.5263157894736842,A,0,2,0,0
2023-04-26,2022/23,West Ham United,Liverpool,1.8,1.4,2.0,4.4,2.4,1.8,1.6,4.8,1.8,1.6,1.4,1.2,0.2,0.0,0.8,2.8,3.0,4.0,3.9,3.9,1.85,0.25641025641025644,0.25641025641025644,0.5405405405405405,1.67,2.2,0.5988023952095809,0.45454545454545453,A,1,2,1,1
2023-04-26,2022/23,Manchester City,Arsenal,2.8,0.6,3.0,5.4,3.0,1.8,1.8,5.4,3.0,0.6,2.4,1.2,1.0,0.0,0.0,2.8,11.0,5.0,1.55,4.5,5.25,0.6451612903225806,0.2222222222222222,0.19047619047619047,1.62,2.3,0.6172839506172839,0.4347826086956522,H,4,1,1,1
2023-04-27,2022/23,Everton,Newcastle United,0.8,1.6,0.6,4.4,3.0,1.2,2.4,5.6,0.8,1.2,1.8,1.6,0.2,0.0,0.8,2.2,5.0,4.0,4.75,3.6,1.73,0.21052631578947367,0.2777777777777778,0.5780346820809249,2.0,1.8,0.5,0.5555555555555556,A,1,4,1,1
2023-04-27,2022/23,Southampton,AFC Bournemouth,1.4,2.6,0.4,4.2,1.2,1.8,1.8,5.6,1.0,2.2,1.4,1.6,1.0,0.0,0.0,1.0,6.0,4.0,2.25,3.4,3.2,0.4444444444444444,0.29411764705882354,0.3125,2.03,1.87,0.4926108374384237,0.53475935828877,A,0,1,0,0
2023-04-27,2022/23,Tottenham Hotspur,Manchester United,1.8,2.8,1.0,3.8,1.0,0.4,2.0,5.4,2.2,1.0,1.2,2.4,0.2,0.0,0.8,4.2,4.0,11.0,2.8,3.6,2.4,0.35714285714285715,0.2777777777777778,0.4166666666666667,1.67,2.2,0.5988023952095809,0.45454545454545453,D,2,2,1,1
2023-04-29,2022/23,Crystal Palace,West Ham United,1.8,0.8,2.0,5.0,1.8,1.8,1.4,4.4,0.6,0.6,1.2,1.4,0.2,0.4,0.4,3.8,4.0,3.0,2.63,3.25,2.75,0.3802281368821293,0.3076923076923077,0.36363636363636365,2.2,1.67,0.45454545454545453,0.5988023952095809,H,4,3,1,1
2023-04-29,2022/23,Brentford,Nottingham Forest,0.8,1.2,0.8,3.2,1.2,2.0,0.6,2.6,1.4,1.4,0.8,2.8,0.0,1.0,0.0,4.0,3.0,3.0,1.65,3.8,5.5,0.6060606060606061,0.2631578947368421,0.18181818181818182,1.99,1.91,0.5025125628140703,0.5235602094240838,H,2,1,1,1
2023-04-29,2022/23,Brighton & Hove Albion,Wolverhampton Wanderers,1.8,1.8,1.4,8.4,1.4,0.6,2.0,4.0,1.8,0.8,0.8,1.6,0.4,0.2,0.4,3.6,3.0,4.0,1.5,4.33,6.5,0.6666666666666666,0.23094688221709006,0.15384615384615385,1.85,2.05,0.5405405405405405,0.48780487804878053,H,6,0,1,0
2023-04-30,2022/23,AFC Bournemouth,Leeds United,1.0,1.6,1.8,4.6,1.2,3.0,0.8,4.2,0.8,2.2,1.2,2.0,0.0,0.0,1.0,7.0,3.0,5.0,2.55,3.5,2.7,0.3921568627450981,0.2857142857142857,0.37037037037037035,1.8,2.0,0.5555555555555556,0.5,H,4,1,1,1
2023-04-30,2022/23,Fulham,Manchester City,1.2,1.2,1.2,3.4,3.2,0.8,3.0,6.6,1.0,1.2,2.6,0.8,0.0,0.0,1.0,2.6666666666666665,5.0,4.0,12.0,6.0,1.25,0.08333333333333333,0.16666666666666666,0.8,1.53,2.5,0.6535947712418301,0.4,A,1,2,1,1
2023-04-30,2022/23,Manchester United,Aston Villa,1.4,0.8,2.0,6.2,1.8,0.4,2.6,3.8,1.6,0.4,1.6,0.6,0.4,0.2,0.4,3.2,3.0,5.0,1.73,3.9,4.6,0.5780346820809249,0.25641025641025644,0.2173913043478261,1.67,2.2,0.5988023952095809,0.45454545454545453,H,1,0,0,0
2023-04-30,2022/23,Newcastle United,Southampton,3.4,1.4,2.4,6.0,0.8,2.2,0.2,3.2,2.2,1.0,0.8,1.0,0.6,0.2,0.2,3.8,3.0,3.0,1.3,5.25,10.0,0.7692307692307692,0.19047619047619047,0.1,1.73,2.1,0.5780346820809249,0.47619047619047616,H,3,1,1,1
2023-04-30,2022/23,Liverpool,Tottenham Hotspur,2.6,1.2,2.2,5.4,1.6,2.6,1.0,4.6,3.2,0.8,1.2,3.0,0.6,0.4,0.0,3.2,4.0,3.0,1.53,4.5,5.75,0.6535947712418301,0.2222222222222222,0.17391304347826086,1.5,2.63,0.6666666666666666,0.3802281368821293,H,4,3,1,1
2023-05-01,2022/23,Leicester City,Everton,1.0,1.6,0.8,4.6,0.6,2.0,0.4,4.8,0.8,1.6,0.8,2.0,0.2,0.4,0.4,2.2,6.0,4.0,2.0,3.5,3.75,0.5,0.2857142857142857,0.26666666666666666,2.07,1.83,0.48309178743961356,0.5464480874316939,D,2,2,1,1
2023-05-02,2022/23,Arsenal,Chelsea,2.4,2.4,1.2,4.8,0.2,1.4,0.2,3.6,3.6,1.4,0.8,1.0,0.8,0.0,0.2,2.8,6.0,6.0,1.6,4.0,5.5,0.625,0.25,0.18181818181818182,1.73,2.1,0.5780346820809249,0.47619047619047616,H,3,1,1,1
2023-05-03,2022/23,Liverpool,Fulham,3.4,1.8,2.6,5.4,1.2,1.2,1.2,3.2,3.6,1.4,1.4,1.4,0.0,0.6666666666666666,0.3333333333333333,2.3333333333333335,3.0,3.0,1.25,5.75,11.0,0.8,0.17391304347826086,0.09090909090909091,1.44,2.75,0.6944444444444444,0.36363636363636365,H,1,0,0,0
2023-05-03,2022/23,Manchester City,West Ham United,3.4,1.0,3.0,7.6,2.2,1.6,1.4,4.8,3.2,0.8,1.6,2.0,0.6,0.4,0.0,2.8,3.0,4.0,1.2,7.0,13.0,0.8333333333333334,0.14285714285714285,0.07692307692307693,1.44,2.75,0.6944444444444444,0.36363636363636365,H,3,0,1,0
2023-05-04,2022/23,Brighton & Hove Albion,Manchester United,2.4,1.2,1.8,7.0,1.6,0.4,2.6,7.2,2.8,0.8,1.2,2.2,0.4,0.0,0.6,3.4,5.0,4.0,1.95,3.5,3.75,0.5128205128205129,0.2857142857142857,0.26666666666666666,1.57,2.38,0.6369426751592356,0.42016806722689076,H,1,0,0,0
2023-05-06,2022/23,AFC Bournemouth,Chelsea,1.8,1.4,2.4,5.4,0.4,1.6,0.2,2.8,1.4,1.6,1.0,1.6,0.0,0.0,1.0,2.0,6.0,4.0,3.3,3.5,2.15,0.30303030303030304,0.2857142857142857,0.46511627906976744,1.99,1.91,0.5025125628140703,0.5235602094240838,A,1,3,1,1
2023-05-06,2022/23,Manchester City,Leeds United,3.2,0.8,3.0,7.4,1.0,3.6,0.2,4.2,3.2,0.6,1.4,2.6,0.6,0.2,0.2,4.0,3.0,6.0,1.17,8.5,15.0,0.8547008547008548,0.11764705882352941,0.06666666666666667,1.3,3.5,0.7692307692307692,0.2857142857142857,H,2,1,1,1
2023-05-06,2022/23,Tottenham Hotspur,Crystal Palace,2.0,3.2,0.8,5.6,2.2,1.2,2.0,4.4,2.2,1.4,1.6,1.6,0.6,0.2,0.2,3.4,6.0,7.0,1.8,3.8,4.2,0.5555555555555556,0.2631578947368421,0.23809523809523808,1.73,2.1,0.5780346820809249,0.47619047619047616,H,1,0,0,0
2023-05-06,2022/23,Wolverhampton Wanderers,Aston Villa,1.2,1.6,1.8,4.2,1.4,0.4,2.0,3.0,1.6,0.8,1.2,0.8,0.4,0.4,0.2,2.2,7.0,6.0,2.88,3.3,2.5,0.3472222222222222,0.30303030303030304,0.4,2.2,1.67,0.45454545454545453,0.5988023952095809,H,1,0,0,0
2023-05-06,2022/23,Liverpool,Brentford,3.2,1.4,3.0,4.8,1.2,1.2,1.4,4.6,3.4,1.4,1.4,1.2,0.3333333333333333,0.3333333333333333,0.3333333333333333,4.333333333333333,3.0,7.0,1.44,5.0,6.0,0.6944444444444444,0.2,0.16666666666666666,1.5,2.63,0.6666666666666666,0.3802281368821293,H,1,0,0,0
2023-05-07,2022/23,Newcastle United,Arsenal,3.0,1.4,2.4,5.4,2.2,2.4,1.2,5.6,2.6,1.0,1.8,1.6,0.2,0.2,0.6,1.8,7.0,5.0,2.45,3.75,2.63,0.4081632653061224,0.26666666666666666,0.3802281368821293,1.62,2.3,0.6172839506172839,0.4347826086956522,A,0,2,0,0
2023-05-07,2022/23,West Ham United,Manchester United,2.0,2.2,0.8,4.2,1.4,0.6,2.0,7.6,1.2,2.0,0.8,2.4,0.0,0.0,1.0,2.0,4.0,3.0,3.4,3.75,2.05,0.29411764705882354,0.26666666666666666,0.48780487804878053,1.73,2.1,0.5780346820809249,0.47619047619047616,H,1,0,0,0
2023-05-08,2022/23,Brighton & Hove Albion,Everton,2.2,1.2,1.8,7.0,0.8,2.2,0.4,5.2,3.0,0.6,1.2,1.6,0.4,0.2,0.4,3.6,4.0,7.0,1.33,5.25,9.0,0.7518796992481203,0.19047619047619047,0.1111111111111111,1.57,2.38,0.6369426751592356,0.42016806722689076,A,1,5,1,1
2023-05-08,2022/23,Nottingham Forest,Southampton,1.2,2.0,0.6,3.0,1.0,2.6,0.2,3.2,1.4,1.6,0.8,1.6,1.0,0.0,0.0,1.0,9.0,8.0,2.1,3.6,3.4,0.47619047619047616,0.2777777777777778,0.29411764705882354,2.03,1.87,0.4926108374384237,0.53475935828877,H,4,3,1,1
2023-05-08,2022/23,Fulham,Leicester City,1.2,1.2,1.2,3.2,1.2,1.6,1.0,5.0,0.8,1.6,0.8,1.6,0.6666666666666666,0.0,0.3333333333333333,2.0,5.0,7.0,2.63,3.5,2.6,0.3802281368821293,0.2857142857142857,0.3846153846153846,1.86,2.04,0.5376344086021505,0.49019607843137253,H,5,3,1,1
2023-05-13,2022/23,Leeds United,Newcastle United,1.0,3.0,0.2,3.2,2.6,1.6,1.8,5.6,1.4,3.0,2.6,1.4,0.4,0.4,0.2,2.6,7.0,6.0,4.33,4.2,1.7,0.23094688221709006,0.23809523809523808,0.5882352941176471,1.62,2.3,0.6172839506172839,0.4347826086956522,D,2,2,1,1
2023-05-13,2022/23,Aston Villa,Tottenham Hotspur,1.0,0.6,1.4,3.0,1.8,3.0,0.8,5.6,2.0,0.0,1.6,3.0,0.4,0.0,0.6,2.8,7.0,7.0,2.25,3.6,2.9,0.4444444444444444,0.2777777777777778,0.3448275862068966,1.73,2.1,0.5780346820809249,0.47619047619047616,H,2,1,1,1
2023-05-13,2022/23,Chelsea,Nottingham Forest,1.0,1.8,0.6,3.2,2.0,2.2,1.2,3.4,0.6,1.6,1.0,2.4,0.0,1.0,0.0,2.0,7.0,5.0,1.5,4.5,6.0,0.6666666666666666,0.2222222222222222,0.16666666666666666,1.86,2.04,0.5376344086021505,0.49019607843137253,D,2,2,1,1
2023-05-13,2022/23,Crystal Palace,AFC Bournemouth,1.2,1.2,1.4,3.2,1.8,2.0,1.8,4.8,1.2,1.0,1.4,1.6,1.0,0.0,0.0,2.0,7.0,7.0,1.83,3.6,4.2,0.5464480874316939,0.2777777777777778,0.23809523809523808,1.94,1.96,0.5154639175257733,0.5102040816326531,H,2,0,0,0
2023-05-13,2022/23,Manchester United,Wolverhampton Wanderers,1.0,0.8,1.4,6.2,1.2,1.6,1.8,3.8,1.4,0.0,0.6,2.6,0.8,0.0,0.2,1.4,6.0,7.0,1.36,5.0,7.5,0.7352941176470588,0.2,0.13333333333333333,1.67,2.2,0.5988023952095809,0.45454545454545453,H,2,0,0,0
2023-05-13,2022/23,Southampton,Fulham,1.4,2.6,0.2,4.0,1.6,1.6,1.2,3.2,0.8,2.4,1.2,1.6,0.3333333333333333,0.3333333333333333,0.3333333333333333,2.3333333333333335,5.0,5.0,2.75,3.3,2.5,0.36363636363636365,0.30303030303030304,0.4,1.91,1.99,0.5235602094240838,0.5025125628140703,A,0,2,0,0
2023-05-14,2022/23,Brentford,West Ham United,1.0,1.0,1.4,3.6,1.8,1.8,1.2,4.4,1.6,1.4,1.6,2.2,1.0,0.0,0.0,2.3333333333333335,8.0,7.0,2.0,3.5,3.6,0.5,0.2857142857142857,0.2777777777777778,2.0,1.9,0.5,0.5263157894736842,H,2,0,0,0
2023-05-14,2022/23,Everton,Manchester City,1.8,2.0,1.0,6.0,2.8,0.8,3.0,7.0,0.8,2.0,2.4,0.8,0.0,0.2,0.8,3.0,6.0,8.0,9.0,4.75,1.36,0.1111111111111111,0.21052631578947367,0.7352941176470588,1.67,2.2,0.5988023952095809,0.45454545454545453,A,0,3,1,0
2023-05-14,2022/23,Arsenal,Brighton & Hove Albion,2.2,2.0,1.6,5.8,2.2,1.8,1.8,7.2,3.4,1.6,1.6,1.6,0.6,0.2,0.2,2.4,7.0,6.0,1.73,4.2,4.2,0.5780346820809249,0.23809523809523808,0.23809523809523808,1.53,2.5,0.6535947712418301,0.4,A,0,3,1,0
2023-05-15,2022/23,Leicester City,Liverpool,1.8,2.4,1.0,6.0,2.2,1.2,3.0,4.4,1.2,1.8,1.8,1.4,0.4,0.0,0.6,2.6,7.0,9.0,5.25,4.33,1.57,0.19047619047619047,0.23094688221709006,0.6369426751592356,1.5,2.63,0.6666666666666666,0.3802281368821293,A,0,3,1,0
2023-05-18,2022/23,Newcastle United,Brighton & Hove Albion,3.0,1.4,2.0,6.2,2.4,1.6,1.8,6.4,2.6,1.0,1.8,1.2,0.2,0.4,0.4,2.2,5.0,4.0,2.0,3.8,3.5,0.5,0.2631578947368421,0.2857142857142857,1.62,2.3,0.6172839506172839,0.4347826086956522,H,4,1,1,1
2023-05-20,2022/23,Wolverhampton Wanderers,Everton,0.8,2.0,1.2,2.0,1.6,2.0,1.0,5.2,1.6,0.8,1.8,1.4,0.6,0.0,0.4,2.2,7.0,6.0,2.75,3.3,2.6,0.36363636363636365,0.30303030303030304,0.3846153846153846,2.1,1.73,0.47619047619047616,0.5780346820809249,D,1,1,0,1
2023-05-20,2022/23,Liverpool,Aston Villa,2.2,0.8,3.0,4.2,0.8,0.8,1.4,2.6,2.2,1.4,1.0,0.8,0.8,0.0,0.2,4.0,5.0,7.0,1.45,5.0,6.25,0.6896551724137931,0.2,0.16,1.53,2.5,0.6535947712418301,0.4,D,1,1,0,1
2023-05-20,2022/23,AFC Bournemouth,Manchester United,1.2,2.0,1.2,3.6,1.0,0.8,1.4,6.4,1.4,2.2,0.8,1.2,0.0,0.0,1.0,3.0,7.0,7.0,6.0,4.75,1.5,0.16666666666666666,0.21052631578947367,0.6666666666666666,1.57,2.38,0.6369426751592356,0.42016806722689076,A,0,1,0,0
2023-05-20,2022/23,Fulham,Crystal Palace,1.6,1.4,1.2,3.0,1.2,1.2,1.4,3.8,1.6,2.0,1.6,1.6,0.3333333333333333,0.3333333333333333,0.3333333333333333,2.0,7.0,7.0,2.45,3.4,2.9,0.4081632653061224,0.29411764705882354,0.3448275862068966,2.05,1.85,0.48780487804878053,0.5405405405405405,D,2,2,1,1
2023-05-20,2022/23,Nottingham Forest,Arsenal,2.4,2.2,1.4,3.8,1.8,2.2,1.4,5.2,1.8,1.8,2.0,1.6,0.0,0.0,1.0,5.0,7.0,6.0,5.25,4.33,1.57,0.19047619047619047,0.23094688221709006,0.6369426751592356,1.57,2.38,0.6369426751592356,0.42016806722689076,H,1,0,0,0
2023-05-20,2022/23,Tottenham Hotspur,Brentford,1.6,2.8,0.8,4.4,1.4,0.6,2.0,5.0,2.0,1.4,1.0,1.4,0.3333333333333333,0.6666666666666666,0.0,2.0,7.0,6.0,1.83,3.9,4.0,0.5464480874316939,0.25641025641025644,0.25,1.73,2.1,0.5780346820809249,0.47619047619047616,A,1,3,1,1
2023-05-21,2022/23,West Ham United,Leeds United,1.0,2.2,0.6,3.2,1.2,2.2,0.4,3.4,1.2,1.8,1.6,2.8,0.6,0.2,0.2,3.4,7.0,8.0,2.4,3.5,2.88,0.4166666666666667,0.2857142857142857,0.3472222222222222,1.8,2.0,0.5555555555555556,0.5,H,3,1,1,1
2023-05-21,2022/23,Brighton & Hove Albion,Southampton,2.4,1.8,1.8,5.4,1.4,2.6,0.2,3.4,2.4,1.6,1.4,2.2,0.4,0.4,0.2,3.2,3.0,8.0,1.22,7.0,11.0,0.819672131147541,0.14285714285714285,0.09090909090909091,1.4,3.0,0.7142857142857143,0.3333333333333333,H,3,1,1,1
2023-05-21,2022/23,Manchester City,Chelsea,2.8,0.6,3.0,7.0,1.4,2.0,0.8,4.2,3.2,0.8,1.4,1.6,0.8,0.0,0.2,2.0,7.0,8.0,1.25,6.0,11.0,0.8,0.16666666666666666,0.09090909090909091,1.5,2.63,0.6666666666666666,0.3802281368821293,H,1,0,0,0
2023-05-22,2022/23,Newcastle United,Leicester City,2.6,1.4,2.0,6.4,1.6,2.4,1.0,6.0,3.0,1.0,1.4,2.4,0.6,0.0,0.4,3.8,4.0,7.0,1.36,5.5,7.0,0.7352941176470588,0.18181818181818182,0.14285714285714285,1.5,2.63,0.6666666666666666,0.3802281368821293,D,0,0,0,0
2023-05-24,2022/23,Brighton & Hove Albion,Manchester City,1.8,2.0,1.8,5.4,2.2,0.4,3.0,5.6,2.8,1.8,2.8,0.6,0.2,0.0,0.8,3.6,3.0,3.0,4.0,4.33,1.75,0.25,0.23094688221709006,0.5714285714285714,1.53,2.5,0.6535947712418301,0.4,D,1,1,0,1
2023-05-25,2022/23,Manchester United,Chelsea,0.8,0.4,1.8,5.8,1.2,1.8,0.8,5.0,1.2,0.0,1.4,1.4,0.0,1.0,0.0,1.2,5.0,4.0,1.6,4.33,5.0,0.625,0.23094688221709006,0.2,1.57,2.38,0.6369426751592356,0.42016806722689076,H,4,1,1,1
2023-05-28,2022/23,Arsenal,Wolverhampton Wanderers,1.2,1.8,1.2,4.6,0.8,1.8,1.4,2.4,2.8,1.8,0.6,2.6,0.6,0.0,0.4,2.4,8.0,8.0,1.36,5.25,8.0,0.7352941176470588,0.19047619047619047,0.125,1.44,2.75,0.6944444444444444,0.36363636363636365,H,5,0,1,0
2023-05-28,2022/23,Chelsea,Newcastle United,1.4,2.2,0.8,5.2,1.8,1.2,1.6,5.6,0.6,1.6,2.6,1.6,0.8,0.0,0.2,1.8,3.0,6.0,2.9,3.5,2.38,0.3448275862068966,0.2857142857142857,0.42016806722689076,1.73,2.1,0.5780346820809249,0.47619047619047616,D,1,1,0,1
2023-05-28,2022/23,Aston Villa,Brighton & Hove Albion,0.8,0.8,1.4,2.8,1.8,2.2,1.4,5.6,2.2,0.2,1.6,2.0,0.6,0.2,0.2,2.0,8.0,4.0,2.0,3.6,3.5,0.5,0.2777777777777778,0.2857142857142857,1.53,2.5,0.6535947712418301,0.4,H,2,1,1,1
2023-05-28,2022/23,Crystal Palace,Nottingham Forest,1.6,1.6,1.4,4.4,2.2,1.6,2.0,3.2,1.6,1.0,1.2,2.2,0.0,0.0,1.0,1.0,8.0,8.0,1.67,4.0,5.0,0.5988023952095809,0.25,0.2,1.67,2.2,0.5988023952095809,0.45454545454545453,D,1,1,0,1
2023-05-28,2022/23,Brentford,Manchester City,1.8,0.6,2.4,4.8,2.0,0.4,2.6,4.6,1.4,1.0,2.2,0.6,0.3333333333333333,0.0,0.6666666666666666,2.0,8.0,4.0,3.8,4.0,1.83,0.2631578947368421,0.25,0.5464480874316939,1.62,2.3,0.6172839506172839,0.4347826086956522,H,1,0,0,0
2023-05-28,2022/23,Southampton,Liverpool,1.0,2.6,0.0,2.4,2.0,0.8,2.6,4.4,0.8,2.4,2.4,1.2,0.2,0.0,0.8,2.8,7.0,8.0,6.5,4.75,1.44,0.15384615384615385,0.21052631578947367,0.6944444444444444,1.4,3.0,0.7142857142857143,0.3333333333333333,D,4,4,1,1
2023-05-28,2022/23,Manchester United,Fulham,1.4,0.6,1.8,6.4,2.0,1.6,1.4,3.8,2.0,0.2,1.2,1.0,0.6666666666666666,0.3333333333333333,0.0,2.6666666666666665,3.0,8.0,1.5,4.33,6.0,0.6666666666666666,0.23094688221709006,0.16666666666666666,1.5,2.63,0.6666666666666666,0.3802281368821293,H,2,1,1,1
2023-05-28,2022/23,Leicester City,West Ham United,1.2,2.2,0.6,4.6,1.4,2.0,1.2,4.6,1.0,1.8,1.6,1.8,0.2,0.2,0.6,3.8,6.0,7.0,1.91,3.8,3.6,0.5235602094240838,0.2631578947368421,0.2777777777777778,1.67,2.2,0.5988023952095809,0.45454545454545453,H,2,1,1,1
2023-05-28,2022/23,Everton,AFC Bournemouth,1.8,2.2,1.0,5.0,1.2,1.4,1.2,3.4,0.8,2.2,1.0,1.4,0.0,0.0,1.0,3.0,8.0,8.0,1.5,4.5,6.5,0.6666666666666666,0.2222222222222222,0.15384615384615385,1.67,2.2,0.5988023952095809,0.45454545454545453,H,1,0,0,0
2023-05-28,2022/23,Leeds United,Tottenham Hotspur,1.2,2.4,0.4,3.6,1.6,2.2,0.8,5.4,1.4,3.0,1.8,3.2,0.2,0.0,0.8,4.2,7.0,8.0,2.75,3.8,2.3,0.36363636363636365,0.2631578947368421,0.4347826086956522,1.5,2.63,0.6666666666666666,0.3802281368821293,A,1,4,1,1
2023-08-11,2023/24,Burnley,Manchester City,1.0,1.6,0.8,4.6,1.4,0.6,2.0,3.8,1.6,1.4,2.0,0.8,0.0,0.0,1.0,2.75,446.0,75.0,8.0,5.5,1.33,0.125,0.18181818181818182,0.7518796992481203,1.67,2.2,0.5988023952095809,0.45454545454545453,A,0,3,1,0
2023-08-12,2023/24,Arsenal,Nottingham Forest,2.0,1.0,1.8,5.8,1.8,1.6,1.6,3.0,3.0,1.6,1.2,2.0,0.5,0.0,0.5,3.0,76.0,76.0,1.18,7.0,15.0,0.8474576271186441,0.14285714285714285,0.06666666666666667,1.44,2.75,0.6944444444444444,0.36363636363636365,H,2,1,1,1
2023-08-12,2023/24,AFC Bournemouth,West Ham United,1.0,1.6,0.6,3.4,1.0,1.6,1.2,4.4,1.0,2.2,1.6,2.2,0.0,0.0,1.0,3.0,76.0,76.0,2.7,3.4,2.55,0.37037037037037035,0.29411764705882354,0.3921568627450981,1.9,2.0,0.5263157894736842,0.5,D,1,1,0,1
2023-08-12,2023/24,Brighton & Hove Albion,Luton Town,1.8,1.6,1.4,5.4,1.4,1.4,1.3,4.5,2.4,1.4,1.4,1.4,0.45,0.25,0.3,2.6,76.0,7.0,1.33,5.5,9.0,0.7518796992481203,0.18181818181818182,0.1111111111111111,1.62,2.3,0.6172839506172839,0.4347826086956522,H,4,1,1,1
2023-08-12,2023/24,Everton,Fulham,1.8,1.4,1.6,5.2,2.0,1.6,1.4,4.2,0.8,2.2,1.2,1.0,0.25,0.25,0.5,2.75,76.0,76.0,2.2,3.4,3.3,0.45454545454545453,0.29411764705882354,0.30303030303030304,2.01,1.89,0.49751243781094534,0.5291005291005292,A,0,1,0,0
2023-08-12,2023/24,Sheffield United,Crystal Palace,0.4,1.4,1.2,1.6,1.8,1.4,1.6,4.4,0.4,1.4,1.8,1.2,0.0,0.0,1.0,2.0,811.0,76.0,3.0,3.3,2.38,0.3333333333333333,0.30303030303030304,0.42016806722689076,2.2,1.67,0.45454545454545453,0.5988023952095809,A,0,1,0,0
2023-08-12,2023/24,Newcastle United,Aston Villa,1.4,1.2,1.2,5.4,1.0,1.0,1.4,3.2,2.6,1.0,0.8,1.0,0.4,0.2,0.4,2.4,76.0,76.0,1.75,3.75,4.6,0.5714285714285714,0.26666666666666666,0.2173913043478261,1.73,2.1,0.5780346820809249,0.47619047619047616,H,5,1,1,1
2023-08-13,2023/24,Brentford,Tottenham Hotspur,1.6,0.6,2.4,5.4,2.0,2.0,1.2,5.4,1.4,0.8,2.0,2.8,0.25,0.5,0.25,2.5,77.0,77.0,2.75,3.4,2.45,0.36363636363636365,0.29411764705882354,0.4081632653061224,1.73,2.1,0.5780346820809249,0.47619047619047616,D,2,2,1,1
2023-08-13,2023/24,Chelsea,Liverpool,1.4,1.8,1.0,5.4,2.0,1.0,2.2,5.2,0.8,1.4,3.0,1.2,0.2,0.8,0.0,1.4,77.0,77.0,2.9,3.4,2.38,0.3448275862068966,0.29411764705882354,0.42016806722689076,1.67,2.2,0.5988023952095809,0.45454545454545453,D,1,1,0,1
2023-08-14,2023/24,Manchester United,Wolverhampton Wanderers,1.8,0.6,2.4,7.0,0.4,2.8,0.8,1.8,2.2,0.4,0.4,3.2,0.8,0.0,0.2,1.6,78.0,78.0,1.33,5.5,9.0,0.7518796992481203,0.18181818181818182,0.1111111111111111,1.62,2.3,0.6172839506172839,0.4347826086956522,H,1,0,0,0
2023-08-18,2023/24,Nottingham Forest,Sheffield United,1.8,1.6,1.6,2.8,0.4,0.8,1.2,1.6,1.8,1.4,0.4,1.6,0.45,0.25,0.3,2.6,6.0,6.0,1.95,3.4,4.0,0.5128205128205129,0.29411764705882354,0.25,2.2,1.67,0.45454545454545453,0.5988023952095809,H,2,1,1,1
2023-08-19,2023/24,Fulham,Brentford,2.2,1.4,2.0,4.0,1.6,0.8,2.0,5.0,2.0,1.8,1.0,1.0,0.5,0.0,0.5,5.0,7.0,6.0,2.7,3.3,2.63,0.37037037037037035,0.30303030303030304,0.3802281368821293,1.96,1.94,0.5102040816326531,0.5154639175257733,A,0,3,1,0
2023-08-19,2023/24,Liverpool,AFC Bournemouth,2.0,1.2,1.8,4.8,0.4,1.6,0.2,3.0,2.0,1.2,1.0,1.0,0.5,0.0,0.5,5.0,6.0,7.0,1.2,7.0,13.0,0.8333333333333334,0.14285714285714285,0.07692307692307693,1.33,3.4,0.7518796992481203,0.29411764705882354,H,3,1,1,1
2023-08-19,2023/24,Wolverhampton Wanderers,Brighton & Hove Albion,0.4,1.8,0.8,2.6,2.0,1.8,1.4,6.6,1.4,0.2,1.6,2.0,0.4,0.0,0.6,3.6,5.0,7.0,4.0,3.8,1.85,0.25,0.2631578947368421,0.5405405405405405,1.73,2.1,0.5780346820809249,0.47619047619047616,A,1,4,1,1
2023-08-19,2023/24,Tottenham Hotspur,Manchester United,1.8,1.6,1.4,5.2,2.0,0.4,3.0,6.8,1.6,1.8,1.0,0.8,0.0,0.2,0.8,3.6,6.0,5.0,2.8,3.6,2.38,0.35714285714285715,0.2777777777777778,0.42016806722689076,1.57,2.38,0.6369426751592356,0.42016806722689076,H,2,0,0,0
2023-08-19,2023/24,Manchester City,Newcastle United,1.6,0.4,2.0,4.2,2.4,1.0,1.8,7.0,2.6,0.6,1.8,1.6,0.8,0.2,0.0,4.8,8.0,7.0,1.67,4.0,5.0,0.5988023952095809,0.25,0.2,1.73,2.1,0.5780346820809249,0.47619047619047616,H,1,0,0,0
2023-08-20,2023/24,Aston Villa,Everton,1.2,1.8,1.4,4.2,1.4,1.2,1.4,5.4,2.0,0.4,1.6,1.2,0.8,0.2,0.0,1.8,8.0,8.0,1.7,4.0,4.5,0.5882352941176471,0.25,0.2222222222222222,1.92,1.98,0.5208333333333334,0.5050505050505051,H,4,0,1,0
2023-08-20,2023/24,West Ham United,Chelsea,1.2,1.2,1.4,4.6,1.0,1.8,0.6,5.2,1.6,2.0,1.0,2.0,0.2,0.2,0.6,2.4,8.0,7.0,3.75,3.5,2.0,0.26666666666666666,0.2857142857142857,0.5,1.96,1.94,0.5102040816326531,0.5154639175257733,H,3,1,1,1
2023-08-21,2023/24,Crystal Palace,Arsenal,1.2,0.8,1.6,4.8,1.8,1.0,1.8,5.2,1.8,1.0,1.4,1.8,0.2,0.2,0.6,3.6,9.0,9.0,5.5,4.0,1.6,0.18181818181818182,0.25,0.625,1.94,1.96,0.5154639175257733,0.5102040816326531,A,0,1,0,0
2023-08-25,2023/24,Chelsea,Luton Town,0.8,2.0,0.4,4.8,1.0,4.0,0.0,3.0,1.0,1.6,1.0,4.0,0.45,0.25,0.3,2.6,5.0,13.0,1.29,5.5,11.0,0.7751937984496123,0.18181818181818182,0.09090909090909091,1.67,2.2,0.5988023952095809,0.45454545454545453,H,3,0,1,0
2023-08-26,2023/24,AFC Bournemouth,Tottenham Hotspur,0.4,1.6,0.2,3.2,2.0,1.6,1.4,5.8,1.2,2.0,2.2,3.0,0.5,0.0,0.5,5.0,7.0,7.0,3.8,3.75,1.91,0.2631578947368421,0.26666666666666666,0.5235602094240838,1.53,2.5,0.6535947712418301,0.4,A,0,2,0,0
2023-08-26,2023/24,Brentford,Crystal Palace,2.2,0.6,2.6,6.4,1.2,0.8,1.6,4.8,1.6,0.8,1.0,1.0,0.0,1.0,0.0,1.0,7.0,5.0,2.15,3.4,3.5,0.46511627906976744,0.29411764705882354,0.2857142857142857,2.1,1.73,0.47619047619047616,0.5780346820809249,D,1,1,0,1
2023-08-26,2023/24,Arsenal,Fulham,1.6,1.0,1.8,4.6,1.2,1.4,1.4,3.0,2.6,1.6,0.8,0.8,0.75,0.25,0.0,2.75,5.0,7.0,1.2,7.0,13.0,0.8333333333333334,0.14285714285714285,0.07692307692307693,1.44,2.75,0.6944444444444444,0.36363636363636365,D,2,2,1,1
2023-08-26,2023/24,Brighton & Hove Albion,West Ham United,2.6,1.2,2.0,7.8,1.6,1.4,1.4,5.0,2.0,1.6,1.0,2.4,0.6,0.4,0.0,2.8,7.0,6.0,1.53,4.75,5.25,0.6535947712418301,0.21052631578947367,0.19047619047619047,1.5,2.63,0.6666666666666666,0.3802281368821293,A,1,3,1,1
2023-08-26,2023/24,Manchester United,Nottingham Forest,1.6,0.8,2.4,6.2,1.4,1.2,1.6,2.8,2.0,0.4,1.4,2.0,1.0,0.0,0.0,2.5,7.0,8.0,1.3,6.0,8.0,0.7692307692307692,0.16666666666666666,0.125,1.5,2.63,0.6666666666666666,0.3802281368821293,H,3,2,1,1
2023-08-26,2023/24,Everton,Wolverhampton Wanderers,0.4,1.8,0.8,4.8,0.4,2.6,0.2,3.2,0.6,2.2,0.2,3.2,0.2,0.2,0.6,2.0,6.0,7.0,2.3,3.3,3.2,0.4347826086956522,0.30303030303030304,0.3125,2.1,1.73,0.47619047619047616,0.5780346820809249,A,0,1,0,0
2023-08-27,2023/24,Burnley,Aston Villa,0.6,2.0,0.2,3.6,2.0,1.6,2.0,5.0,1.0,1.6,0.6,1.8,0.25,0.5,0.25,2.75,16.0,7.0,3.4,3.4,2.15,0.29411764705882354,0.29411764705882354,0.46511627906976744,1.86,2.04,0.5376344086021505,0.49019607843137253,A,1,3,1,1
2023-08-27,2023/24,Sheffield United,Manchester City,0.6,0.8,1.2,2.2,1.2,0.4,2.0,4.2,0.4,1.2,1.8,0.6,0.0,0.0,1.0,1.0,9.0,8.0,13.0,8.0,1.17,0.07692307692307693,0.125,0.8547008547008548,1.57,2.38,0.6369426751592356,0.42016806722689076,A,1,2,1,1
2023-08-27,2023/24,Newcastle United,Liverpool,2.0,0.8,1.6,6.2,2.4,1.4,1.8,5.8,2.4,1.0,3.2,1.4,0.0,0.2,0.8,2.4,8.0,8.0,2.2,3.75,3.0,0.45454545454545453,0.26666666666666666,0.3333333333333333,1.5,2.63,0.6666666666666666,0.3802281368821293,A,1,2,1,1
2023-09-01,2023/24,Luton Town,West Ham United,0.5,3.5,0.0,2.0,2.2,1.2,2.0,4.8,1.4,1.4,1.0,1.8,0.45,0.25,0.3,2.6,7.0,6.0,4.75,3.8,1.73,0.21052631578947367,0.2631578947368421,0.5780346820809249,1.87,2.03,0.53475935828877,0.4926108374384237,A,1,2,1,1
2023-09-02,2023/24,Sheffield United,Everton,0.6,1.2,0.6,2.0,0.4,1.4,0.8,5.6,0.6,1.0,1.6,1.6,0.5,0.0,0.5,1.0,6.0,7.0,2.9,3.25,2.5,0.3448275862068966,0.3076923076923077,0.4,2.2,1.67,0.45454545454545453,0.5988023952095809,D,2,2,1,1
2023-09-02,2023/24,Brentford,AFC Bournemouth,2.0,0.8,2.2,4.6,0.4,1.6,0.2,3.8,1.6,0.8,1.0,1.6,0.5,0.5,0.0,1.0,7.0,7.0,1.73,3.8,4.75,0.5780346820809249,0.2631578947368421,0.21052631578947367,1.73,2.1,0.5780346820809249,0.47619047619047616,D,2,2,1,1
2023-09-02,2023/24,Burnley,Tottenham Hotspur,0.6,2.0,0.2,2.8,2.2,1.2,2.0,6.6,0.8,2.2,2.4,1.8,0.25,0.0,0.75,1.75,6.0,7.0,3.6,4.0,1.85,0.2777777777777778,0.25,0.5405405405405405,1.62,2.3,0.6172839506172839,0.4347826086956522,A,2,5,1,1
2023-09-02,2023/24,Chelsea,Nottingham Forest,1.4,1.8,1.0,5.2,1.4,1.4,1.4,3.2,1.4,1.2,1.4,2.0,0.0,1.0,0.0,3.0,8.0,7.0,1.4,4.5,8.5,0.7142857142857143,0.2222222222222222,0.11764705882352941,1.62,2.3,0.6172839506172839,0.4347826086956522,A,0,1,0,0
2023-09-02,2023/24,Manchester City,Fulham,1.4,0.6,2.0,5.6,1.2,1.8,1.0,2.8,2.2,0.4,1.2,1.0,1.0,0.0,0.0,2.75,6.0,7.0,1.17,8.0,15.0,0.8547008547008548,0.125,0.06666666666666667,1.4,3.0,0.7142857142857143,0.3333333333333333,H,5,1,1,1
2023-09-02,2023/24,Brighton & Hove Albion,Newcastle United,2.2,1.6,1.4,8.2,1.4,1.0,1.0,6.0,2.0,2.2,1.4,1.6,0.2,0.4,0.4,2.6,7.0,6.0,2.5,3.8,2.55,0.4,0.2631578947368421,0.3921568627450981,1.5,2.63,0.6666666666666666,0.3802281368821293,H,3,1,1,1
2023-09-03,2023/24,Liverpool,Aston Villa,2.2,1.6,1.8,5.6,2.2,1.6,2.0,5.4,2.0,1.0,1.0,1.8,0.8,0.2,0.0,2.6,7.0,7.0,1.65,4.5,4.5,0.6060606060606061,0.2222222222222222,0.2222222222222222,1.4,3.0,0.7142857142857143,0.3333333333333333,H,3,0,1,0
2023-09-03,2023/24,Arsenal,Manchester United,2.0,0.8,2.0,6.4,2.0,1.2,2.4,7.0,2.4,1.4,0.6,1.2,0.4,0.2,0.4,3.6,8.0,8.0,1.75,3.8,4.5,0.5714285714285714,0.2631578947368421,0.2222222222222222,1.57,2.38,0.6369426751592356,0.42016806722689076,H,3,1,1,1
2023-09-03,2023/24,Crystal Palace,Wolverhampton Wanderers,1.0,1.0,1.2,4.8,0.6,2.2,0.8,3.6,1.4,1.0,0.2,2.8,0.8,0.0,0.2,2.0,8.0,8.0,1.91,3.3,4.33,0.5235602094240838,0.30303030303030304,0.23094688221709006,2.2,1.67,0.45454545454545453,0.5988023952095809,H,3,2,1,1
2023-09-16,2023/24,Wolverhampton Wanderers,Liverpool,0.8,2.6,0.6,3.4,2.6,1.4,2.2,5.4,1.4,1.0,2.4,1.4,0.2,0.0,0.8,2.2,13.0,13.0,6.0,5.0,1.45,0.16666666666666666,0.2,0.6896551724137931,1.44,2.75,0.6944444444444444,0.36363636363636365,A,1,3,1,1
2023-09-16,2023/24,Aston Villa,Crystal Palace,2.0,2.0,1.8,5.4,1.2,1.0,1.6,6.0,2.4,0.4,0.8,1.2,0.4,0.2,0.4,3.0,13.0,13.0,1.91,3.6,4.0,0.5235602094240838,0.2777777777777778,0.25,1.89,2.01,0.5291005291005292,0.49751243781094534,H,3,1,1,1
2023-09-16,2023/24,Fulham,Luton Town,1.0,2.4,0.8,2.8,0.6666666666666666,3.0,0.0,1.6666666666666667,2.0,2.2,0.5,3.5,0.45,0.25,0.3,2.6,14.0,15.0,1.67,3.75,5.5,0.5988023952095809,0.26666666666666666,0.18181818181818182,1.89,2.01,0.5291005291005292,0.49751243781094534,H,1,0,0,0
2023-09-16,2023/24,Manchester United,Brighton & Hove Albion,1.4,1.6,1.8,5.6,2.6,1.6,1.8,8.0,2.4,0.8,2.0,2.0,0.4,0.0,0.6,2.6,13.0,14.0,2.15,4.0,2.88,0.46511627906976744,0.25,0.3472222222222222,1.44,2.75,0.6944444444444444,0.36363636363636365,A,1,3,1,1
2023-09-16,2023/24,Tottenham Hotspur,Sheffield United,3.0,1.0,2.6,7.0,1.0,1.4,0.8,3.4,1.6,1.6,0.4,1.6,1.0,0.0,0.0,4.0,14.0,14.0,1.29,5.5,11.0,0.7751937984496123,0.18181818181818182,0.09090909090909091,1.5,2.63,0.6666666666666666,0.3802281368821293,H,2,1,1,1
2023-09-16,2023/24,West Ham United,Manchester City,2.0,1.2,2.0,3.6,2.2,0.6,2.4,5.8,2.0,1.2,1.8,0.6,0.0,0.2,0.8,3.0,15.0,14.0,7.0,4.5,1.45,0.14285714285714285,0.2222222222222222,0.6896551724137931,1.62,2.3,0.6172839506172839,0.4347826086956522,A,1,3,1,1
2023-09-16,2023/24,Newcastle United,Brentford,1.6,1.6,0.8,5.6,1.8,1.0,1.8,5.2,2.0,1.2,1.6,0.8,0.75,0.25,0.0,4.25,14.0,14.0,1.53,4.2,6.0,0.6535947712418301,0.23809523809523808,0.16666666666666666,1.67,2.2,0.5988023952095809,0.45454545454545453,H,1,0,0,0
2023-09-17,2023/24,AFC Bournemouth,Chelsea,0.8,1.8,0.4,4.0,1.2,1.2,1.0,4.6,1.2,1.6,1.2,2.4,0.0,0.0,1.0,3.0,15.0,15.0,4.33,3.75,1.8,0.23094688221709006,0.26666666666666666,0.5555555555555556,1.67,2.2,0.5988023952095809,0.45454545454545453,D,0,0,0,0
2023-09-17,2023/24,Everton,Arsenal,0.6,1.6,0.8,6.0,2.6,0.8,2.6,6.8,0.4,1.8,1.2,1.4,0.6,0.0,0.4,3.0,15.0,14.0,6.0,4.5,1.5,0.16666666666666666,0.2222222222222222,0.6666666666666666,1.67,2.2,0.5988023952095809,0.45454545454545453,A,0,1,0,0
2023-09-18,2023/24,Nottingham Forest,Burnley,1.4,1.4,1.4,3.4,1.0,2.8,0.2,3.4,2.0,1.4,0.8,1.2,0.45,0.25,0.3,2.6,16.0,16.0,2.2,3.5,3.25,0.45454545454545453,0.2857142857142857,0.3076923076923077,1.92,1.98,0.5208333333333334,0.5050505050505051,D,1,1,0,1
2023-09-23,2023/24,Manchester City,Nottingham Forest,2.8,0.6,3.0,8.2,1.4,1.4,1.4,3.4,2.4,0.4,1.4,1.6,0.5,0.5,0.0,4.0,7.0,5.0,1.14,8.5,15.0,0.8771929824561404,0.11764705882352941,0.06666666666666667,1.4,3.0,0.7142857142857143,0.3333333333333333,H,2,0,0,0
2023-09-23,2023/24,Crystal Palace,Fulham,1.2,1.4,1.4,5.8,1.0,2.0,1.4,2.6,2.0,1.4,1.4,1.8,0.25,0.5,0.25,2.5,7.0,7.0,1.91,3.4,4.2,0.5235602094240838,0.29411764705882354,0.23809523809523808,2.0,1.8,0.5,0.5555555555555556,D,0,0,0,0
2023-09-23,2023/24,Brentford,Everton,1.6,1.2,1.2,4.8,0.4,1.8,0.2,5.0,1.6,1.0,2.0,2.0,0.5,0.25,0.25,2.25,7.0,6.0,1.8,3.8,4.2,0.5555555555555556,0.2631578947368421,0.23809523809523808,1.95,1.95,0.5128205128205129,0.5128205128205129,A,1,3,1,1
2023-09-23,2023/24,Burnley,Manchester United,1.0,2.8,0.2,3.0,1.2,2.0,1.2,4.8,1.0,3.2,0.4,1.4,0.0,0.25,0.75,2.75,5.0,7.0,4.2,4.2,1.73,0.23809523809523808,0.23809523809523808,0.5780346820809249,1.62,2.3,0.6172839506172839,0.4347826086956522,A,0,1,0,0
2023-09-23,2023/24,Luton Town,Wolverhampton Wanderers,0.5,2.5,0.0,1.75,1.0,2.2,0.6,3.8,1.0,2.0,0.6,2.2,0.45,0.25,0.3,2.6,7.0,7.0,3.25,3.4,2.2,0.3076923076923077,0.29411764705882354,0.45454545454545453,2.02,1.88,0.49504950495049505,0.5319148936170213,D,1,1,0,1
2023-09-24,2023/24,Arsenal,Tottenham Hotspur,1.8,0.8,2.6,6.0,2.6,1.0,2.6,7.6,2.4,1.4,2.8,1.4,0.8,0.0,0.2,3.2,7.0,8.0,1.67,4.33,4.33,0.5988023952095809,0.23094688221709006,0.23094688221709006,1.5,2.63,0.6666666666666666,0.3802281368821293,D,2,2,1,1
2023-09-24,2023/24,Brighton & Hove Albion,AFC Bournemouth,3.0,1.4,2.4,8.8,0.8,1.6,0.6,4.4,2.4,1.4,0.8,1.6,1.0,0.0,0.0,1.5,8.0,7.0,1.36,5.25,7.5,0.7352941176470588,0.19047619047619047,0.13333333333333333,1.36,3.2,0.7352941176470588,0.3125,H,3,1,1,1
2023-09-24,2023/24,Chelsea,Aston Villa,1.0,1.0,1.0,4.8,2.2,2.0,1.8,5.4,1.4,1.0,1.0,2.2,0.6,0.0,0.4,2.8,7.0,8.0,1.91,3.75,3.8,0.5235602094240838,0.26666666666666666,0.2631578947368421,1.73,2.1,0.5780346820809249,0.47619047619047616,A,0,1,0,0
2023-09-24,2023/24,Liverpool,West Ham United,2.4,0.8,2.6,5.0,2.0,1.4,2.0,3.6,1.8,0.4,1.4,1.4,0.8,0.0,0.2,2.8,8.0,8.0,1.4,5.0,7.0,0.7142857142857143,0.2,0.14285714285714285,1.4,3.0,0.7142857142857143,0.3333333333333333,H,3,1,1,1
2023-09-24,2023/24,Sheffield United,Newcastle United,1.0,1.8,0.2,3.8,1.6,1.4,1.2,5.2,0.8,1.4,1.6,1.6,0.5,0.0,0.5,1.0,8.0,8.0,7.0,4.75,1.44,0.14285714285714285,0.21052631578947367,0.6944444444444444,1.67,2.2,0.5988023952095809,0.45454545454545453,A,0,8,1,0
2023-09-30,2023/24,Aston Villa,Brighton & Hove Albion,2.2,1.0,2.4,5.6,2.8,1.4,2.4,7.2,2.4,0.6,2.4,1.6,0.8,0.2,0.0,2.0,6.0,6.0,2.55,3.75,2.55,0.3921568627450981,0.26666666666666666,0.3921568627450981,1.44,2.75,0.6944444444444444,0.36363636363636365,H,6,1,1,1
2023-09-30,2023/24,AFC Bournemouth,Arsenal,0.8,2.0,0.4,4.2,1.8,1.0,2.2,5.8,0.4,1.4,1.0,1.0,0.0,0.0,1.0,4.0,6.0,6.0,5.5,4.5,1.53,0.18181818181818182,0.2222222222222222,0.6535947712418301,1.53,2.5,0.6535947712418301,0.4,A,0,4,1,0
2023-09-30,2023/24,Everton,Luton Town,1.0,1.8,0.8,4.4,0.6,2.2,0.2,2.2,0.2,1.2,0.3333333333333333,2.6666666666666665,0.45,0.25,0.3,2.6,7.0,7.0,1.57,3.8,6.5,0.6369426751592356,0.2631578947368421,0.15384615384615385,2.05,1.85,0.48780487804878053,0.5405405405405405,A,1,2,1,1
2023-09-30,2023/24,Manchester United,Crystal Palace,1.2,2.0,1.2,5.0,1.0,1.4,1.0,4.8,2.2,1.4,1.0,1.4,0.4,0.4,0.2,1.4,7.0,7.0,1.55,4.2,5.75,0.6451612903225806,0.23809523809523808,0.17391304347826086,1.8,2.0,0.5555555555555556,0.5,A,0,1,0,0
2023-09-30,2023/24,Newcastle United,Burnley,2.2,1.2,1.2,5.6,0.8,2.6,0.2,2.8,2.2,0.8,1.0,1.0,1.0,0.0,0.0,2.75,6.0,7.0,1.3,5.75,9.0,0.7692307692307692,0.17391304347826086,0.1111111111111111,1.53,2.5,0.6535947712418301,0.4,H,2,0,0,0
2023-09-30,2023/24,West Ham United,Sheffield United,2.0,1.8,1.8,3.8,1.0,3.2,0.2,3.8,1.8,1.4,0.6,1.8,1.0,0.0,0.0,2.0,6.0,6.0,1.45,4.5,7.0,0.6896551724137931,0.2222222222222222,0.14285714285714285,1.67,2.2,0.5988023952095809,0.45454545454545453,H,2,0,0,0
2023-09-30,2023/24,Wolverhampton Wanderers,Manchester City,1.2,2.2,0.8,3.2,2.6,0.6,3.0,7.4,1.2,1.6,1.8,0.8,0.0,0.0,1.0,3.6,7.0,7.0,8.0,5.75,1.33,0.125,0.17391304347826086,0.7518796992481203,1.53,2.5,0.6535947712418301,0.4,H,2,1,1,1
2023-09-30,2023/24,Tottenham Hotspur,Liverpool,2.6,1.0,2.6,7.4,2.8,0.8,3.0,6.2,1.6,1.2,2.6,1.4,0.0,0.4,0.6,4.0,6.0,6.0,2.9,4.0,2.15,0.3448275862068966,0.25,0.46511627906976744,1.36,3.2,0.7352941176470588,0.3125,H,2,1,1,1
2023-10-01,2023/24,Nottingham Forest,Brentford,1.2,1.4,1.4,3.6,1.4,1.4,1.0,4.0,2.2,1.2,1.6,0.6,0.0,0.5,0.5,3.5,8.0,8.0,2.75,3.1,2.7,0.36363636363636365,0.3225806451612903,0.37037037037037035,2.1,1.73,0.47619047619047616,0.5780346820809249,D,1,1,0,1
2023-10-02,2023/24,Fulham,Chelsea,0.8,2.0,1.0,3.2,0.8,1.0,0.8,4.8,1.8,2.0,1.0,1.8,0.25,0.25,0.5,1.5,9.0,8.0,3.6,3.5,2.05,0.2777777777777778,0.2857142857142857,0.48780487804878053,1.98,1.92,0.5050505050505051,0.5208333333333334,A,0,2,0,0
2023-10-03,2023/24,Luton Town,Burnley,0.8,1.6,0.8,2.0,0.8,2.4,0.2,3.0,1.0,1.5,0.8,1.2,0.45,0.25,0.3,2.6,3.0,3.0,2.9,3.0,2.63,0.3448275862068966,0.3333333333333333,0.3802281368821293,2.2,1.65,0.45454545454545453,0.6060606060606061,A,1,2,1,1
2023-10-07,2023/24,Luton Town,Tottenham Hotspur,1.0,1.4,0.8,2.4,2.6,1.2,2.6,7.8,1.0,1.6666666666666667,3.0,1.4,0.45,0.25,0.3,2.6,4.0,7.0,6.0,4.75,1.45,0.16666666666666666,0.21052631578947367,0.6896551724137931,1.53,2.4,0.6535947712418301,0.4166666666666667,A,0,1,0,0
2023-10-07,2023/24,Burnley,Chelsea,1.0,2.0,0.8,3.4,1.0,0.4,1.4,4.8,0.8,2.8,0.8,1.6,0.0,0.25,0.75,2.75,4.0,5.0,4.5,3.8,1.73,0.2222222222222222,0.2631578947368421,0.5780346820809249,1.85,2.05,0.5405405405405405,0.48780487804878053,A,1,4,1,1
2023-10-07,2023/24,Everton,AFC Bournemouth,1.2,1.4,0.8,5.0,0.6,2.2,0.4,3.4,0.4,1.0,0.8,2.2,0.5,0.0,0.5,2.0,7.0,7.0,1.91,3.6,3.8,0.5235602094240838,0.2777777777777778,0.2631578947368421,1.85,2.05,0.5405405405405405,0.48780487804878053,H,3,0,1,0
2023-10-07,2023/24,Fulham,Sheffield United,0.8,1.8,1.0,3.4,0.8,3.2,0.2,3.6,1.6,2.0,0.6,1.4,0.5,0.5,0.0,1.5,5.0,7.0,1.62,3.8,6.0,0.6172839506172839,0.2631578947368421,0.16666666666666666,1.96,1.94,0.5102040816326531,0.5154639175257733,H,3,1,1,1
2023-10-07,2023/24,Manchester United,Brentford,1.2,1.8,1.2,4.6,1.0,1.6,0.6,3.4,1.4,1.4,1.4,0.8,0.75,0.0,0.25,3.0,7.0,6.0,1.67,4.2,4.75,0.5988023952095809,0.23809523809523808,0.21052631578947367,1.65,2.2,0.6060606060606061,0.45454545454545453,H,2,1,1,1
2023-10-07,2023/24,Crystal Palace,Nottingham Forest,1.2,1.2,1.6,4.8,1.0,1.4,1.0,3.0,1.2,0.8,1.0,1.6,0.0,0.5,0.5,1.5,7.0,6.0,2.2,3.1,3.6,0.45454545454545453,0.3225806451612903,0.2777777777777778,2.25,1.62,0.4444444444444444,0.6172839506172839,D,0,0,0,0
2023-10-08,2023/24,Brighton & Hove Albion,Liverpool,2.2,2.4,1.8,6.2,2.4,1.0,2.4,5.0,2.4,1.4,2.2,1.8,0.4,0.4,0.2,3.2,8.0,8.0,3.0,3.8,2.2,0.3333333333333333,0.2631578947368421,0.45454545454545453,1.36,3.1,0.7352941176470588,0.3225806451612903,D,2,2,1,1
2023-10-08,2023/24,West Ham United,Newcastle United,1.8,1.6,1.8,4.4,2.6,1.0,1.8,7.0,2.0,1.0,2.4,1.4,0.2,0.4,0.4,4.2,8.0,8.0,3.2,3.75,2.1,0.3125,0.26666666666666666,0.47619047619047616,1.7,2.1,0.5882352941176471,0.47619047619047616,D,2,2,1,1
2023-10-08,2023/24,Wolverhampton Wanderers,Aston Villa,1.4,1.6,1.4,2.4,2.6,1.2,2.4,6.0,1.2,1.8,1.2,2.0,0.6,0.4,0.0,2.2,8.0,8.0,3.5,3.4,2.1,0.2857142857142857,0.29411764705882354,0.47619047619047616,1.75,2.05,0.5714285714285714,0.48780487804878053,D,1,1,0,1
2023-10-08,2023/24,Arsenal,Manchester City,2.4,1.0,2.2,6.8,2.6,1.0,2.4,8.2,2.8,1.2,1.8,1.0,0.0,0.0,1.0,3.6,8.0,8.0,2.9,3.3,2.4,0.3448275862068966,0.30303030303030304,0.4166666666666667,1.75,2.05,0.5714285714285714,0.48780487804878053,H,1,0,0,0
2023-10-21,2023/24,Manchester City,Brighton & Hove Albion,2.2,1.0,1.8,6.6,2.4,2.2,2.0,4.8,2.2,0.4,2.0,2.8,0.6,0.2,0.2,3.8,13.0,13.0,1.4,5.25,6.5,0.7142857142857143,0.19047619047619047,0.15384615384615385,1.36,3.1,0.7352941176470588,0.3225806451612903,H,2,1,1,1
2023-10-21,2023/24,Liverpool,Everton,2.4,1.2,2.0,5.0,1.8,1.2,1.4,5.2,2.2,0.6,2.2,1.8,0.6,0.2,0.2,2.2,13.0,14.0,1.33,5.75,7.5,0.7518796992481203,0.17391304347826086,0.13333333333333333,1.4,2.88,0.7142857142857143,0.3472222222222222,H,2,0,0,0
2023-10-21,2023/24,Brentford,Burnley,1.0,1.8,0.4,3.8,0.8,1.8,0.8,3.2,1.4,1.6,0.8,1.2,0.5,0.0,0.5,3.0,14.0,14.0,1.83,3.75,4.2,0.5464480874316939,0.26666666666666666,0.23809523809523808,1.95,1.95,0.5128205128205129,0.5128205128205129,H,3,0,1,0
2023-10-21,2023/24,AFC Bournemouth,Wolverhampton Wanderers,0.6,2.4,0.4,3.6,1.4,1.8,1.0,2.6,0.2,1.6,0.8,2.0,0.5,0.5,0.0,0.5,14.0,13.0,2.38,3.4,3.0,0.42016806722689076,0.29411764705882354,0.3333333333333333,1.85,2.05,0.5405405405405405,0.48780487804878053,A,1,2,1,1
2023-10-21,2023/24,Chelsea,Arsenal,1.2,0.6,1.4,4.2,2.2,0.6,2.6,5.0,1.0,0.8,1.6,0.2,0.2,0.0,0.8,2.8,14.0,13.0,3.2,3.4,2.25,0.3125,0.29411764705882354,0.4444444444444444,1.98,1.92,0.5050505050505051,0.5208333333333334,D,2,2,1,1
2023-10-21,2023/24,Nottingham Forest,Luton Town,0.6,0.8,1.2,3.2,0.8,1.2,0.8,2.6,1.8,1.2,0.75,2.25,0.45,0.25,0.3,2.6,14.0,14.0,1.67,3.75,5.5,0.5988023952095809,0.26666666666666666,0.18181818181818182,2.08,1.82,0.4807692307692307,0.5494505494505494,D,2,2,1,1
2023-10-21,2023/24,Sheffield United,Manchester United,0.8,3.4,0.2,3.6,1.0,1.6,1.2,4.4,0.8,2.6,0.6,1.2,0.5,0.0,0.5,4.0,14.0,14.0,6.5,5.25,1.4,0.15384615384615385,0.19047619047619047,0.7142857142857143,1.53,2.4,0.6535947712418301,0.4166666666666667,A,1,2,1,1
2023-10-21,2023/24,Newcastle United,Crystal Palace,2.8,1.0,2.0,6.0,1.0,1.0,1.6,4.2,1.8,0.6,1.2,1.2,0.2,0.6,0.2,1.2,13.0,14.0,1.45,4.5,7.0,0.6896551724137931,0.2222222222222222,0.14285714285714285,1.85,2.05,0.5405405405405405,0.48780487804878053,H,4,0,1,0
2023-10-22,2023/24,Aston Villa,West Ham United,2.2,1.2,2.0,5.6,1.6,1.8,1.4,4.4,3.4,0.8,1.6,1.6,0.0,0.2,0.8,3.0,14.0,14.0,1.85,3.6,4.0,0.5405405405405405,0.2777777777777778,0.25,1.57,2.35,0.6369426751592356,0.425531914893617,H,4,1,1,1
2023-10-23,2023/24,Tottenham Hotspur,Fulham,2.4,1.2,2.6,7.4,1.0,1.6,1.4,4.0,1.6,1.0,1.0,1.8,0.75,0.25,0.0,1.75,16.0,16.0,1.5,4.5,6.0,0.6666666666666666,0.2222222222222222,0.16666666666666666,1.5,2.5,0.6666666666666666,0.4,H,2,0,0,0
2023-10-27,2023/24,Crystal Palace,Tottenham Hotspur,0.4,1.4,1.0,2.6,1.8,0.8,2.6,6.4,0.8,0.8,2.4,1.2,0.2,0.0,0.8,3.2,6.0,4.0,4.5,3.75,1.75,0.2222222222222222,0.26666666666666666,0.5714285714285714,1.94,1.96,0.5154639175257733,0.5102040816326531,A,1,2,1,1
2023-10-28,2023/24,Chelsea,Brentford,1.6,0.8,1.6,4.8,1.2,1.4,0.8,4.4,1.2,1.0,1.6,1.0,0.25,0.25,0.5,2.0,7.0,7.0,1.65,4.0,5.25,0.6060606060606061,0.25,0.19047619047619047,1.8,2.0,0.5555555555555556,0.5,A,0,2,0,0
2023-10-28,2023/24,Arsenal,Sheffield United,2.0,0.8,2.2,4.6,0.6,3.4,0.0,3.2,2.0,1.2,0.6,2.0,1.0,0.0,0.0,3.0,7.0,7.0,1.13,8.5,19.0,0.8849557522123894,0.11764705882352941,0.05263157894736842,1.36,3.1,0.7352941176470588,0.3225806451612903,H,5,0,1,0
2023-10-28,2023/24,AFC Bournemouth,Burnley,0.4,2.4,0.2,3.4,0.6,2.2,0.6,2.8,0.4,1.8,0.8,1.6,0.45,0.25,0.3,2.6,7.0,7.0,2.15,3.5,3.3,0.46511627906976744,0.2857142857142857,0.30303030303030304,1.75,2.05,0.5714285714285714,0.48780487804878053,H,2,1,1,1
2023-10-28,2023/24,Wolverhampton Wanderers,Newcastle United,1.4,1.4,1.6,3.2,3.4,0.4,2.6,7.0,1.2,2.0,2.4,1.4,0.2,0.4,0.4,2.2,7.0,7.0,4.2,4.0,1.75,0.23809523809523808,0.25,0.5714285714285714,1.75,2.05,0.5714285714285714,0.48780487804878053,D,2,2,1,1
2023-10-29,2023/24,Aston Villa,Luton Town,3.0,0.8,2.6,6.4,1.2,1.4,1.0,3.0,3.8,0.8,1.0,2.2,0.45,0.25,0.3,2.6,7.0,8.0,1.25,6.5,9.5,0.8,0.15384615384615385,0.10526315789473684,1.48,2.6,0.6756756756756757,0.3846153846153846,H,3,1,1,1
2023-10-29,2023/24,Liverpool,Nottingham Forest,2.2,1.2,2.0,5.4,0.8,1.2,0.8,4.2,2.4,0.6,0.8,1.4,0.5,0.0,0.5,3.0,8.0,8.0,1.29,5.75,11.0,0.7751937984496123,0.17391304347826086,0.09090909090909091,1.4,2.88,0.7142857142857143,0.3472222222222222,H,3,0,1,0
2023-10-29,2023/24,West Ham United,Everton,1.4,2.4,0.8,4.6,1.4,1.2,1.2,4.2,2.2,1.4,1.2,2.0,0.6,0.0,0.4,1.6,7.0,8.0,2.15,3.5,3.3,0.46511627906976744,0.2857142857142857,0.30303030303030304,1.73,2.08,0.5780346820809249,0.4807692307692307,A,0,1,0,0
2023-10-29,2023/24,Manchester United,Manchester City,1.2,1.2,1.8,5.0,1.6,1.0,1.8,6.8,1.4,1.4,1.8,1.0,0.4,0.0,0.6,4.2,8.0,8.0,5.0,3.8,1.67,0.2,0.2631578947368421,0.5988023952095809,1.7,2.1,0.5882352941176471,0.47619047619047616,A,0,3,1,0
2023-10-29,2023/24,Brighton & Hove Albion,Fulham,2.0,2.4,1.4,4.2,0.8,1.0,1.4,3.8,2.6,1.6,0.8,1.8,0.0,0.5,0.5,1.0,8.0,6.0,1.55,4.2,5.5,0.6451612903225806,0.23809523809523808,0.18181818181818182,1.5,2.5,0.6666666666666666,0.4,D,1,1,0,1
2023-11-04,2023/24,Fulham,Manchester United,0.8,1.2,1.0,4.4,1.0,1.2,1.8,4.8,1.2,1.6,1.0,1.2,0.0,0.25,0.75,2.75,6.0,6.0,3.2,3.6,2.2,0.3125,0.2777777777777778,0.45454545454545453,1.75,2.05,0.5714285714285714,0.48780487804878053,A,0,1,0,0
2023-11-04,2023/24,Brentford,West Ham United,1.6,1.2,1.4,5.0,1.2,2.0,0.8,4.4,1.8,1.6,1.6,2.0,1.0,0.0,0.0,2.25,7.0,6.0,2.05,3.6,3.5,0.48780487804878053,0.2777777777777778,0.2857142857142857,1.73,2.08,0.5780346820809249,0.4807692307692307,H,3,2,1,1
2023-11-04,2023/24,Burnley,Crystal Palace,0.8,2.4,0.6,2.6,0.4,1.2,1.0,2.6,0.8,3.2,0.8,1.6,0.5,0.5,0.0,3.0,7.0,8.0,2.75,3.25,2.6,0.36363636363636365,0.3076923076923077,0.3846153846153846,2.2,1.65,0.45454545454545453,0.6060606060606061,A,0,2,0,0
2023-11-04,2023/24,Everton,Brighton & Hove Albion,1.6,1.0,1.8,4.8,1.6,2.4,1.0,4.0,0.8,1.0,2.0,2.4,0.4,0.2,0.4,3.6,6.0,6.0,3.1,3.6,2.2,0.3225806451612903,0.2777777777777778,0.45454545454545453,1.57,2.35,0.6369426751592356,0.425531914893617,D,1,1,0,1
2023-11-04,2023/24,Manchester City,AFC Bournemouth,1.6,0.8,1.8,5.8,0.8,2.6,0.6,3.8,2.2,0.4,0.8,2.4,1.0,0.0,0.0,4.5,6.0,7.0,1.1,11.0,19.0,0.9090909090909091,0.09090909090909091,0.05263157894736842,1.29,3.6,0.7751937984496123,0.2777777777777778,H,6,1,1,1
2023-11-04,2023/24,Sheffield United,Wolverhampton Wanderers,0.4,4.0,0.0,2.2,1.6,1.2,1.8,4.0,0.8,3.0,1.2,1.2,0.0,0.0,1.0,1.5,7.0,7.0,3.8,3.5,2.0,0.2631578947368421,0.2857142857142857,0.5,1.91,1.99,0.5235602094240838,0.5025125628140703,H,2,1,1,1
2023-11-04,2023/24,Newcastle United,Arsenal,3.6,0.8,2.2,7.6,2.8,0.8,2.2,5.4,2.6,0.6,1.6,0.6,0.2,0.2,0.6,1.6,7.0,7.0,2.8,3.2,2.6,0.35714285714285715,0.3125,0.3846153846153846,1.95,1.95,0.5128205128205129,0.5128205128205129,H,1,0,0,0
2023-11-05,2023/24,Nottingham Forest,Aston Villa,0.6,1.6,0.6,3.6,3.0,0.8,2.6,6.6,1.4,1.0,1.2,2.0,0.0,0.5,0.5,2.0,7.0,7.0,4.2,3.75,1.85,0.23809523809523808,0.26666666666666666,0.5405405405405405,1.73,2.08,0.5780346820809249,0.4807692307692307,H,2,0,0,0
2023-11-05,2023/24,Luton Town,Liverpool,1.2,1.8,0.8,2.4,2.2,1.0,2.0,5.8,0.75,1.5,1.8,1.4,0.45,0.25,0.3,2.6,7.0,7.0,12.0,6.5,1.22,0.08333333333333333,0.15384615384615385,0.819672131147541,1.36,3.1,0.7352941176470588,0.3225806451612903,D,1,1,0,1
2023-11-06,2023/24,Tottenham Hotspur,Chelsea,1.8,0.8,2.6,4.6,1.6,1.2,1.4,4.0,1.8,1.0,1.6,1.6,0.2,0.2,0.6,2.4,10.0,9.0,2.0,3.75,3.5,0.5,0.26666666666666666,0.2857142857142857,1.7,2.1,0.5882352941176471,0.47619047619047616,A,1,4,1,1
2023-11-11,2023/24,Crystal Palace,Everton,0.8,1.2,1.4,2.6,1.2,1.0,1.4,4.4,0.8,1.0,1.2,1.8,0.2,0.4,0.4,2.8,7.0,7.0,2.45,3.2,3.0,0.4081632653061224,0.3125,0.3333333333333333,2.25,1.62,0.4444444444444444,0.6172839506172839,A,2,3,1,1
2023-11-11,2023/24,Arsenal,Burnley,2.4,0.6,2.0,4.4,0.8,2.4,0.6,3.2,2.6,1.0,0.8,1.8,0.25,0.5,0.25,1.0,7.0,7.0,1.18,7.0,17.0,0.8474576271186441,0.14285714285714285,0.058823529411764705,1.48,2.6,0.6756756756756757,0.3846153846153846,H,3,1,1,1
2023-11-11,2023/24,AFC Bournemouth,Newcastle United,0.8,3.2,0.6,3.2,2.2,0.8,2.2,5.0,0.6,1.8,2.6,1.6,0.0,1.0,0.0,2.0,7.0,7.0,4.75,4.0,1.73,0.21052631578947367,0.25,0.5780346820809249,1.7,2.1,0.5882352941176471,0.47619047619047616,H,2,0,0,0
2023-11-11,2023/24,Manchester United,Luton Town,1.0,1.2,1.8,5.0,1.0,1.8,0.4,3.0,1.2,2.0,1.0,2.0,0.45,0.25,0.3,2.6,7.0,6.0,1.33,5.25,9.5,0.7518796992481203,0.19047619047619047,0.10526315789473684,1.53,2.4,0.6535947712418301,0.4166666666666667,H,1,0,0,0
2023-11-11,2023/24,Wolverhampton Wanderers,Tottenham Hotspur,1.6,1.4,1.6,4.0,1.6,1.2,2.4,4.6,1.4,2.2,2.4,1.0,0.4,0.0,0.6,1.4,7.0,5.0,3.1,3.75,2.2,0.3225806451612903,0.26666666666666666,0.45454545454545453,1.62,2.25,0.6172839506172839,0.4444444444444444,H,2,1,1,1
2023-11-12,2023/24,Aston Villa,Fulham,2.8,1.2,2.0,5.8,0.8,1.4,0.8,4.0,4.0,0.8,0.8,2.0,0.75,0.0,0.25,2.75,7.0,8.0,1.57,4.2,5.5,0.6369426751592356,0.23809523809523808,0.18181818181818182,1.7,2.1,0.5882352941176471,0.47619047619047616,H,3,1,1,1
2023-11-12,2023/24,Brighton & Hove Albion,Sheffield United,1.2,2.4,0.6,3.6,0.8,2.6,0.6,2.4,2.0,1.6,0.6,2.8,0.0,0.5,0.5,1.5,8.0,8.0,1.25,5.75,13.0,0.8,0.17391304347826086,0.07692307692307693,1.4,2.88,0.7142857142857143,0.3472222222222222,D,1,1,0,1
2023-11-12,2023/24,Liverpool,Brentford,1.8,1.0,1.6,5.6,2.0,1.0,2.0,5.4,2.8,0.4,1.4,0.8,0.5,0.25,0.25,3.5,7.0,8.0,1.4,5.0,6.5,0.7142857142857143,0.2,0.15384615384615385,1.44,2.7,0.6944444444444444,0.37037037037037035,H,3,0,1,0
2023-11-12,2023/24,West Ham United,Nottingham Forest,1.4,2.0,0.8,4.0,1.0,1.2,1.2,3.6,1.6,1.4,0.6,1.6,0.5,0.0,0.5,2.5,8.0,7.0,1.85,3.6,4.0,0.5405405405405405,0.2777777777777778,0.25,1.75,2.05,0.5714285714285714,0.48780487804878053,H,3,2,1,1
2023-11-12,2023/24,Chelsea,Manchester City,2.4,1.2,2.0,4.8,2.4,1.0,1.8,6.6,1.0,1.2,1.8,1.0,0.2,0.0,0.8,1.4,6.0,8.0,5.0,3.7,1.73,0.2,0.27027027027027023,0.5780346820809249,1.88,2.02,0.5319148936170213,0.49504950495049505,D,4,4,1,1
2023-11-25,2023/24,Manchester City,Liverpool,3.0,1.4,2.0,7.0,2.2,0.6,2.2,6.8,3.2,0.6,1.8,1.4,0.4,0.4,0.2,3.8,13.0,13.0,1.73,4.2,4.2,0.5780346820809249,0.23809523809523808,0.23809523809523808,1.48,2.6,0.6756756756756757,0.3846153846153846,D,1,1,0,1
2023-11-25,2023/24,Burnley,West Ham United,0.6,2.8,0.0,3.4,1.6,2.4,0.8,3.4,0.8,3.0,1.8,2.4,0.0,0.5,0.5,1.5,14.0,13.0,3.4,3.5,2.05,0.29411764705882354,0.2857142857142857,0.48780487804878053,1.75,2.05,0.5714285714285714,0.48780487804878053,A,1,2,1,1
2023-11-25,2023/24,Brentford,Arsenal,1.8,1.4,1.8,5.0,2.2,0.8,2.0,4.0,2.0,1.6,1.6,0.6,0.25,0.25,0.5,2.5,13.0,14.0,4.5,3.75,1.75,0.2222222222222222,0.26666666666666666,0.5714285714285714,1.9,2.0,0.5263157894736842,0.5,A,0,1,0,0
2023-11-25,2023/24,Luton Town,Crystal Palace,0.8,1.6,0.4,3.2,1.0,1.8,0.8,3.0,0.8,1.4,1.0,1.6,0.45,0.25,0.3,2.6,14.0,14.0,3.6,3.3,2.1,0.2777777777777778,0.30303030303030304,0.47619047619047616,2.15,1.67,0.46511627906976744,0.5988023952095809,H,2,1,1,1
2023-11-25,2023/24,Nottingham Forest,Brighton & Hove Albion,1.2,1.6,1.0,4.4,1.2,1.4,0.8,4.2,1.6,1.0,2.0,2.2,0.5,0.5,0.0,2.0,13.0,13.0,3.2,3.6,2.15,0.3125,0.2777777777777778,0.46511627906976744,1.73,2.08,0.5780346820809249,0.4807692307692307,A,2,3,1,1
2023-11-25,2023/24,Sheffield United,AFC Bournemouth,1.0,2.4,0.8,2.2,1.2,2.4,1.2,5.0,1.2,3.0,1.0,3.4,0.45,0.25,0.3,2.6,13.0,14.0,3.2,3.5,2.2,0.3125,0.2857142857142857,0.45454545454545453,1.85,2.05,0.5405405405405405,0.48780487804878053,A,1,3,1,1
2023-11-25,2023/24,Newcastle United,Chelsea,1.8,1.2,1.6,4.4,2.8,2.0,1.6,5.8,1.8,0.4,2.2,1.0,0.2,0.2,0.6,1.8,14.0,13.0,2.55,3.5,2.63,0.3921568627450981,0.2857142857142857,0.3802281368821293,1.86,2.04,0.5376344086021505,0.49019607843137253,H,4,1,1,1
2023-11-26,2023/24,Tottenham Hotspur,Aston Villa,1.4,1.4,1.8,3.4,2.2,1.2,2.0,5.2,1.8,1.2,1.0,1.4,0.4,0.0,0.6,3.0,15.0,14.0,2.3,3.8,2.8,0.4347826086956522,0.2631578947368421,0.35714285714285715,1.5,2.5,0.6666666666666666,0.4,A,1,2,1,1
2023-11-26,2023/24,Everton,Manchester United,1.6,1.0,2.0,4.2,1.2,1.0,2.4,5.0,1.0,1.0,1.0,1.2,0.2,0.4,0.4,2.8,15.0,15.0,2.7,3.4,2.55,0.37037037037037035,0.29411764705882354,0.3921568627450981,1.85,2.05,0.5405405405405405,0.48780487804878053,A,0,3,1,0
2023-11-27,2023/24,Fulham,Wolverhampton Wanderers,1.0,1.6,0.8,4.4,1.6,1.4,1.6,4.6,0.8,1.4,1.4,1.4,0.0,0.5,0.5,1.0,15.0,16.0,2.38,3.3,3.0,0.42016806722689076,0.30303030303030304,0.3333333333333333,2.08,1.73,0.4807692307692307,0.5780346820809249,H,3,2,1,1
2023-12-02,2023/24,Arsenal,Wolverhampton Wanderers,2.2,0.8,2.0,4.4,1.8,1.8,1.4,5.2,2.8,0.8,1.6,2.0,0.8,0.0,0.2,2.8,7.0,5.0,1.25,5.5,12.0,0.8,0.18181818181818182,0.08333333333333333,1.65,2.2,0.6060606060606061,0.45454545454545453,H,2,1,1,1
2023-12-02,2023/24,Brentford,Luton Town,1.6,1.2,1.8,5.0,1.2,1.6,1.0,3.4,1.8,1.6,1.0,1.6,0.45,0.25,0.3,2.6,7.0,7.0,1.45,4.5,6.5,0.6896551724137931,0.2222222222222222,0.15384615384615385,1.7,2.1,0.5882352941176471,0.47619047619047616,H,3,1,1,1
2023-12-02,2023/24,Newcastle United,Manchester United,2.2,1.0,2.0,4.8,1.4,0.8,2.4,4.2,2.4,0.2,1.6,0.8,0.2,0.4,0.4,2.6,7.0,6.0,1.91,3.75,3.8,0.5235602094240838,0.26666666666666666,0.2631578947368421,1.67,2.15,0.5988023952095809,0.46511627906976744,H,1,0,0,0
2023-12-02,2023/24,Burnley,Sheffield United,0.6,2.4,0.0,3.8,1.0,2.4,0.8,2.2,0.8,2.8,0.6,2.6,0.5,0.0,0.5,1.0,7.0,7.0,1.8,3.6,4.5,0.5555555555555556,0.2777777777777778,0.2222222222222222,2.06,1.84,0.4854368932038835,0.5434782608695652,H,5,0,1,0
2023-12-02,2023/24,Nottingham Forest,Everton,1.6,2.2,0.8,4.4,1.0,1.6,1.4,3.8,1.6,1.4,1.8,1.4,0.0,1.0,0.0,3.0,7.0,6.0,2.75,3.25,2.6,0.36363636363636365,0.3076923076923077,0.3846153846153846,2.05,1.75,0.48780487804878053,0.5714285714285714,A,0,1,0,0
2023-12-03,2023/24,West Ham United,Crystal Palace,1.6,2.2,1.2,3.4,1.2,2.2,0.6,4.2,1.6,1.6,1.0,1.8,0.4,0.2,0.4,4.8,8.0,8.0,2.0,3.5,3.8,0.5,0.2857142857142857,0.2631578947368421,2.04,1.86,0.49019607843137253,0.5376344086021505,D,1,1,0,1
2023-12-03,2023/24,Manchester City,Tottenham Hotspur,3.2,1.4,2.2,7.8,1.4,1.8,1.2,4.2,3.2,0.8,2.2,1.4,0.4,0.0,0.6,3.2,8.0,7.0,1.29,6.0,9.0,0.7751937984496123,0.16666666666666666,0.1111111111111111,1.36,3.1,0.7352941176470588,0.3225806451612903,D,3,3,1,1
2023-12-03,2023/24,AFC Bournemouth,Aston Villa,1.8,2.0,1.8,6.4,2.4,1.2,2.4,5.4,1.0,1.4,0.8,1.4,0.5,0.0,0.5,2.5,8.0,7.0,3.4,4.0,1.95,0.29411764705882354,0.25,0.5128205128205129,1.53,2.4,0.6535947712418301,0.4166666666666667,D,2,2,1,1
2023-12-03,2023/24,Chelsea,Brighton & Hove Albion,2.2,2.6,1.0,5.6,1.4,1.4,1.2,4.6,1.2,2.0,1.8,2.4,0.0,0.6,0.4,2.4,8.0,8.0,1.73,4.2,4.2,0.5780346820809249,0.23809523809523808,0.23809523809523808,1.53,2.4,0.6535947712418301,0.4166666666666667,H,3,2,1,1
2023-12-03,2023/24,Liverpool,Fulham,2.0,0.4,2.2,6.6,1.0,1.8,0.8,4.4,2.8,0.2,0.6,2.2,0.25,0.5,0.25,2.0,8.0,6.0,1.25,6.5,9.0,0.8,0.15384615384615385,0.1111111111111111,1.4,2.88,0.7142857142857143,0.3472222222222222,H,4,3,1,1
2023-12-05,2023/24,Wolverhampton Wanderers,Burnley,1.6,2.0,0.8,4.4,1.6,1.8,0.6,5.0,1.6,1.6,0.8,2.2,0.0,0.25,0.75,2.0,3.0,3.0,1.85,3.6,4.2,0.5405405405405405,0.2777777777777778,0.23809523809523808,2.05,1.85,0.48780487804878053,0.5405405405405405,H,1,0,0,0
2023-12-05,2023/24,Luton Town,Arsenal,1.0,1.8,0.8,2.8,2.2,0.6,2.4,5.0,1.0,1.2,1.6,0.6,0.45,0.25,0.3,2.6,3.0,3.0,17.0,7.0,1.18,0.058823529411764705,0.14285714285714285,0.8474576271186441,1.65,2.2,0.6060606060606061,0.45454545454545453,A,3,4,1,1
2023-12-06,2023/24,Brighton & Hove Albion,Brentford,1.6,1.6,1.2,5.8,1.6,1.4,1.8,4.2,2.0,1.2,0.8,1.4,0.5,0.25,0.25,2.75,3.0,4.0,1.91,3.8,3.75,0.5235602094240838,0.2631578947368421,0.26666666666666666,1.62,2.25,0.6172839506172839,0.4444444444444444,H,2,1,1,1
2023-12-06,2023/24,Crystal Palace,AFC Bournemouth,1.4,1.6,0.8,4.0,2.0,2.0,2.0,7.0,1.2,1.4,1.4,3.0,1.0,0.0,0.0,2.0,3.0,3.0,2.25,3.5,3.1,0.4444444444444444,0.2857142857142857,0.3225806451612903,2.01,1.89,0.49751243781094534,0.5291005291005292,A,0,2,0,0
2023-12-06,2023/24,Fulham,Nottingham Forest,1.6,2.2,0.8,4.8,1.2,2.0,0.6,3.2,1.4,1.2,0.6,1.6,1.0,0.0,0.0,3.5,3.0,4.0,2.0,3.4,3.75,0.5,0.29411764705882354,0.26666666666666666,2.06,1.84,0.4854368932038835,0.5434782608695652,H,5,0,1,0
2023-12-06,2023/24,Sheffield United,Liverpool,0.8,3.0,0.8,1.6,2.4,1.0,2.2,7.8,1.2,3.2,1.6,1.4,0.0,0.0,1.0,2.5,4.0,3.0,12.0,7.5,1.2,0.08333333333333333,0.13333333333333333,0.8333333333333334,1.33,3.4,0.7518796992481203,0.29411764705882354,A,0,2,0,0
2023-12-06,2023/24,Aston Villa,Manchester City,2.0,1.4,2.0,4.6,3.4,1.8,1.8,7.4,3.8,1.0,2.2,1.6,0.0,0.2,0.8,3.4,3.0,3.0,4.75,4.2,1.7,0.21052631578947367,0.23809523809523808,0.5882352941176471,1.53,2.4,0.6535947712418301,0.4166666666666667,H,1,0,0,0
2023-12-06,2023/24,Manchester United,Chelsea,1.0,0.8,1.8,3.4,2.4,2.6,1.4,5.6,0.8,1.6,2.2,1.2,0.2,0.8,0.0,2.2,4.0,3.0,2.88,3.4,2.45,0.3472222222222222,0.29411764705882354,0.4081632653061224,1.65,2.2,0.6060606060606061,0.45454545454545453,H,2,1,1,1
2023-12-07,2023/24,Everton,Newcastle United,1.2,1.2,2.0,4.2,1.6,1.0,2.0,4.2,1.0,1.4,2.6,1.8,0.2,0.0,0.8,2.6,5.0,5.0,3.25,3.25,2.25,0.3076923076923077,0.3076923076923077,0.4444444444444444,1.96,1.94,0.5102040816326531,0.5154639175257733,H,3,0,1,0
2023-12-07,2023/24,Tottenham Hotspur,West Ham United,1.6,2.4,0.8,4.0,1.6,1.6,1.4,3.2,1.6,1.6,1.6,2.4,0.4,0.2,0.4,2.4,4.0,4.0,1.75,4.2,4.2,0.5714285714285714,0.23809523809523808,0.23809523809523808,1.5,2.5,0.6666666666666666,0.4,A,1,2,1,1
2023-12-09,2023/24,Crystal Palace,Liverpool,1.2,1.6,0.8,4.0,2.2,1.0,2.2,7.8,0.6,1.4,1.4,1.2,0.0,0.4,0.6,2.2,3.0,3.0,6.0,4.5,1.5,0.16666666666666666,0.2222222222222222,0.6666666666666666,1.65,2.2,0.6060606060606061,0.45454545454545453,A,1,2,1,1
2023-12-09,2023/24,Brighton & Hove Albion,Burnley,1.8,1.6,1.6,5.8,1.4,1.6,0.6,5.0,1.8,1.2,0.8,2.0,0.25,0.5,0.25,2.0,3.0,4.0,1.5,4.75,6.0,0.6666666666666666,0.21052631578947367,0.16666666666666666,1.57,2.35,0.6369426751592356,0.425531914893617,D,1,1,0,1
2023-12-09,2023/24,Manchester United,AFC Bournemouth,1.4,0.4,2.4,4.6,2.0,1.8,2.0,6.6,1.0,1.2,1.4,2.6,1.0,0.0,0.0,2.0,3.0,3.0,1.55,4.33,5.75,0.6451612903225806,0.23094688221709006,0.17391304347826086,1.5,2.5,0.6666666666666666,0.4,A,0,3,1,0
2023-12-09,2023/24,Sheffield United,Brentford,0.8,2.4,0.8,1.8,1.4,1.8,1.2,3.6,0.8,3.2,1.0,1.6,0.45,0.25,0.3,2.6,3.0,3.0,4.2,3.8,1.75,0.23809523809523808,0.2631578947368421,0.5714285714285714,1.95,1.95,0.5128205128205129,0.5128205128205129,H,1,0,0,0
2023-12-09,2023/24,Wolverhampton Wanderers,Nottingham Forest,1.4,1.6,1.2,4.0,1.2,2.4,0.6,3.2,1.6,1.0,0.4,2.6,0.5,0.5,0.0,1.5,4.0,3.0,1.85,3.6,4.33,0.5405405405405405,0.2777777777777778,0.23094688221709006,2.06,1.84,0.4854368932038835,0.5434782608695652,D,1,1,0,1
2023-12-09,2023/24,Aston Villa,Arsenal,1.6,1.2,2.0,4.8,2.0,1.2,2.4,5.2,3.4,0.8,2.2,1.2,0.2,0.0,0.8,3.0,3.0,4.0,3.3,3.6,2.1,0.30303030303030304,0.2777777777777778,0.47619047619047616,1.7,2.1,0.5882352941176471,0.47619047619047616,H,1,0,0,0
2023-12-10,2023/24,Everton,Chelsea,1.6,1.2,2.0,4.6,2.6,2.6,1.4,5.8,1.6,1.2,2.4,1.6,0.2,0.4,0.4,2.0,3.0,4.0,3.1,3.5,2.25,0.3225806451612903,0.2857142857142857,0.4444444444444444,1.75,2.05,0.5714285714285714,0.48780487804878053,H,2,0,0,0
2023-12-10,2023/24,Fulham,West Ham United,2.4,2.0,1.2,5.0,2.0,1.6,2.0,3.8,2.2,1.2,1.6,2.4,0.0,0.25,0.75,1.5,4.0,3.0,2.38,3.5,2.9,0.42016806722689076,0.2857142857142857,0.3448275862068966,1.9,2.0,0.5263157894736842,0.5,H,5,0,1,0
2023-12-10,2023/24,Luton Town,Manchester City,1.4,2.0,0.8,3.4,2.8,2.0,1.2,5.8,1.4,1.8,1.6,1.6,0.45,0.25,0.3,2.6,5.0,4.0,17.0,8.0,1.14,0.058823529411764705,0.125,0.8771929824561404,1.36,3.1,0.7352941176470588,0.3225806451612903,A,1,2,1,1
2023-12-10,2023/24,Tottenham Hotspur,Newcastle United,1.4,2.6,0.2,5.2,1.2,1.2,1.8,3.8,1.4,1.8,2.4,1.8,0.4,0.2,0.4,5.0,3.0,3.0,2.15,3.8,3.1,0.46511627906976744,0.2631578947368421,0.3225806451612903,1.53,2.4,0.6535947712418301,0.4166666666666667,H,4,1,1,1
2023-12-15,2023/24,Nottingham Forest,Tottenham Hotspur,1.0,2.6,0.2,3.0,2.0,2.0,0.8,6.6,1.4,1.4,1.8,1.6,0.0,0.0,1.0,3.0,6.0,5.0,4.2,4.2,1.73,0.23809523809523808,0.23809523809523808,0.5780346820809249,1.62,2.25,0.6172839506172839,0.4444444444444444,A,0,2,0,0
2023-12-16,2023/24,Chelsea,Sheffield United,1.8,2.8,0.8,5.0,0.6,2.2,0.8,2.2,1.8,2.2,0.4,3.2,1.0,0.0,0.0,4.0,6.0,7.0,1.22,6.5,13.0,0.819672131147541,0.15384615384615385,0.07692307692307693,1.5,2.5,0.6666666666666666,0.4,H,2,0,0,0
2023-12-16,2023/24,Manchester City,Crystal Palace,2.0,2.0,1.2,5.4,1.0,2.0,0.2,4.2,2.8,1.2,1.0,1.4,0.6,0.2,0.2,2.2,6.0,7.0,1.18,8.0,13.0,0.8474576271186441,0.125,0.07692307692307693,1.44,2.7,0.6944444444444444,0.37037037037037035,D,2,2,1,1
2023-12-16,2023/24,Newcastle United,Fulham,1.2,2.0,1.2,4.0,3.4,1.8,1.8,6.0,2.4,0.2,1.0,2.0,0.75,0.25,0.0,2.5,6.0,6.0,1.8,3.8,4.0,0.5555555555555556,0.2631578947368421,0.25,1.7,2.1,0.5882352941176471,0.47619047619047616,H,3,0,1,0
2023-12-16,2023/24,Burnley,Everton,1.6,1.4,0.8,4.6,1.8,1.0,2.4,4.8,1.4,1.8,1.6,1.0,0.5,0.25,0.25,3.5,7.0,6.0,3.6,3.4,2.1,0.2777777777777778,0.29411764705882354,0.47619047619047616,2.05,1.75,0.48780487804878053,0.5714285714285714,A,0,2,0,0
2023-12-17,2023/24,Brentford,Aston Villa,0.8,1.6,0.6,3.6,1.8,0.8,2.6,4.8,2.0,1.4,1.2,1.2,0.25,0.5,0.25,2.75,8.0,8.0,3.2,3.75,2.1,0.3125,0.26666666666666666,0.47619047619047616,1.7,2.1,0.5882352941176471,0.47619047619047616,A,1,2,1,1
2023-12-17,2023/24,West Ham United,Wolverhampton Wanderers,1.6,2.0,2.0,4.4,1.4,1.4,1.4,4.2,1.6,1.2,1.4,1.8,0.6,0.0,0.4,2.0,7.0,8.0,2.15,3.5,3.3,0.46511627906976744,0.2857142857142857,0.30303030303030304,1.95,1.95,0.5128205128205129,0.5128205128205129,H,3,0,1,0
2023-12-17,2023/24,Arsenal,Brighton & Hove Albion,2.0,1.2,2.4,6.0,1.8,1.6,1.6,7.6,2.6,0.8,1.6,2.8,0.4,0.2,0.4,2.8,8.0,8.0,1.44,5.0,6.0,0.6944444444444444,0.2,0.16666666666666666,1.53,2.4,0.6535947712418301,0.4166666666666667,H,2,0,0,0
2023-12-17,2023/24,Liverpool,Manchester United,2.4,1.0,2.6,7.0,1.2,1.0,1.8,4.2,3.0,0.8,1.4,0.4,0.8,0.0,0.2,5.0,8.0,8.0,1.3,6.0,8.0,0.7692307692307692,0.16666666666666666,0.125,1.33,3.4,0.7518796992481203,0.29411764705882354,D,0,0,0,0
2023-12-21,2023/24,Crystal Palace,Brighton & Hove Albion,1.0,1.8,0.4,3.8,1.6,1.8,1.4,6.6,0.8,1.8,1.4,2.0,0.2,0.6,0.2,2.0,5.0,4.0,3.3,3.3,2.15,0.30303030303030304,0.30303030303030304,0.46511627906976744,1.99,1.91,0.5025125628140703,0.5235602094240838,D,1,1,0,1
2023-12-22,2023/24,Aston Villa,Sheffield United,1.6,0.8,2.6,4.6,0.4,2.4,0.6,2.2,2.4,0.6,0.4,3.2,0.5,0.0,0.5,1.0,5.0,6.0,1.22,6.5,12.0,0.819672131147541,0.15384615384615385,0.08333333333333333,1.44,2.7,0.6944444444444444,0.37037037037037035,D,1,1,0,1
2023-12-23,2023/24,West Ham United,Manchester United,1.6,1.6,2.0,4.0,1.0,1.0,1.4,3.6,1.8,1.2,1.2,0.4,0.2,0.0,0.8,1.4,6.0,6.0,2.6,3.6,2.6,0.3846153846153846,0.2777777777777778,0.3846153846153846,1.7,2.1,0.5882352941176471,0.47619047619047616,H,2,0,0,0
2023-12-23,2023/24,Fulham,Burnley,3.2,1.8,1.8,5.8,1.4,1.2,0.8,4.0,3.2,0.8,0.6,2.0,0.0,0.5,0.5,2.0,7.0,7.0,1.67,3.75,5.25,0.5988023952095809,0.26666666666666666,0.19047619047619047,1.92,1.98,0.5208333333333334,0.5050505050505051,A,0,2,0,0
2023-12-23,2023/24,Luton Town,Newcastle United,1.4,2.2,0.6,2.8,1.8,1.6,1.8,5.0,1.4,1.8,1.0,2.6,0.45,0.25,0.3,2.6,13.0,7.0,4.75,4.2,1.65,0.21052631578947367,0.23809523809523808,0.6060606060606061,1.75,2.05,0.5714285714285714,0.48780487804878053,H,1,0,0,0
2023-12-23,2023/24,Nottingham Forest,AFC Bournemouth,0.6,2.4,0.2,2.2,2.4,0.6,2.6,7.2,1.2,1.6,1.8,2.0,0.0,0.5,0.5,3.5,8.0,14.0,2.75,3.4,2.55,0.36363636363636365,0.29411764705882354,0.3921568627450981,1.95,1.95,0.5128205128205129,0.5128205128205129,A,2,3,1,1
2023-12-23,2023/24,Tottenham Hotspur,Everton,2.2,1.6,1.4,7.4,1.6,0.6,2.4,5.2,1.8,1.8,1.4,0.8,0.4,0.6,0.0,2.6,8.0,7.0,1.75,4.2,4.0,0.5714285714285714,0.23809523809523808,0.25,1.53,2.4,0.6535947712418301,0.4166666666666667,H,2,1,1,1
2023-12-23,2023/24,Liverpool,Arsenal,1.8,1.0,2.2,6.6,1.8,1.0,2.4,6.6,2.4,0.6,1.4,1.4,0.6,0.2,0.2,3.6,6.0,6.0,2.38,3.6,2.8,0.42016806722689076,0.2777777777777778,0.35714285714285715,1.7,2.1,0.5882352941176471,0.47619047619047616,D,1,1,0,1
2023-12-24,2023/24,Wolverhampton Wanderers,Chelsea,1.0,1.8,0.8,4.0,1.4,2.0,1.2,4.4,1.4,1.0,2.0,2.0,0.2,0.6,0.2,1.6,7.0,8.0,3.75,3.75,1.91,0.26666666666666666,0.26666666666666666,0.5235602094240838,1.86,2.04,0.5376344086021505,0.49019607843137253,H,2,1,1,1
2023-12-26,2023/24,Newcastle United,Nottingham Forest,1.0,1.6,1.2,4.4,0.6,2.4,0.2,2.2,2.6,0.2,0.6,2.4,1.0,0.0,0.0,2.5,3.0,3.0,1.5,4.33,5.75,0.6666666666666666,0.23094688221709006,0.17391304347826086,1.8,2.0,0.5555555555555556,0.5,A,1,3,1,1
2023-12-26,2023/24,AFC Bournemouth,Fulham,2.6,1.0,2.6,6.6,2.6,1.8,1.2,5.6,1.4,1.8,1.0,2.6,0.5,0.5,0.0,3.5,3.0,3.0,2.15,3.6,3.2,0.46511627906976744,0.2777777777777778,0.3125,1.73,2.08,0.5780346820809249,0.4807692307692307,H,3,0,1,0
2023-12-26,2023/24,Sheffield United,Luton Town,0.4,2.0,0.8,2.2,1.6,2.0,1.2,3.0,1.0,1.6,1.2,2.0,0.45,0.25,0.3,2.6,4.0,3.0,2.3,3.3,3.1,0.4347826086956522,0.30303030303030304,0.3225806451612903,2.1,1.7,0.47619047619047616,0.5882352941176471,A,2,3,1,1
2023-12-26,2023/24,Burnley,Liverpool,1.6,0.8,1.4,3.4,1.8,1.0,2.2,6.6,1.4,2.0,1.6,1.0,0.25,0.0,0.75,1.75,3.0,3.0,6.5,5.25,1.4,0.15384615384615385,0.19047619047619047,0.7142857142857143,1.44,2.7,0.6944444444444444,0.37037037037037035,A,0,2,0,0
2023-12-26,2023/24,Manchester United,Aston Villa,0.4,1.4,0.8,3.4,1.4,0.8,2.2,4.4,1.0,1.6,1.4,1.4,0.4,0.2,0.4,2.8,3.0,4.0,2.6,3.5,2.6,0.3846153846153846,0.2857142857142857,0.3846153846153846,1.62,2.25,0.6172839506172839,0.4444444444444444,H,3,2,1,1
2023-12-27,2023/24,Brentford,Wolverhampton Wanderers,1.0,1.4,0.6,3.6,1.0,1.4,1.4,4.0,2.0,1.2,1.2,2.2,0.25,0.25,0.5,2.25,10.0,3.0,1.95,3.5,4.2,0.5128205128205129,0.2857142857142857,0.23809523809523808,2.03,1.87,0.4926108374384237,0.53475935828877,A,1,4,1,1
2023-12-27,2023/24,Chelsea,Crystal Palace,1.4,1.6,1.2,4.6,1.0,1.6,0.6,2.8,2.2,2.0,1.2,1.8,1.0,0.0,0.0,2.6,3.0,6.0,1.67,4.0,5.0,0.5988023952095809,0.25,0.2,1.91,1.99,0.5235602094240838,0.5025125628140703,H,2,1,1,1
2023-12-27,2023/24,Everton,Manchester City,1.8,0.4,2.4,5.6,1.6,1.6,1.2,5.2,1.8,0.8,1.8,1.4,0.0,0.2,0.8,2.8,4.0,11.0,5.75,4.0,1.57,0.17391304347826086,0.25,0.6369426751592356,1.73,2.08,0.5780346820809249,0.4807692307692307,A,1,3,1,1
2023-12-28,2023/24,Brighton & Hove Albion,Tottenham Hotspur,1.2,1.6,1.0,6.8,2.4,1.4,2.0,7.0,1.4,1.2,1.8,1.2,0.4,0.0,0.6,1.6,7.0,5.0,2.5,3.6,2.6,0.4,0.2777777777777778,0.3846153846153846,1.44,2.7,0.6944444444444444,0.37037037037037035,H,4,2,1,1
2023-12-28,2023/24,Arsenal,West Ham United,1.8,1.2,2.0,6.2,1.6,1.4,2.0,4.4,2.6,0.4,1.4,2.8,0.6,0.4,0.0,3.8,5.0,5.0,1.33,5.5,7.5,0.7518796992481203,0.18181818181818182,0.13333333333333333,1.57,2.35,0.6369426751592356,0.425531914893617,A,0,2,0,0
2023-12-30,2023/24,Luton Town,Chelsea,1.8,2.2,1.2,3.2,1.2,1.4,1.2,4.4,1.6,1.6,1.4,2.2,0.0,0.0,1.0,3.0,4.0,3.0,6.5,4.2,1.5,0.15384615384615385,0.23809523809523808,0.6666666666666666,1.65,2.2,0.6060606060606061,0.45454545454545453,A,2,3,1,1
2023-12-30,2023/24,Aston Villa,Burnley,1.4,1.0,2.0,4.6,0.6,1.2,0.8,2.0,1.8,0.6,1.0,1.4,0.4,0.4,0.2,3.0,4.0,4.0,1.36,5.25,7.5,0.7352941176470588,0.19047619047619047,0.13333333333333333,1.57,2.35,0.6369426751592356,0.425531914893617,H,3,2,1,1
2023-12-30,2023/24,Crystal Palace,Brentford,1.0,1.8,0.4,3.4,1.2,2.0,0.6,3.8,1.0,2.0,0.8,1.6,0.0,1.0,0.0,1.2,3.0,3.0,2.2,3.3,3.4,0.45454545454545453,0.30303030303030304,0.29411764705882354,2.15,1.67,0.46511627906976744,0.5988023952095809,H,3,1,1,1
2023-12-30,2023/24,Manchester City,Sheffield United,2.0,1.6,1.6,6.0,0.8,1.6,0.8,2.8,2.8,1.6,0.4,2.8,1.0,0.0,0.0,1.6666666666666667,3.0,4.0,1.08,11.0,29.0,0.9259259259259258,0.09090909090909091,0.034482758620689655,1.3,3.5,0.7692307692307692,0.2857142857142857,H,2,0,0,0
2023-12-30,2023/24,Wolverhampton Wanderers,Everton,1.6,1.2,2.0,4.4,1.8,1.0,1.8,5.4,1.6,1.0,1.6,0.8,0.8,0.2,0.0,2.0,3.0,3.0,2.63,3.3,2.7,0.3802281368821293,0.30303030303030304,0.37037037037037035,2.05,1.75,0.48780487804878053,0.5714285714285714,H,3,0,1,0
2023-12-30,2023/24,Nottingham Forest,Manchester United,1.2,2.4,0.8,3.0,1.0,1.6,1.4,4.6,1.2,1.8,0.8,0.6,0.0,0.0,1.0,3.3333333333333335,4.0,4.0,3.2,3.6,2.15,0.3125,0.2777777777777778,0.46511627906976744,1.73,2.08,0.5780346820809249,0.4807692307692307,H,2,1,1,1
2023-12-31,2023/24,Fulham,Arsenal,2.0,1.6,1.2,5.2,1.4,1.4,1.4,6.6,2.6,1.0,1.2,1.2,0.0,0.4,0.6,3.0,5.0,3.0,5.25,4.5,1.55,0.19047619047619047,0.2222222222222222,0.6451612903225806,1.73,2.08,0.5780346820809249,0.4807692307692307,H,2,1,1,1
2023-12-31,2023/24,Tottenham Hotspur,AFC Bournemouth,2.2,1.6,1.8,6.8,2.6,0.8,2.6,5.2,1.8,2.0,2.4,1.8,0.6666666666666666,0.0,0.3333333333333333,4.0,3.0,5.0,1.75,4.2,4.0,0.5714285714285714,0.23809523809523808,0.25,1.4,2.88,0.7142857142857143,0.3472222222222222,H,3,1,1,1
2024-01-01,2023/24,Liverpool,Newcastle United,1.4,0.4,2.2,6.2,1.0,2.2,0.6,5.0,2.2,0.8,0.6,2.4,1.0,0.0,0.0,2.6,6.0,6.0,1.45,4.5,7.0,0.6896551724137931,0.2222222222222222,0.14285714285714285,1.44,2.7,0.6944444444444444,0.37037037037037035,H,4,2,1,1
2024-01-02,2023/24,West Ham United,Brighton & Hove Albion,1.8,1.2,2.4,4.4,1.6,1.4,1.6,6.8,1.8,0.8,1.4,1.8,0.2,0.2,0.6,3.2,5.0,5.0,2.45,3.75,2.75,0.4081632653061224,0.26666666666666666,0.36363636363636365,1.6,2.3,0.625,0.4347826086956522,D,0,0,0,0
2024-01-12,2023/24,Burnley,Luton Town,1.0,1.6,0.8,2.4,2.0,2.2,1.2,4.2,1.2,1.6,1.4,2.2,1.0,0.0,0.0,3.0,13.0,13.0,2.0,3.6,3.6,0.5,0.2777777777777778,0.2777777777777778,1.99,1.91,0.5025125628140703,0.5235602094240838,D,1,1,0,1
2024-01-13,2023/24,Chelsea,Fulham,1.6,1.4,1.8,5.4,1.4,1.8,1.2,4.8,2.2,1.8,1.0,2.8,0.6,0.2,0.2,1.6,14.0,13.0,1.6,4.2,5.25,0.625,0.23809523809523808,0.19047619047619047,1.62,2.25,0.6172839506172839,0.4444444444444444,H,1,0,0,0
2024-01-13,2023/24,Newcastle United,Manchester City,1.4,2.4,0.6,5.0,1.8,1.0,2.0,6.0,2.0,0.8,2.4,1.4,0.0,0.2,0.8,3.6,12.0,14.0,5.5,4.33,1.55,0.18181818181818182,0.23094688221709006,0.6451612903225806,1.6,2.3,0.625,0.4347826086956522,A,2,3,1,1
2024-01-14,2023/24,Everton,Aston Villa,1.2,1.6,1.2,4.2,1.8,1.4,2.0,4.6,1.4,1.4,1.6,1.8,0.0,0.0,1.0,2.6,15.0,15.0,2.8,3.5,2.45,0.35714285714285715,0.2857142857142857,0.4081632653061224,1.73,2.08,0.5780346820809249,0.4807692307692307,D,0,0,0,0
2024-01-14,2023/24,Manchester United,Tottenham Hotspur,0.8,1.8,0.8,3.8,2.6,1.4,2.4,6.6,1.2,1.8,2.0,2.0,0.6,0.2,0.2,3.2,15.0,14.0,2.2,3.75,3.0,0.45454545454545453,0.26666666666666666,0.3333333333333333,1.48,2.6,0.6756756756756757,0.3846153846153846,D,2,2,1,1
2024-01-20,2023/24,Arsenal,Crystal Palace,0.8,1.2,0.8,5.4,1.6,1.6,1.0,4.0,2.4,0.8,1.4,1.4,0.6,0.2,0.2,3.0,20.0,21.0,1.3,5.75,9.0,0.7692307692307692,0.17391304347826086,0.1111111111111111,1.73,2.08,0.5780346820809249,0.4807692307692307,H,5,0,1,0
2024-01-20,2023/24,Brentford,Nottingham Forest,0.8,2.4,0.0,3.4,1.6,1.6,1.4,3.2,1.6,2.0,1.2,2.6,0.3333333333333333,0.6666666666666666,0.0,3.0,21.0,21.0,1.91,3.6,4.0,0.5235602094240838,0.2777777777777778,0.25,1.86,2.04,0.5376344086021505,0.49019607843137253,H,3,2,1,1
2024-01-21,2023/24,Sheffield United,West Ham United,0.8,1.6,0.8,3.0,1.4,1.0,2.0,3.8,1.2,1.8,1.6,2.0,0.0,0.0,1.0,2.0,22.0,19.0,3.4,3.3,2.2,0.29411764705882354,0.30303030303030304,0.45454545454545453,2.05,1.75,0.48780487804878053,0.5714285714285714,D,2,2,1,1
2024-01-21,2023/24,AFC Bournemouth,Liverpool,2.4,1.0,2.4,4.6,1.8,0.8,2.2,7.6,2.0,1.0,1.6,0.6,0.3333333333333333,0.0,0.6666666666666666,4.666666666666667,21.0,20.0,4.2,4.5,1.7,0.23809523809523808,0.2222222222222222,0.5882352941176471,1.44,2.7,0.6944444444444444,0.37037037037037035,A,0,4,1,0
2024-01-22,2023/24,Brighton & Hove Albion,Wolverhampton Wanderers,1.2,1.2,1.2,7.0,2.0,1.2,2.0,4.8,1.8,1.2,1.6,2.2,0.8,0.0,0.2,4.0,20.0,23.0,1.65,4.33,5.0,0.6060606060606061,0.23094688221709006,0.2,1.62,2.25,0.6172839506172839,0.4444444444444444,D,0,0,0,0
2024-01-30,2023/24,Nottingham Forest,Arsenal,1.8,2.0,1.2,3.4,1.8,1.0,1.4,5.6,1.2,2.0,1.4,1.4,0.3333333333333333,0.0,0.6666666666666666,3.0,10.0,10.0,7.5,5.0,1.4,0.13333333333333333,0.2,0.7142857142857143,1.62,2.25,0.6172839506172839,0.4444444444444444,A,1,2,1,1
2024-01-30,2023/24,Fulham,Everton,0.4,2.0,0.6,4.0,0.8,1.6,0.8,3.6,3.0,1.0,1.4,1.4,0.6,0.2,0.2,2.4,17.0,16.0,2.45,3.2,3.0,0.4081632653061224,0.3125,0.3333333333333333,2.05,1.75,0.48780487804878053,0.5714285714285714,D,0,0,0,0
2024-01-30,2023/24,Luton Town,Brighton & Hove Albion,1.6,1.6,1.4,4.4,1.0,1.0,1.2,5.6,1.8,2.0,1.2,1.6,0.0,0.0,1.0,5.0,18.0,8.0,4.2,4.2,1.75,0.23809523809523808,0.23809523809523808,0.5714285714285714,1.65,2.2,0.6060606060606061,0.45454545454545453,H,4,0,1,0
2024-01-30,2023/24,Crystal Palace,Sheffield United,1.4,2.2,1.0,4.2,1.0,2.0,0.4,3.4,1.4,1.8,0.4,2.2,1.0,0.0,0.0,1.6666666666666667,10.0,9.0,1.62,3.6,6.5,0.6172839506172839,0.2777777777777778,0.15384615384615385,2.08,1.73,0.4807692307692307,0.5780346820809249,H,3,2,1,1
2024-01-30,2023/24,Aston Villa,Newcastle United,1.6,1.4,1.6,5.0,1.6,2.2,0.6,5.4,1.8,0.8,0.6,2.8,0.4,0.0,0.6,3.2,16.0,17.0,1.85,4.0,3.8,0.5405405405405405,0.25,0.2631578947368421,1.5,2.5,0.6666666666666666,0.4,A,1,3,1,1
2024-01-31,2023/24,Tottenham Hotspur,Brentford,2.2,1.6,2.0,5.4,1.2,2.4,0.6,4.0,2.2,1.4,0.8,1.8,0.2,0.6,0.2,2.8,17.0,11.0,1.67,4.2,4.75,0.5988023952095809,0.23809523809523808,0.21052631578947367,1.5,2.5,0.6666666666666666,0.4,H,3,2,1,1
2024-01-31,2023/24,Liverpool,Chelsea,2.2,0.6,2.2,8.6,1.8,1.0,2.4,5.2,2.4,1.2,1.2,2.4,0.0,1.0,0.0,1.6,10.0,18.0,1.57,4.33,5.25,0.6369426751592356,0.23094688221709006,0.19047619047619047,1.44,2.7,0.6944444444444444,0.37037037037037035,H,4,1,1,1
2024-01-31,2023/24,Manchester City,Burnley,2.4,1.2,2.6,7.8,1.0,1.6,0.8,3.2,2.8,1.4,1.2,1.6,1.0,0.0,0.0,2.8,18.0,19.0,1.08,12.0,21.0,0.9259259259259258,0.08333333333333333,0.047619047619047616,1.33,3.4,0.7518796992481203,0.29411764705882354,H,3,1,1,1
2024-02-01,2023/24,West Ham United,AFC Bournemouth,1.8,0.4,2.2,3.8,2.0,1.8,1.8,4.0,1.8,0.6,2.4,1.2,0.6666666666666666,0.3333333333333333,0.0,2.6666666666666665,11.0,11.0,2.4,3.75,2.75,0.4166666666666667,0.26666666666666666,0.36363636363636365,1.62,2.25,0.6172839506172839,0.4444444444444444,D,1,1,0,1
2024-02-01,2023/24,Wolverhampton Wanderers,Manchester United,1.8,1.0,2.0,4.6,1.2,1.6,1.0,3.6,1.8,0.6,0.8,1.0,0.2,0.0,0.8,1.2,10.0,18.0,2.63,3.6,2.55,0.3802281368821293,0.2777777777777778,0.3921568627450981,1.75,2.05,0.5714285714285714,0.48780487804878053,A,3,4,1,1
2024-02-03,2023/24,Everton,Tottenham Hotspur,0.4,1.6,0.4,3.2,2.4,2.0,2.0,5.2,1.2,1.2,2.0,2.2,0.0,0.4,0.6,2.4,4.0,3.0,3.0,3.6,2.25,0.3333333333333333,0.2777777777777778,0.4444444444444444,1.62,2.25,0.6172839506172839,0.4444444444444444,D,2,2,1,1
2024-02-03,2023/24,Brighton & Hove Albion,Crystal Palace,1.0,1.4,1.2,5.8,1.6,2.2,1.4,4.6,1.6,1.0,1.0,2.4,0.2,0.8,0.0,1.8,4.0,4.0,1.7,4.0,4.75,0.5882352941176471,0.25,0.21052631578947367,1.73,2.08,0.5780346820809249,0.4807692307692307,H,4,1,1,1
2024-02-03,2023/24,Burnley,Fulham,1.2,1.8,0.8,3.4,0.4,1.4,0.8,4.4,1.4,1.4,0.8,2.8,0.6666666666666666,0.3333333333333333,0.0,2.0,3.0,4.0,2.9,3.4,2.38,0.3448275862068966,0.29411764705882354,0.42016806722689076,1.99,1.91,0.5025125628140703,0.5235602094240838,D,2,2,1,1
2024-02-03,2023/24,Newcastle United,Luton Town,1.6,2.4,0.6,4.4,2.2,1.2,2.0,5.6,2.2,1.4,1.2,2.0,0.0,0.0,1.0,1.0,4.0,4.0,1.44,4.75,6.5,0.6944444444444444,0.21052631578947367,0.15384615384615385,1.57,2.35,0.6369426751592356,0.425531914893617,D,4,4,1,1
2024-02-03,2023/24,Sheffield United,Aston Villa,1.4,2.2,0.4,4.2,1.4,1.8,1.0,5.2,1.2,2.0,1.6,1.4,0.3333333333333333,0.3333333333333333,0.3333333333333333,1.3333333333333333,4.0,4.0,5.25,4.2,1.62,0.19047619047619047,0.23809523809523808,0.6172839506172839,1.62,2.25,0.6172839506172839,0.4444444444444444,A,0,5,1,0
2024-02-04,2023/24,Manchester United,West Ham United,2.0,2.2,1.4,5.0,1.4,0.6,1.8,3.6,1.6,1.6,1.6,1.8,0.6,0.0,0.4,1.6,3.0,3.0,1.62,4.2,5.0,0.6172839506172839,0.23809523809523808,0.2,1.6,2.3,0.625,0.4347826086956522,H,3,0,1,0
2024-02-04,2023/24,Arsenal,Liverpool,1.8,1.2,1.4,4.4,3.0,0.8,2.6,9.6,2.4,0.8,2.2,0.4,0.2,0.4,0.4,3.4,5.0,4.0,2.2,3.6,3.1,0.45454545454545453,0.2777777777777778,0.3225806451612903,1.67,2.15,0.5988023952095809,0.46511627906976744,H,3,1,1,1
2024-02-04,2023/24,AFC Bournemouth,Nottingham Forest,1.6,2.0,1.4,4.0,2.0,2.0,1.2,3.8,1.8,1.4,1.6,2.6,0.6666666666666666,0.3333333333333333,0.0,4.0,3.0,5.0,1.7,4.2,4.5,0.5882352941176471,0.23809523809523808,0.2222222222222222,1.65,2.2,0.6060606060606061,0.45454545454545453,D,1,1,0,1
2024-02-04,2023/24,Chelsea,Wolverhampton Wanderers,1.6,1.8,1.8,4.6,2.4,1.2,2.0,5.4,2.4,1.4,1.4,1.8,0.2,0.4,0.4,2.2,4.0,3.0,1.62,4.0,5.5,0.6172839506172839,0.25,0.18181818181818182,1.7,2.1,0.5882352941176471,0.47619047619047616,A,2,4,1,1
2024-02-05,2023/24,Brentford,Manchester City,1.6,2.8,0.6,4.2,2.6,1.2,2.6,7.4,1.6,2.0,2.4,1.8,0.5,0.0,0.5,1.75,5.0,5.0,7.0,4.75,1.4,0.14285714285714285,0.21052631578947367,0.7142857142857143,1.57,2.35,0.6369426751592356,0.425531914893617,A,1,3,1,1
2024-02-10,2023/24,Fulham,AFC Bournemouth,0.8,1.4,1.0,4.8,1.2,1.8,1.0,3.0,2.4,0.6,2.0,1.2,0.0,0.3333333333333333,0.6666666666666666,3.3333333333333335,7.0,6.0,2.38,3.5,2.8,0.42016806722689076,0.2857142857142857,0.35714285714285715,1.73,2.08,0.5780346820809249,0.4807692307692307,H,3,1,1,1
2024-02-10,2023/24,Luton Town,Sheffield United,2.8,2.0,1.6,6.2,1.2,3.0,0.2,4.8,2.2,1.8,0.6,2.6,1.0,0.0,0.0,5.0,7.0,7.0,1.75,3.75,4.75,0.5714285714285714,0.26666666666666666,0.21052631578947367,1.85,2.05,0.5405405405405405,0.48780487804878053,A,1,3,1,1
2024-02-10,2023/24,Liverpool,Burnley,3.0,1.2,2.4,9.2,1.2,2.2,0.4,3.8,2.6,1.4,1.2,1.6,0.8,0.0,0.2,1.8,6.0,7.0,1.17,8.0,17.0,0.8547008547008548,0.125,0.058823529411764705,1.33,3.4,0.7518796992481203,0.29411764705882354,H,3,1,1,1
2024-02-10,2023/24,Wolverhampton Wanderers,Brentford,2.8,1.4,2.0,5.6,1.6,3.0,0.6,4.2,2.0,1.2,0.8,2.4,0.6,0.2,0.2,2.8,6.0,5.0,2.1,3.6,3.4,0.47619047619047616,0.2777777777777778,0.29411764705882354,1.75,2.05,0.5714285714285714,0.48780487804878053,A,0,2,0,0
2024-02-10,2023/24,Tottenham Hotspur,Brighton & Hove Albion,2.4,2.2,1.6,5.2,1.6,1.4,1.6,5.8,2.6,1.4,0.6,2.0,0.6,0.0,0.4,2.6,7.0,7.0,1.8,4.2,3.8,0.5555555555555556,0.23809523809523808,0.2631578947368421,1.4,2.88,0.7142857142857143,0.3472222222222222,H,2,1,1,1
2024-02-10,2023/24,Nottingham Forest,Newcastle United,1.8,1.6,1.4,4.0,2.4,3.0,0.8,5.2,1.0,1.8,1.2,2.6,0.3333333333333333,0.0,0.6666666666666666,3.0,6.0,7.0,3.3,3.75,2.05,0.30303030303030304,0.26666666666666666,0.48780487804878053,1.7,2.1,0.5882352941176471,0.47619047619047616,A,2,3,1,1
2024-02-10,2023/24,Manchester City,Everton,2.8,1.0,3.0,8.6,0.6,1.6,0.6,2.6,2.2,1.4,0.8,1.0,0.8,0.2,0.0,2.6,5.0,7.0,1.18,8.0,13.0,0.8474576271186441,0.125,0.07692307692307693,1.44,2.7,0.6944444444444444,0.37037037037037035,H,2,0,0,0
2024-02-11,2023/24,West Ham United,Arsenal,1.0,1.2,1.2,3.2,2.2,1.2,1.8,5.4,1.4,0.4,1.6,1.6,0.2,0.2,0.6,3.0,7.0,7.0,6.0,4.33,1.53,0.16666666666666666,0.23094688221709006,0.6535947712418301,1.67,2.15,0.5988023952095809,0.46511627906976744,A,0,6,1,0
2024-02-11,2023/24,Aston Villa,Manchester United,2.2,1.6,1.4,6.4,2.6,1.8,2.0,5.4,1.4,1.2,1.0,1.6,0.4,0.2,0.4,3.0,8.0,7.0,2.15,3.75,3.1,0.46511627906976744,0.26666666666666666,0.3225806451612903,1.53,2.4,0.6535947712418301,0.4166666666666667,A,1,2,1,1
2024-02-12,2023/24,Crystal Palace,Chelsea,1.6,2.8,1.2,5.0,1.8,2.2,1.8,4.8,1.6,1.6,1.2,2.4,0.0,0.0,1.0,2.2,9.0,8.0,4.2,3.8,1.85,0.23809523809523808,0.2631578947368421,0.5405405405405405,1.86,2.04,0.5376344086021505,0.49019607843137253,A,1,3,1,1
2024-02-17,2023/24,Brentford,Liverpool,1.8,2.2,1.2,4.6,3.2,1.4,2.4,9.2,1.8,2.4,2.2,0.8,0.2,0.2,0.6,3.4,7.0,7.0,5.5,4.33,1.57,0.18181818181818182,0.23094688221709006,0.6369426751592356,1.48,2.6,0.6756756756756757,0.3846153846153846,A,1,4,1,1
2024-02-17,2023/24,Burnley,Arsenal,1.4,2.4,0.4,4.6,3.4,0.8,2.4,6.2,1.6,1.4,2.0,1.0,0.2,0.4,0.4,1.6,7.0,6.0,10.0,5.75,1.29,0.1,0.17391304347826086,0.7751937984496123,1.57,2.35,0.6369426751592356,0.425531914893617,A,0,5,1,0
2024-02-17,2023/24,Fulham,Aston Villa,1.4,1.0,1.6,5.4,2.0,1.4,1.4,7.6,2.0,0.8,2.2,1.2,0.2,0.0,0.8,3.0,7.0,6.0,2.9,3.75,2.2,0.3448275862068966,0.26666666666666666,0.45454545454545453,1.6,2.3,0.625,0.4347826086956522,A,1,2,1,1
2024-02-17,2023/24,Newcastle United,AFC Bournemouth,2.8,2.8,1.4,4.8,0.8,2.4,0.4,3.0,2.2,2.0,1.8,1.8,0.0,0.6666666666666666,0.3333333333333333,2.0,7.0,7.0,1.83,4.2,3.75,0.5464480874316939,0.23809523809523808,0.26666666666666666,1.48,2.6,0.6756756756756757,0.3846153846153846,D,2,2,1,1
2024-02-17,2023/24,Nottingham Forest,West Ham United,1.6,2.0,0.8,3.4,0.6,2.4,0.6,2.8,1.4,2.2,1.2,2.2,0.3333333333333333,0.0,0.6666666666666666,3.3333333333333335,7.0,6.0,2.38,3.5,2.9,0.42016806722689076,0.2857142857142857,0.3448275862068966,1.89,2.01,0.5291005291005292,0.49751243781094534,H,2,0,0,0
2024-02-17,2023/24,Tottenham Hotspur,Wolverhampton Wanderers,2.4,1.6,2.2,5.8,2.0,1.6,1.4,5.6,2.8,1.2,1.8,1.6,0.4,0.0,0.6,1.6,7.0,7.0,1.53,4.75,5.25,0.6535947712418301,0.21052631578947367,0.19047619047619047,1.44,2.7,0.6944444444444444,0.37037037037037035,A,1,2,1,1
2024-02-17,2023/24,Manchester City,Chelsea,2.6,0.8,3.0,7.4,2.0,2.2,1.8,5.0,2.4,1.2,1.6,2.2,0.8,0.2,0.0,2.4,7.0,5.0,1.33,5.5,8.0,0.7518796992481203,0.18181818181818182,0.125,1.44,2.7,0.6944444444444444,0.37037037037037035,D,1,1,0,1
2024-02-18,2023/24,Sheffield United,Brighton & Hove Albion,1.4,2.6,0.8,4.2,1.0,1.4,1.0,4.6,1.0,2.4,0.4,1.8,0.3333333333333333,0.6666666666666666,0.0,1.6666666666666667,8.0,8.0,5.0,4.2,1.62,0.2,0.23809523809523808,0.6172839506172839,1.57,2.35,0.6369426751592356,0.425531914893617,A,0,5,1,0
2024-02-18,2023/24,Luton Town,Manchester United,2.4,2.2,1.0,6.4,2.4,1.6,2.0,5.0,1.8,1.6,1.4,1.6,0.0,0.0,1.0,1.0,8.0,7.0,4.0,4.0,1.8,0.25,0.25,0.5555555555555556,1.57,2.35,0.6369426751592356,0.425531914893617,A,1,2,1,1
2024-02-19,2023/24,Everton,Crystal Palace,0.4,1.4,0.6,2.4,1.6,3.0,1.2,4.8,1.6,1.0,1.0,2.8,0.6,0.2,0.2,3.4,9.0,7.0,1.7,3.6,5.25,0.5882352941176471,0.2777777777777778,0.19047619047619047,2.1,1.7,0.47619047619047616,0.5882352941176471,D,1,1,0,1
2024-02-20,2023/24,Manchester City,Brentford,2.4,1.0,2.6,7.6,1.8,2.4,1.2,5.0,2.0,0.8,1.2,1.8,0.6,0.0,0.4,2.2,3.0,3.0,1.18,8.0,13.0,0.8474576271186441,0.125,0.07692307692307693,1.33,3.4,0.7518796992481203,0.29411764705882354,H,1,0,0,0
2024-02-21,2023/24,Liverpool,Luton Town,3.2,1.2,2.4,7.8,2.2,2.0,1.0,6.0,2.4,1.0,1.8,2.2,0.0,1.0,0.0,2.0,4.0,3.0,1.2,7.0,13.0,0.8333333333333334,0.14285714285714285,0.07692307692307693,1.3,3.5,0.7692307692307692,0.2857142857142857,H,4,1,1,1
2024-02-24,2023/24,Aston Villa,Nottingham Forest,1.8,1.2,1.4,6.8,1.6,1.8,0.8,4.6,1.4,1.6,1.4,2.2,0.3333333333333333,0.3333333333333333,0.3333333333333333,2.0,7.0,7.0,1.53,4.5,5.75,0.6535947712418301,0.2222222222222222,0.17391304347826086,1.57,2.35,0.6369426751592356,0.425531914893617,H,4,2,1,1
2024-02-24,2023/24,Brighton & Hove Albion,Everton,2.0,1.4,1.4,5.0,0.6,1.0,0.8,3.2,2.2,1.0,0.6,1.4,0.4,0.2,0.4,4.0,6.0,5.0,1.83,3.8,4.2,0.5464480874316939,0.2631578947368421,0.23809523809523808,1.65,2.2,0.6060606060606061,0.45454545454545453,D,1,1,0,1
2024-02-24,2023/24,Crystal Palace,Burnley,1.2,3.0,0.8,4.4,1.0,2.8,0.4,3.6,1.8,1.8,1.4,2.0,0.2,0.4,0.4,2.8,5.0,7.0,1.95,3.5,4.0,0.5128205128205129,0.2857142857142857,0.25,2.1,1.7,0.47619047619047616,0.5882352941176471,H,3,0,1,0
2024-02-24,2023/24,Manchester United,Fulham,2.6,1.4,2.6,5.8,1.2,1.2,1.0,5.4,2.0,1.6,1.0,2.6,0.8,0.2,0.0,2.4,6.0,7.0,1.57,4.33,5.5,0.6369426751592356,0.23094688221709006,0.18181818181818182,1.57,2.35,0.6369426751592356,0.425531914893617,A,1,2,1,1
2024-02-24,2023/24,AFC Bournemouth,Manchester City,1.0,2.2,0.6,3.6,2.0,0.6,2.6,7.6,1.6,1.4,2.2,1.2,0.0,0.0,1.0,5.333333333333333,7.0,4.0,7.0,5.25,1.4,0.14285714285714285,0.19047619047619047,0.7142857142857143,1.48,2.6,0.6756756756756757,0.3846153846153846,A,0,1,0,0
2024-02-24,2023/24,Arsenal,Newcastle United,4.2,0.4,3.0,7.0,2.8,2.4,1.6,5.2,2.4,0.8,1.8,2.4,0.4,0.2,0.4,1.4,7.0,7.0,1.36,5.25,8.0,0.7352941176470588,0.19047619047619047,0.125,1.48,2.6,0.6756756756756757,0.3846153846153846,H,4,1,1,1
2024-02-25,2023/24,Wolverhampton Wanderers,Sheffield United,1.8,1.8,1.4,5.8,1.4,3.2,0.8,4.0,1.8,1.6,1.2,1.8,0.6666666666666666,0.0,0.3333333333333333,2.0,8.0,7.0,1.44,4.75,7.0,0.6944444444444444,0.21052631578947367,0.14285714285714285,1.65,2.2,0.6060606060606061,0.45454545454545453,H,1,0,0,0
2024-02-26,2023/24,West Ham United,Brentford,0.6,2.8,0.4,3.0,1.2,2.2,0.6,4.4,1.2,1.4,1.0,1.6,0.0,0.0,1.0,2.8,9.0,6.0,2.5,3.5,2.75,0.4,0.2857142857142857,0.36363636363636365,1.7,2.1,0.5882352941176471,0.47619047619047616,H,4,2,1,1
2024-03-02,2023/24,Newcastle United,Wolverhampton Wanderers,2.6,2.6,1.6,4.6,2.0,1.8,1.8,5.6,2.4,2.4,2.0,1.4,0.4,0.4,0.2,2.6,7.0,6.0,1.91,4.0,3.6,0.5235602094240838,0.25,0.2777777777777778,1.57,2.35,0.6369426751592356,0.425531914893617,H,3,0,1,0
2024-03-02,2023/24,Brentford,Chelsea,1.2,2.4,0.6,5.0,1.6,2.0,1.4,4.6,1.4,3.0,1.8,2.0,0.6,0.2,0.2,2.0,5.0,14.0,3.1,3.75,2.15,0.3225806451612903,0.26666666666666666,0.46511627906976744,1.53,2.4,0.6535947712418301,0.4166666666666667,D,2,2,1,1
2024-03-02,2023/24,Fulham,Brighton & Hove Albion,1.6,1.2,1.6,5.6,2.2,1.6,1.4,5.6,1.2,1.2,1.4,1.4,0.4,0.6,0.0,1.2,7.0,7.0,2.55,3.6,2.63,0.3921568627450981,0.2777777777777778,0.3802281368821293,1.62,2.25,0.6172839506172839,0.4444444444444444,H,3,0,1,0
2024-03-02,2023/24,Tottenham Hotspur,Crystal Palace,2.0,1.8,1.6,5.4,1.8,2.0,1.4,4.6,2.2,1.4,1.0,2.8,0.8,0.0,0.2,2.8,14.0,7.0,1.5,4.33,6.5,0.6666666666666666,0.23094688221709006,0.15384615384615385,1.53,2.4,0.6535947712418301,0.4166666666666667,H,3,1,1,1
2024-03-02,2023/24,Nottingham Forest,Liverpool,1.6,2.0,0.8,4.6,3.2,1.4,2.4,9.0,1.8,1.8,2.6,1.0,0.3333333333333333,0.0,0.6666666666666666,3.0,7.0,10.0,6.0,4.33,1.53,0.16666666666666666,0.23094688221709006,0.6535947712418301,1.48,2.6,0.6756756756756757,0.3846153846153846,A,0,1,0,0
2024-03-02,2023/24,Luton Town,Aston Villa,2.2,2.6,0.8,5.6,2.6,1.6,1.8,7.0,1.8,1.6,2.2,1.0,0.0,0.0,1.0,4.0,10.0,7.0,4.33,4.2,1.73,0.23094688221709006,0.23809523809523808,0.5780346820809249,1.44,2.7,0.6944444444444444,0.37037037037037035,A,2,3,1,1
2024-03-02,2023/24,Everton,West Ham United,0.8,1.2,0.8,3.4,1.0,2.8,0.8,3.2,1.2,1.2,0.8,2.4,0.4,0.0,0.6,1.6,7.0,5.0,2.05,3.6,3.5,0.48780487804878053,0.2777777777777778,0.2857142857142857,1.92,1.98,0.5208333333333334,0.5050505050505051,A,1,3,1,1
2024-03-03,2023/24,Burnley,AFC Bournemouth,0.8,3.2,0.2,2.2,1.0,1.6,0.6,4.2,0.6,2.4,1.6,2.2,0.0,0.0,1.0,3.0,8.0,8.0,3.75,3.6,1.95,0.26666666666666666,0.2777777777777778,0.5128205128205129,1.7,2.1,0.5882352941176471,0.47619047619047616,A,0,2,0,0
2024-03-03,2023/24,Manchester City,Manchester United,1.6,0.4,2.6,8.0,2.4,1.4,2.4,7.2,1.8,0.4,1.8,1.8,0.8,0.0,0.2,4.4,8.0,8.0,1.25,5.75,11.0,0.8,0.17391304347826086,0.09090909090909091,1.36,3.1,0.7352941176470588,0.3225806451612903,H,3,1,1,1
2024-03-04,2023/24,Sheffield United,Arsenal,1.0,3.0,0.6,3.6,4.0,0.6,3.0,7.4,1.0,3.0,3.0,0.8,0.0,0.0,1.0,3.6666666666666665,8.0,9.0,17.0,7.0,1.18,0.058823529411764705,0.14285714285714285,0.8474576271186441,1.4,2.88,0.7142857142857143,0.3472222222222222,A,0,6,1,0
2024-03-09,2023/24,Manchester United,Everton,1.8,1.4,1.8,5.8,1.0,1.8,0.6,4.8,1.8,1.8,0.4,1.6,0.6,0.2,0.2,2.2,6.0,7.0,1.83,3.6,4.0,0.5464480874316939,0.2777777777777778,0.25,1.67,2.15,0.5988023952095809,0.46511627906976744,H,2,0,0,0
2024-03-09,2023/24,AFC Bournemouth,Sheffield United,1.2,1.4,1.0,4.0,0.6,3.6,0.6,2.6,1.2,1.6,1.2,1.6,1.0,0.0,0.0,4.0,6.0,5.0,1.33,5.25,8.0,0.7518796992481203,0.19047619047619047,0.125,1.53,2.4,0.6535947712418301,0.4166666666666667,D,2,2,1,1
2024-03-09,2023/24,Crystal Palace,Luton Town,1.4,2.2,0.8,4.0,1.8,3.2,0.2,5.0,2.2,1.4,2.0,2.8,0.0,0.0,1.0,3.0,7.0,7.0,1.75,3.8,4.2,0.5714285714285714,0.2631578947368421,0.23809523809523808,1.75,2.05,0.5714285714285714,0.48780487804878053,D,1,1,0,1
2024-03-09,2023/24,Wolverhampton Wanderers,Fulham,1.4,1.6,1.8,4.8,2.2,1.2,2.0,5.4,1.8,1.4,0.8,2.0,0.4,0.4,0.2,1.8,7.0,7.0,2.5,3.4,2.75,0.4,0.29411764705882354,0.36363636363636365,1.95,1.95,0.5128205128205129,0.5128205128205129,H,2,1,1,1
2024-03-09,2023/24,Arsenal,Brentford,4.8,0.4,3.0,8.8,1.4,2.2,0.8,5.4,2.8,0.8,1.4,2.2,0.6,0.2,0.2,2.2,5.0,7.0,1.22,7.0,11.0,0.819672131147541,0.14285714285714285,0.09090909090909091,1.44,2.7,0.6944444444444444,0.37037037037037035,H,2,1,1,1
2024-03-10,2023/24,Aston Villa,Tottenham Hotspur,3.0,1.4,2.4,7.4,2.2,1.6,2.0,5.4,2.0,2.0,2.2,2.2,0.6,0.0,0.4,3.0,8.0,8.0,2.38,4.0,2.6,0.42016806722689076,0.25,0.3846153846153846,1.36,3.1,0.7352941176470588,0.3225806451612903,A,0,4,1,0
2024-03-10,2023/24,Brighton & Hove Albion,Nottingham Forest,2.2,1.4,1.4,6.2,1.4,1.8,0.8,4.4,2.0,1.0,1.8,2.0,0.3333333333333333,0.3333333333333333,0.3333333333333333,3.0,8.0,8.0,1.8,4.0,4.0,0.5555555555555556,0.25,0.25,1.62,2.25,0.6172839506172839,0.4444444444444444,H,1,0,0,0
2024-03-10,2023/24,West Ham United,Burnley,1.4,2.8,1.2,3.6,0.6,3.0,0.2,2.8,1.4,1.8,1.2,2.4,0.6,0.4,0.0,1.8,8.0,7.0,1.67,4.0,4.75,0.5988023952095809,0.25,0.21052631578947367,1.7,2.1,0.5882352941176471,0.47619047619047616,D,2,2,1,1
2024-03-10,2023/24,Liverpool,Manchester City,2.6,1.2,2.4,6.8,1.6,0.4,2.6,6.6,3.2,1.2,2.4,1.0,0.2,0.6,0.2,3.2,8.0,7.0,3.0,3.75,2.2,0.3333333333333333,0.26666666666666666,0.45454545454545453,1.5,2.5,0.6666666666666666,0.4,D,1,1,0,1
2024-03-11,2023/24,Chelsea,Newcastle United,1.8,2.4,1.0,5.2,2.6,2.4,1.6,5.0,2.0,1.4,1.8,2.4,0.4,0.2,0.4,2.4,9.0,9.0,1.91,4.0,3.6,0.5235602094240838,0.25,0.2777777777777778,1.44,2.7,0.6944444444444444,0.37037037037037035,H,3,2,1,1
2024-03-13,2023/24,AFC Bournemouth,Luton Town,1.4,1.6,1.0,6.0,1.2,2.6,0.2,3.8,1.2,1.6,2.0,2.4,0.45,0.25,0.3,2.6,4.0,4.0,1.5,4.75,5.75,0.6666666666666666,0.21052631578947367,0.17391304347826086,1.44,2.7,0.6944444444444444,0.37037037037037035,H,4,3,1,1
2024-03-16,2023/24,Burnley,Brentford,0.6,3.0,0.2,2.8,1.2,2.6,0.2,5.0,0.6,2.4,1.4,2.0,0.3333333333333333,0.0,0.6666666666666666,3.0,6.0,7.0,3.25,3.6,2.15,0.3076923076923077,0.2777777777777778,0.46511627906976744,1.75,2.05,0.5714285714285714,0.48780487804878053,H,2,1,1,1
2024-03-16,2023/24,Luton Town,Nottingham Forest,1.6,2.8,0.2,3.6,1.2,1.8,0.6,4.0,2.0,2.2,1.6,2.0,0.0,1.0,0.0,4.0,3.0,6.0,2.8,3.5,2.45,0.35714285714285715,0.2857142857142857,0.4081632653061224,1.67,2.15,0.5988023952095809,0.46511627906976744,D,1,1,0,1
2024-03-16,2023/24,Fulham,Tottenham Hotspur,2.0,1.2,1.8,5.2,2.4,1.2,2.0,5.4,1.8,0.8,2.4,1.6,0.0,0.2,0.8,1.8,7.0,6.0,3.5,3.8,1.95,0.2857142857142857,0.2631578947368421,0.5128205128205129,1.48,2.6,0.6756756756756757,0.3846153846153846,H,3,0,1,0
2024-03-17,2023/24,West Ham United,Aston Villa,1.8,2.6,1.4,3.8,2.0,2.2,1.8,5.6,1.4,2.2,2.4,1.2,0.6,0.2,0.2,3.2,7.0,7.0,2.63,3.75,2.45,0.3802281368821293,0.26666666666666666,0.4081632653061224,1.57,2.35,0.6369426751592356,0.425531914893617,D,1,1,0,1
2024-03-30,2023/24,Nottingham Forest,Crystal Palace,1.0,1.4,0.8,4.6,1.4,1.6,1.0,3.8,1.4,1.4,0.8,3.0,0.3333333333333333,0.6666666666666666,0.0,1.0,14.0,21.0,2.2,3.3,3.4,0.45454545454545453,0.30303030303030304,0.29411764705882354,2.08,1.73,0.4807692307692307,0.5780346820809249,D,1,1,0,1
2024-03-30,2023/24,Newcastle United,West Ham United,2.2,2.2,1.4,4.4,2.0,1.6,1.6,4.6,2.4,2.4,1.4,1.6,0.2,0.6,0.2,4.0,19.0,13.0,1.83,4.2,3.8,0.5464480874316939,0.23809523809523808,0.2631578947368421,1.5,2.5,0.6666666666666666,0.4,H,4,3,1,1
2024-03-30,2023/24,AFC Bournemouth,Everton,2.0,1.6,1.6,7.2,0.6,1.8,0.4,5.0,1.4,2.2,0.2,1.6,0.3333333333333333,0.0,0.6666666666666666,2.3333333333333335,17.0,21.0,2.2,3.6,3.2,0.45454545454545453,0.2777777777777778,0.3125,1.7,2.1,0.5882352941176471,0.47619047619047616,H,2,1,1,1
2024-03-30,2023/24,Chelsea,Burnley,2.2,2.0,1.6,6.2,0.8,2.6,0.8,3.2,2.0,1.4,1.2,2.8,0.8,0.2,0.0,3.2,19.0,14.0,1.29,6.0,9.5,0.7751937984496123,0.16666666666666666,0.10526315789473684,1.48,2.6,0.6756756756756757,0.3846153846153846,D,2,2,1,1
2024-03-30,2023/24,Brentford,Manchester United,1.2,2.2,0.2,4.8,1.6,1.4,1.8,6.4,1.6,3.0,2.0,2.0,0.2,0.0,0.8,3.0,14.0,21.0,3.0,3.8,2.2,0.3333333333333333,0.2631578947368421,0.45454545454545453,1.53,2.4,0.6535947712418301,0.4166666666666667,D,1,1,0,1
2024-03-30,2023/24,Aston Villa,Wolverhampton Wanderers,2.0,2.0,2.0,4.6,1.0,1.4,1.8,4.0,1.8,2.6,2.0,1.4,0.0,0.4,0.6,2.6,13.0,21.0,1.6,4.33,5.0,0.625,0.23094688221709006,0.2,1.57,2.35,0.6369426751592356,0.425531914893617,H,2,0,0,0
2024-03-30,2023/24,Sheffield United,Fulham,1.0,3.0,0.8,3.4,2.0,1.0,1.8,5.4,0.8,4.2,1.0,1.8,0.0,0.3333333333333333,0.6666666666666666,2.3333333333333335,21.0,14.0,4.5,4.0,1.73,0.2222222222222222,0.25,0.5780346820809249,1.65,2.2,0.6060606060606061,0.45454545454545453,D,3,3,1,1
2024-03-30,2023/24,Tottenham Hotspur,Luton Town,2.0,1.4,1.8,5.2,1.6,2.6,0.4,3.6,2.4,1.4,2.0,2.8,1.0,0.0,0.0,1.0,14.0,14.0,1.2,8.0,11.0,0.8333333333333334,0.125,0.09090909090909091,1.25,4.0,0.8,0.25,H,2,1,1,1
2024-03-31,2023/24,Liverpool,Brighton & Hove Albion,2.6,0.8,2.6,7.8,1.6,1.2,1.4,5.6,3.2,1.2,1.2,1.8,0.2,0.6,0.2,3.8,21.0,21.0,1.36,5.5,7.5,0.7352941176470588,0.18181818181818182,0.13333333333333333,1.36,3.1,0.7352941176470588,0.3225806451612903,H,2,1,1,1
2024-03-31,2023/24,Manchester City,Arsenal,1.4,0.6,2.2,7.2,4.6,0.4,3.0,8.6,2.0,0.6,4.0,0.6,0.8,0.0,0.2,3.6,21.0,22.0,1.91,3.8,3.8,0.5235602094240838,0.2631578947368421,0.2631578947368421,1.7,2.1,0.5882352941176471,0.47619047619047616,D,0,0,0,0
2024-04-02,2023/24,Newcastle United,Everton,2.4,2.4,1.4,5.2,0.8,1.8,0.4,5.4,3.0,2.4,0.4,1.4,0.6,0.0,0.4,2.8,3.0,3.0,2.0,3.75,3.5,0.5,0.26666666666666666,0.2857142857142857,1.67,2.2,0.5988023952095809,0.45454545454545453,D,1,1,0,1
2024-04-02,2023/24,Nottingham Forest,Fulham,0.8,1.6,0.4,4.0,2.4,1.2,2.0,6.4,1.2,1.4,1.6,1.8,0.0,0.0,1.0,4.0,3.0,3.0,2.7,3.4,2.63,0.37037037037037035,0.29411764705882354,0.3802281368821293,1.8,2.0,0.5555555555555556,0.5,H,3,1,1,1
2024-04-02,2023/24,AFC Bournemouth,Crystal Palace,2.0,1.4,2.0,6.6,1.4,1.2,1.2,3.6,1.8,1.6,0.8,2.8,0.3333333333333333,0.0,0.6666666666666666,2.0,3.0,3.0,1.95,3.8,3.6,0.5128205128205129,0.2631578947368421,0.2777777777777778,1.73,2.1,0.5780346820809249,0.47619047619047616,H,1,0,0,0
2024-04-02,2023/24,Burnley,Wolverhampton Wanderers,1.2,2.0,1.0,4.6,1.0,1.4,1.8,3.6,1.0,2.2,1.2,1.6,0.6,0.2,0.2,1.8,3.0,3.0,2.45,3.6,2.75,0.4081632653061224,0.2777777777777778,0.36363636363636365,1.84,2.06,0.5434782608695652,0.4854368932038835,D,1,1,0,1
2024-04-02,2023/24,West Ham United,Tottenham Hotspur,2.6,2.0,1.6,4.8,2.0,1.4,1.8,4.8,1.6,2.4,2.0,2.2,0.4,0.2,0.4,2.4,3.0,3.0,3.3,4.2,1.95,0.30303030303030304,0.23809523809523808,0.5128205128205129,1.33,3.4,0.7518796992481203,0.29411764705882354,D,1,1,0,1
2024-04-03,2023/24,Arsenal,Luton Town,3.4,0.4,2.6,6.6,1.6,2.2,0.4,3.6,2.8,1.0,2.0,3.0,1.0,0.0,0.0,7.0,3.0,4.0,1.1,10.0,19.0,0.9090909090909091,0.1,0.05263157894736842,1.25,4.0,0.8,0.25,H,2,0,0,0
2024-04-03,2023/24,Brentford,Brighton & Hove Albion,1.4,2.2,0.4,5.4,1.6,1.2,1.4,5.6,1.6,2.4,1.4,2.2,0.2,0.2,0.6,2.8,4.0,3.0,2.38,3.8,2.75,0.42016806722689076,0.2631578947368421,0.36363636363636365,1.57,2.38,0.6369426751592356,0.42016806722689076,D,0,0,0,0
2024-04-03,2023/24,Manchester City,Aston Villa,1.2,0.4,2.2,6.4,2.0,1.8,2.0,5.0,1.4,0.4,2.2,0.8,0.6,0.2,0.2,3.0,3.0,4.0,1.3,6.0,8.0,0.7692307692307692,0.16666666666666666,0.125,1.4,3.0,0.7142857142857143,0.3333333333333333,H,4,1,1,1
2024-04-04,2023/24,Liverpool,Sheffield United,2.4,0.8,2.6,7.4,1.0,3.4,0.4,3.6,2.8,1.0,1.4,1.8,1.0,0.0,0.0,2.3333333333333335,4.0,5.0,1.09,12.0,21.0,0.9174311926605504,0.08333333333333333,0.047619047619047616,1.2,4.5,0.8333333333333334,0.2222222222222222,H,3,1,1,1
2024-04-04,2023/24,Chelsea,Manchester United,2.2,1.6,1.8,7.6,1.4,1.4,1.4,6.4,2.0,1.8,2.0,1.8,0.0,0.6,0.4,2.8,5.0,5.0,2.0,4.0,3.4,0.5,0.25,0.29411764705882354,1.4,3.0,0.7142857142857143,0.3333333333333333,H,4,3,1,1
2024-04-06,2023/24,Crystal Palace,Manchester City,1.2,1.2,1.0,3.2,1.8,0.6,2.2,6.4,2.2,1.4,2.2,1.0,0.2,0.4,0.4,2.6,4.0,3.0,9.5,5.25,1.33,0.10526315789473684,0.19047619047619047,0.7518796992481203,1.67,2.2,0.5988023952095809,0.45454545454545453,A,2,4,1,1
2024-04-06,2023/24,Aston Villa,Brentford,1.4,2.2,1.4,4.4,1.0,1.4,0.6,4.2,1.6,2.2,1.2,1.8,0.4,0.4,0.2,2.8,3.0,3.0,1.7,4.0,4.75,0.5882352941176471,0.25,0.21052631578947367,1.53,2.5,0.6535947712418301,0.4,D,3,3,1,1
2024-04-06,2023/24,Everton,Burnley,0.8,1.8,0.4,5.2,1.4,1.6,1.2,5.8,1.0,1.8,1.2,2.6,0.4,0.2,0.4,3.2,4.0,4.0,1.65,4.0,5.25,0.6060606060606061,0.25,0.19047619047619047,1.8,2.0,0.5555555555555556,0.5,H,1,0,0,0
2024-04-06,2023/24,Fulham,Newcastle United,2.2,1.6,1.4,6.0,2.2,2.2,1.4,5.4,2.0,0.6,2.2,2.8,0.0,0.2,0.8,2.6,4.0,4.0,2.38,3.8,2.8,0.42016806722689076,0.2631578947368421,0.35714285714285715,1.5,2.63,0.6666666666666666,0.3802281368821293,A,0,1,0,0
2024-04-06,2023/24,Luton Town,AFC Bournemouth,1.2,2.0,0.4,2.8,2.2,1.2,2.6,7.0,1.8,1.8,1.4,1.8,0.0,0.0,1.0,7.0,3.0,4.0,3.75,3.8,1.91,0.26666666666666666,0.2631578947368421,0.5235602094240838,1.5,2.63,0.6666666666666666,0.3802281368821293,H,2,1,1,1
2024-04-06,2023/24,Wolverhampton Wanderers,West Ham United,0.8,1.4,1.4,2.6,2.0,1.8,1.2,4.4,1.8,1.4,1.6,2.4,0.4,0.0,0.6,1.6,4.0,4.0,2.5,3.6,2.7,0.4,0.2777777777777778,0.37037037037037035,1.8,2.0,0.5555555555555556,0.5,A,1,2,1,1
2024-04-06,2023/24,Brighton & Hove Albion,Arsenal,0.6,1.2,1.0,4.8,2.8,0.4,2.6,6.0,2.0,0.8,3.8,0.2,0.4,0.2,0.4,2.8,3.0,3.0,5.0,4.33,1.62,0.2,0.23094688221709006,0.6172839506172839,1.62,2.3,0.6172839506172839,0.4347826086956522,A,0,3,1,0
2024-04-07,2023/24,Manchester United,Liverpool,1.6,2.0,0.8,5.6,2.2,0.8,2.6,7.6,2.2,1.2,2.4,0.8,0.2,0.2,0.6,3.8,3.0,3.0,4.75,4.5,1.6,0.21052631578947367,0.2222222222222222,0.625,1.33,3.4,0.7518796992481203,0.29411764705882354,D,2,2,1,1
2024-04-07,2023/24,Sheffield United,Chelsea,1.2,3.0,0.4,4.0,2.4,2.0,1.8,8.6,1.0,4.2,2.0,2.0,0.0,0.0,1.0,3.3333333333333335,3.0,3.0,7.0,5.25,1.4,0.14285714285714285,0.19047619047619047,0.7142857142857143,1.4,3.0,0.7142857142857143,0.3333333333333333,D,2,2,1,1
2024-04-07,2023/24,Tottenham Hotspur,Nottingham Forest,2.0,1.2,2.0,4.8,1.0,1.0,1.0,4.2,2.2,1.4,1.2,2.0,1.0,0.0,0.0,2.6666666666666665,5.0,5.0,1.4,5.5,6.5,0.7142857142857143,0.18181818181818182,0.15384615384615385,1.4,3.0,0.7142857142857143,0.3333333333333333,H,3,1,1,1
2024-04-13,2023/24,Newcastle United,Tottenham Hotspur,2.2,1.4,2.0,6.0,2.0,1.2,2.0,5.0,2.8,2.0,1.8,1.6,0.4,0.0,0.6,5.2,7.0,6.0,2.7,4.0,2.3,0.37037037037037035,0.25,0.4347826086956522,1.36,3.2,0.7352941176470588,0.3125,H,4,0,1,0
2024-04-13,2023/24,Brentford,Sheffield United,1.2,1.6,0.6,3.8,1.6,3.2,0.6,4.4,1.0,2.0,1.6,2.0,0.0,0.0,1.0,1.0,7.0,6.0,1.44,5.0,6.5,0.6944444444444444,0.2,0.15384615384615385,1.53,2.5,0.6535947712418301,0.4,H,2,0,0,0
2024-04-13,2023/24,Burnley,Brighton & Hove Albion,1.4,1.4,1.2,4.8,0.4,1.6,0.8,3.8,1.0,2.2,1.4,1.4,0.2,0.6,0.2,2.0,7.0,7.0,3.5,3.75,2.0,0.2857142857142857,0.26666666666666666,0.5,1.67,2.2,0.5988023952095809,0.45454545454545453,D,1,1,0,1
2024-04-13,2023/24,Manchester City,Luton Town,2.4,1.0,2.2,6.8,1.4,2.0,0.8,4.2,1.8,0.6,1.2,2.6,1.0,0.0,0.0,3.0,7.0,7.0,1.1,11.0,19.0,0.9090909090909091,0.09090909090909091,0.05263157894736842,1.29,3.75,0.7751937984496123,0.26666666666666666,H,5,1,1,1
2024-04-13,2023/24,Nottingham Forest,Wolverhampton Wanderers,1.2,1.4,1.0,5.0,0.8,1.8,0.8,3.6,1.6,1.2,1.4,1.8,0.0,0.6666666666666666,0.3333333333333333,1.6666666666666667,6.0,7.0,2.1,3.4,3.5,0.47619047619047616,0.29411764705882354,0.2857142857142857,1.86,2.04,0.5376344086021505,0.49019607843137253,D,2,2,1,1
2024-04-13,2023/24,AFC Bournemouth,Manchester United,2.0,1.6,2.0,6.6,1.8,2.0,1.0,4.8,1.8,1.4,1.8,2.0,0.3333333333333333,0.0,0.6666666666666666,2.3333333333333335,7.0,6.0,2.4,3.9,2.6,0.4166666666666667,0.25641025641025644,0.3846153846153846,1.44,2.75,0.6944444444444444,0.36363636363636365,D,2,2,1,1
2024-04-14,2023/24,Liverpool,Crystal Palace,1.8,1.0,2.2,6.4,1.0,2.0,0.4,2.8,2.6,1.0,0.8,2.0,0.6,0.4,0.0,2.4,7.0,8.0,1.22,7.0,12.0,0.819672131147541,0.14285714285714285,0.08333333333333333,1.4,3.0,0.7142857142857143,0.3333333333333333,A,0,1,0,0
2024-04-14,2023/24,West Ham United,Fulham,1.8,1.8,1.2,4.2,1.6,1.8,0.8,5.8,1.6,2.4,1.8,2.2,0.6,0.2,0.2,2.2,8.0,8.0,2.38,3.6,2.8,0.42016806722689076,0.2777777777777778,0.35714285714285715,1.67,2.2,0.5988023952095809,0.45454545454545453,A,0,2,0,0
2024-04-14,2023/24,Arsenal,Aston Villa,2.6,0.2,2.6,5.8,1.4,2.4,1.0,3.4,3.2,0.6,2.4,1.6,0.8,0.0,0.2,3.0,8.0,8.0,1.29,5.75,10.0,0.7751937984496123,0.17391304347826086,0.1,1.5,2.63,0.6666666666666666,0.3802281368821293,A,0,2,0,0
2024-04-15,2023/24,Chelsea,Everton,2.6,2.2,1.8,8.0,0.8,1.6,0.8,5.2,2.4,2.2,0.6,1.6,0.2,0.4,0.4,2.0,8.0,9.0,1.7,4.2,4.5,0.5882352941176471,0.23809523809523808,0.2222222222222222,1.53,2.5,0.6535947712418301,0.4,H,6,0,1,0
2024-04-20,2023/24,Luton Town,Brentford,1.0,2.2,0.8,3.8,1.4,1.2,1.2,4.0,1.4,2.0,1.4,2.4,0.0,0.0,1.0,4.0,7.0,7.0,3.1,3.75,2.15,0.3225806451612903,0.26666666666666666,0.46511627906976744,1.57,2.38,0.6369426751592356,0.42016806722689076,A,1,5,1,1
2024-04-20,2023/24,Sheffield United,Burnley,1.6,2.4,0.6,4.8,1.2,1.2,1.2,4.6,1.0,4.2,1.0,2.2,0.3333333333333333,0.0,0.6666666666666666,2.3333333333333335,7.0,7.0,2.75,3.6,2.45,0.36363636363636365,0.2777777777777778,0.4081632653061224,1.67,2.2,0.5988023952095809,0.45454545454545453,A,1,4,1,1
2024-04-20,2023/24,Wolverhampton Wanderers,Arsenal,1.2,1.6,1.0,3.8,1.4,0.6,2.0,4.6,1.4,1.8,4.0,0.0,0.0,0.0,1.0,2.8,7.0,6.0,8.5,4.5,1.4,0.11764705882352941,0.2222222222222222,0.7142857142857143,1.62,2.3,0.6172839506172839,0.4347826086956522,A,0,2,0,0
2024-04-21,2023/24,Everton,Nottingham Forest,0.6,2.2,0.8,3.4,1.6,1.6,1.2,6.0,1.0,1.2,1.0,2.0,0.3333333333333333,0.6666666666666666,0.0,2.3333333333333335,6.0,8.0,2.05,3.5,3.6,0.48780487804878053,0.2857142857142857,0.2777777777777778,1.93,1.97,0.5181347150259068,0.5076142131979695,H,2,0,0,0
2024-04-21,2023/24,Aston Villa,AFC Bournemouth,1.8,1.6,1.6,3.6,2.0,1.6,2.0,5.2,2.0,2.2,1.4,1.6,0.3333333333333333,0.3333333333333333,0.3333333333333333,3.0,7.0,8.0,1.85,4.0,3.6,0.5405405405405405,0.25,0.2777777777777778,1.44,2.75,0.6944444444444444,0.36363636363636365,H,3,1,1,1
2024-04-21,2023/24,Crystal Palace,West Ham United,1.0,1.4,1.0,3.6,1.4,1.8,1.0,4.2,2.0,2.0,1.6,2.2,0.4,0.4,0.2,4.2,7.0,7.0,2.1,3.6,3.4,0.47619047619047616,0.2777777777777778,0.29411764705882354,1.8,2.0,0.5555555555555556,0.5,H,5,2,1,1
2024-04-21,2023/24,Fulham,Liverpool,1.8,1.4,1.4,6.6,1.6,1.2,1.6,7.2,2.0,0.8,2.4,1.2,0.2,0.4,0.4,3.0,7.0,7.0,5.25,4.5,1.57,0.19047619047619047,0.2222222222222222,0.6369426751592356,1.44,2.75,0.6944444444444444,0.36363636363636365,A,1,3,1,1
2024-04-23,2023/24,Arsenal,Chelsea,1.4,0.4,2.0,5.2,3.4,1.8,2.2,8.8,2.2,1.0,1.8,2.0,0.6,0.2,0.2,3.4,3.0,8.0,1.44,5.0,6.0,0.6944444444444444,0.2,0.16666666666666666,1.53,2.5,0.6535947712418301,0.4,H,5,0,1,0
2024-04-24,2023/24,Wolverhampton Wanderers,AFC Bournemouth,0.8,1.8,0.4,3.8,1.4,1.6,1.4,4.4,0.8,1.4,1.4,2.0,0.3333333333333333,0.3333333333333333,0.3333333333333333,1.3333333333333333,4.0,3.0,2.7,3.6,2.5,0.37037037037037035,0.2777777777777778,0.4,1.67,2.2,0.5988023952095809,0.45454545454545453,A,0,1,0,0
2024-04-24,2023/24,Crystal Palace,Newcastle United,1.8,1.6,1.4,4.2,2.4,1.4,2.0,5.6,2.4,2.0,2.0,2.0,0.0,0.6,0.4,1.4,3.0,11.0,2.75,3.6,2.4,0.36363636363636365,0.2777777777777778,0.4166666666666667,1.57,2.38,0.6369426751592356,0.42016806722689076,H,2,0,0,0
2024-04-24,2023/24,Everton,Liverpool,1.0,1.8,1.4,3.0,2.0,1.2,2.0,7.4,1.4,1.2,2.2,1.4,0.0,0.2,0.8,2.2,3.0,3.0,7.0,5.0,1.4,0.14285714285714285,0.2,0.7142857142857143,1.53,2.5,0.6535947712418301,0.4,H,2,0,0,0
2024-04-24,2023/24,Manchester United,Sheffield United,2.0,1.8,1.2,5.0,1.4,2.8,0.4,5.2,2.0,1.2,1.2,1.8,0.6666666666666666,0.0,0.3333333333333333,3.6666666666666665,11.0,4.0,1.3,6.5,7.5,0.7692307692307692,0.15384615384615385,0.13333333333333333,1.36,3.2,0.7352941176470588,0.3125,H,4,2,1,1
2024-04-25,2023/24,Brighton & Hove Albion,Manchester City,0.6,1.2,1.0,4.4,2.8,1.0,2.2,7.8,1.2,1.0,2.4,1.2,0.0,0.2,0.8,3.4,12.0,12.0,6.5,5.0,1.4,0.15384615384615385,0.2,0.7142857142857143,1.5,2.63,0.6666666666666666,0.3802281368821293,A,0,4,1,0
2024-04-27,2023/24,West Ham United,Liverpool,1.6,2.6,0.8,3.4,1.6,1.4,1.4,7.2,1.6,1.6,2.0,1.2,0.2,0.0,0.8,2.8,6.0,3.0,5.5,5.0,1.5,0.18181818181818182,0.2,0.6666666666666666,1.36,3.2,0.7352941176470588,0.3125,D,2,2,1,1
2024-04-27,2023/24,Fulham,Crystal Palace,1.4,2.0,0.8,6.2,2.0,1.4,1.8,5.0,1.6,1.2,0.8,1.2,0.2,0.6,0.2,2.0,6.0,3.0,2.1,3.5,3.5,0.47619047619047616,0.2857142857142857,0.2857142857142857,1.73,2.1,0.5780346820809249,0.47619047619047616,D,1,1,0,1
2024-04-27,2023/24,Manchester United,Burnley,2.4,2.2,1.2,6.0,1.6,1.2,1.2,5.2,2.4,1.2,1.6,1.8,0.8,0.2,0.0,2.4,3.0,7.0,1.5,4.75,5.5,0.6666666666666666,0.21052631578947367,0.18181818181818182,1.36,3.2,0.7352941176470588,0.3125,D,1,1,0,1
2024-04-27,2023/24,Newcastle United,Sheffield United,2.0,1.2,2.0,5.4,1.2,3.0,0.2,5.2,2.8,1.2,1.0,2.4,0.6666666666666666,0.0,0.3333333333333333,3.3333333333333335,3.0,3.0,1.22,7.0,11.0,0.819672131147541,0.14285714285714285,0.09090909090909091,1.33,3.4,0.7518796992481203,0.29411764705882354,H,5,1,1,1
2024-04-27,2023/24,Wolverhampton Wanderers,Luton Town,0.8,1.6,0.4,4.0,1.0,3.0,0.6,3.6,0.8,1.2,1.2,2.8,0.0,1.0,0.0,2.0,3.0,7.0,1.95,3.8,3.6,0.5128205128205129,0.2631578947368421,0.2777777777777778,1.62,2.3,0.6172839506172839,0.4347826086956522,H,2,1,1,1
2024-04-27,2023/24,Everton,Brentford,1.2,1.4,2.0,3.6,2.2,1.0,1.8,4.8,1.4,0.8,2.4,2.4,0.4,0.2,0.4,2.6,3.0,7.0,2.3,3.5,3.0,0.4347826086956522,0.2857142857142857,0.3333333333333333,1.87,2.03,0.53475935828877,0.4926108374384237,H,1,0,0,0
2024-04-27,2023/24,Aston Villa,Chelsea,2.2,1.6,2.0,3.4,2.8,2.4,1.6,7.4,2.4,2.0,1.6,2.2,0.4,0.0,0.6,2.4,6.0,4.0,2.15,3.8,3.0,0.46511627906976744,0.2631578947368421,0.3333333333333333,1.44,2.75,0.6944444444444444,0.36363636363636365,D,2,2,1,1
2024-04-28,2023/24,Nottingham Forest,Manchester City,1.4,1.8,1.0,5.4,3.4,0.8,2.6,7.8,1.6,1.0,2.6,0.8,0.0,0.3333333333333333,0.6666666666666666,3.3333333333333335,7.0,3.0,8.0,6.0,1.3,0.125,0.16666666666666666,0.7692307692307692,1.53,2.5,0.6535947712418301,0.4,A,0,2,0,0
2024-04-28,2023/24,AFC Bournemouth,Brighton & Hove Albion,1.2,1.4,1.4,4.8,0.4,2.0,0.4,4.4,2.2,1.6,1.4,1.2,0.0,0.0,1.0,2.3333333333333335,4.0,3.0,2.25,3.8,2.9,0.4444444444444444,0.2631578947368421,0.3448275862068966,1.44,2.75,0.6944444444444444,0.36363636363636365,H,3,0,1,0
2024-04-28,2023/24,Tottenham Hotspur,Arsenal,1.2,2.0,1.4,4.4,2.4,0.4,2.4,6.8,2.2,1.2,3.2,0.0,0.2,0.2,0.6,3.4,15.0,5.0,4.2,4.2,1.75,0.23809523809523808,0.23809523809523808,0.5714285714285714,1.5,2.63,0.6666666666666666,0.3802281368821293,A,2,3,1,1
2024-05-02,2023/24,Chelsea,Tottenham Hotspur,2.8,2.4,1.6,5.8,1.6,2.0,1.4,3.8,3.4,2.2,1.4,2.0,0.6,0.2,0.2,3.2,5.0,4.0,2.15,3.8,3.0,0.46511627906976744,0.2631578947368421,0.3333333333333333,1.3,3.5,0.7692307692307692,0.2857142857142857,H,2,0,0,0
2024-05-03,2023/24,Luton Town,Everton,1.0,3.0,0.6,4.2,1.2,1.2,2.4,3.2,1.4,2.4,0.6,2.4,1.0,0.0,0.0,3.0,6.0,6.0,2.6,3.6,2.55,0.3846153846153846,0.2777777777777778,0.3921568627450981,1.73,2.1,0.5780346820809249,0.47619047619047616,D,1,1,0,1
2024-05-04,2023/24,Arsenal,AFC Bournemouth,2.6,0.8,2.4,6.6,1.6,1.4,1.4,4.8,2.6,0.8,1.4,1.4,1.0,0.0,0.0,4.0,6.0,6.0,1.22,7.5,11.0,0.819672131147541,0.13333333333333333,0.09090909090909091,1.33,3.4,0.7518796992481203,0.29411764705882354,H,3,0,1,0
2024-05-04,2023/24,Brentford,Fulham,2.0,1.0,1.6,4.6,1.0,1.6,0.8,4.8,1.2,1.4,1.8,1.8,0.6666666666666666,0.0,0.3333333333333333,4.333333333333333,7.0,7.0,2.1,3.8,3.2,0.47619047619047616,0.2631578947368421,0.3125,1.57,2.38,0.6369426751592356,0.42016806722689076,D,0,0,0,0
2024-05-04,2023/24,Burnley,Newcastle United,1.4,1.0,1.2,5.2,2.2,0.8,2.0,5.0,0.8,2.0,1.4,2.2,0.0,0.0,1.0,2.6,7.0,7.0,3.4,4.0,1.95,0.29411764705882354,0.25,0.5128205128205129,1.5,2.63,0.6666666666666666,0.3802281368821293,A,1,4,1,1
2024-05-04,2023/24,Sheffield United,Nottingham Forest,1.2,3.4,0.2,5.6,1.2,2.0,0.8,4.8,1.2,4.0,0.8,2.2,0.0,0.0,1.0,3.0,7.0,6.0,4.75,4.2,1.65,0.21052631578947367,0.23809523809523808,0.6060606060606061,1.57,2.38,0.6369426751592356,0.42016806722689076,A,1,3,1,1
2024-05-04,2023/24,Manchester City,Wolverhampton Wanderers,3.8,0.8,3.0,8.6,1.0,1.6,0.8,4.6,2.6,0.6,1.0,1.8,0.8,0.0,0.2,3.2,6.0,7.0,1.08,12.0,21.0,0.9259259259259258,0.08333333333333333,0.047619047619047616,1.3,3.5,0.7692307692307692,0.2857142857142857,H,5,1,1,1
2024-05-05,2023/24,Brighton & Hove Albion,Aston Villa,0.2,2.2,0.4,4.0,2.2,2.0,1.6,3.2,1.2,1.8,1.8,1.6,0.0,0.0,1.0,3.4,7.0,8.0,2.75,3.75,2.45,0.36363636363636365,0.26666666666666666,0.4081632653061224,1.5,2.63,0.6666666666666666,0.3802281368821293,H,1,0,0,0
2024-05-05,2023/24,Chelsea,West Ham United,2.4,1.8,1.6,4.8,1.4,2.2,1.0,4.2,3.4,1.4,2.0,2.6,0.4,0.2,0.4,3.0,3.0,8.0,1.65,4.5,4.5,0.6060606060606061,0.2222222222222222,0.2222222222222222,1.4,3.0,0.7142857142857143,0.3333333333333333,H,5,0,1,0
2024-05-05,2023/24,Liverpool,Tottenham Hotspur,1.4,1.6,1.0,7.0,1.2,2.2,0.8,3.6,2.0,1.0,1.0,2.0,0.4,0.4,0.2,3.8,8.0,3.0,1.5,5.75,5.0,0.6666666666666666,0.17391304347826086,0.2,1.25,4.0,0.8,0.25,H,4,2,1,1
2024-05-06,2023/24,Crystal Palace,Manchester United,2.2,1.4,2.0,5.4,2.4,2.2,1.2,7.0,2.6,1.4,1.8,2.2,0.4,0.2,0.4,1.6,9.0,9.0,2.38,3.75,2.8,0.42016806722689076,0.26666666666666666,0.35714285714285715,1.53,2.5,0.6535947712418301,0.4,H,4,0,1,0
2024-05-11,2023/24,Wolverhampton Wanderers,Crystal Palace,1.0,2.2,0.8,3.4,2.6,0.6,2.6,6.6,1.0,1.4,0.8,1.2,0.2,0.0,0.8,2.8,7.0,5.0,2.88,3.5,2.38,0.3472222222222222,0.2857142857142857,0.42016806722689076,1.8,2.0,0.5555555555555556,0.5,A,1,3,1,1
2024-05-11,2023/24,Tottenham Hotspur,Burnley,1.4,2.8,0.6,4.0,1.4,1.6,1.0,5.0,2.2,1.6,1.8,1.4,0.8,0.0,0.2,2.8,6.0,7.0,1.36,5.75,7.0,0.7352941176470588,0.17391304347826086,0.14285714285714285,1.25,4.0,0.8,0.25,H,2,1,1,1
2024-05-11,2023/24,AFC Bournemouth,Brentford,1.4,1.6,1.4,5.0,2.0,1.0,1.6,4.8,2.4,1.2,2.0,1.8,0.0,0.6666666666666666,0.3333333333333333,2.0,7.0,7.0,1.95,4.0,3.5,0.5128205128205129,0.25,0.2857142857142857,1.44,2.75,0.6944444444444444,0.36363636363636365,A,1,2,1,1
2024-05-11,2023/24,Newcastle United,Brighton & Hove Albion,2.8,0.8,2.4,6.0,0.4,2.2,0.8,4.4,3.4,1.0,0.4,1.8,0.4,0.4,0.2,2.8,7.0,6.0,1.57,4.75,4.75,0.6369426751592356,0.21052631578947367,0.21052631578947367,1.33,3.4,0.7518796992481203,0.29411764705882354,D,1,1,0,1
2024-05-11,2023/24,Everton,Sheffield United,1.2,1.4,2.0,3.2,1.0,3.6,0.0,5.4,1.4,0.6,1.2,3.2,0.3333333333333333,0.3333333333333333,0.3333333333333333,2.0,8.0,7.0,1.4,4.8,7.5,0.7142857142857143,0.20833333333333334,0.13333333333333333,1.53,2.5,0.6535947712418301,0.4,H,1,0,0,0
2024-05-11,2023/24,West Ham United,Luton Town,1.2,3.0,0.8,3.8,1.2,2.8,0.8,5.0,1.2,1.6,1.2,3.0,1.0,0.0,0.0,3.0,6.0,8.0,1.8,4.2,3.8,0.5555555555555556,0.23809523809523808,0.2631578947368421,1.44,2.75,0.6944444444444444,0.36363636363636365,H,3,1,1,1
2024-05-11,2023/24,Nottingham Forest,Chelsea,1.2,2.0,0.8,4.8,3.0,1.4,2.0,7.0,1.2,1.4,1.4,2.4,0.3333333333333333,0.6666666666666666,0.0,2.3333333333333335,7.0,6.0,3.4,3.8,2.0,0.29411764705882354,0.2631578947368421,0.5,1.5,2.63,0.6666666666666666,0.3802281368821293,A,2,3,1,1
2024-05-11,2023/24,Fulham,Manchester City,0.8,1.0,1.0,4.8,4.0,0.8,3.0,8.8,1.6,1.0,2.4,0.6,0.0,0.0,1.0,3.4,7.0,7.0,13.0,7.0,1.2,0.07692307692307693,0.14285714285714285,0.8333333333333334,1.36,3.2,0.7352941176470588,0.3125,A,0,4,1,0
2024-05-12,2023/24,Manchester United,Arsenal,1.8,2.2,1.2,6.4,2.6,0.8,2.4,7.0,2.0,1.4,2.8,0.4,0.4,0.0,0.6,4.4,6.0,8.0,7.0,5.5,1.36,0.14285714285714285,0.18181818181818182,0.7352941176470588,1.36,3.2,0.7352941176470588,0.3125,A,0,1,0,0
2024-05-13,2023/24,Aston Villa,Liverpool,2.0,1.4,1.6,2.8,1.8,1.6,1.4,8.2,2.0,2.0,1.6,1.4,0.0,0.2,0.8,2.6,8.0,8.0,4.2,4.33,1.7,0.23809523809523808,0.23094688221709006,0.5882352941176471,1.33,3.4,0.7518796992481203,0.29411764705882354,D,3,3,1,1
2024-05-14,2023/24,Tottenham Hotspur,Manchester City,1.2,2.8,0.6,4.4,4.0,0.4,3.0,9.0,2.4,1.4,3.0,0.6,0.6,0.2,0.2,3.8,3.0,3.0,6.5,6.0,1.36,0.15384615384615385,0.16666666666666666,0.7352941176470588,1.25,4.0,0.8,0.25,A,0,2,0,0
2024-05-15,2023/24,Brighton & Hove Albion,Chelsea,0.6,1.8,1.0,4.8,2.4,1.8,2.0,6.0,0.6,1.6,1.8,2.6,0.4,0.4,0.2,3.4,4.0,4.0,3.3,4.0,1.95,0.30303030303030304,0.25,0.5128205128205129,1.4,3.0,0.7142857142857143,0.3333333333333333,A,1,2,1,1
2024-05-15,2023/24,Manchester United,Newcastle United,1.4,2.0,1.0,5.8,2.8,1.0,2.0,6.4,1.8,1.2,1.6,2.0,0.2,0.4,0.4,2.0,3.0,4.0,2.75,4.0,2.3,0.36363636363636365,0.25,0.4347826086956522,1.33,3.4,0.7518796992481203,0.29411764705882354,H,3,2,1,1
2024-05-19,2023/24,Brentford,Newcastle United,1.8,0.6,2.0,5.2,2.4,1.6,1.4,7.0,1.0,0.6,1.8,1.8,0.0,0.2,0.8,3.6,8.0,4.0,2.9,3.9,2.2,0.3448275862068966,0.25641025641025644,0.45454545454545453,1.36,3.2,0.7352941176470588,0.3125,A,2,4,1,1
2024-05-19,2023/24,Manchester City,West Ham United,3.4,0.2,3.0,7.4,1.4,3.0,0.8,4.6,3.4,0.8,2.0,3.2,0.8,0.2,0.0,3.2,5.0,8.0,1.08,12.0,21.0,0.9259259259259258,0.08333333333333333,0.047619047619047616,1.2,4.5,0.8333333333333334,0.2222222222222222,H,3,1,1,1
2024-05-19,2023/24,Crystal Palace,Aston Villa,3.0,0.8,2.6,6.2,2.0,1.4,1.6,3.2,2.8,1.4,1.4,1.6,0.2,0.2,0.6,2.8,8.0,6.0,1.85,4.33,3.6,0.5405405405405405,0.23094688221709006,0.2777777777777778,1.4,3.0,0.7142857142857143,0.3333333333333333,H,5,0,1,0
2024-05-19,2023/24,Arsenal,Everton,2.8,0.4,3.0,7.2,1.4,0.2,2.6,4.0,2.4,0.6,0.6,2.4,0.6,0.0,0.4,3.0,7.0,8.0,1.18,8.0,12.0,0.8474576271186441,0.125,0.08333333333333333,1.36,3.2,0.7352941176470588,0.3125,H,2,1,1,1
2024-05-19,2023/24,Chelsea,AFC Bournemouth,2.8,1.0,2.6,7.0,1.2,1.6,1.2,4.8,3.8,1.0,1.0,1.6,0.6666666666666666,0.3333333333333333,0.0,2.0,4.0,8.0,1.45,5.0,6.0,0.6896551724137931,0.2,0.16666666666666666,1.29,3.75,0.7751937984496123,0.26666666666666666,H,2,1,1,1
2024-05-19,2023/24,Sheffield United,Tottenham Hotspur,1.0,3.4,0.0,5.2,1.2,2.4,0.6,5.0,1.4,3.6,0.6,2.8,0.0,0.0,1.0,3.6666666666666665,8.0,5.0,7.0,6.0,1.33,0.14285714285714285,0.16666666666666666,0.7518796992481203,1.22,4.33,0.819672131147541,0.23094688221709006,A,0,3,1,0
2024-05-19,2023/24,Liverpool,Wolverhampton Wanderers,2.4,2.0,1.6,8.4,0.8,2.4,0.6,4.0,2.0,1.2,0.8,2.6,0.8,0.0,0.2,2.8,6.0,8.0,1.17,8.0,15.0,0.8547008547008548,0.125,0.06666666666666667,1.22,4.33,0.819672131147541,0.23094688221709006,H,2,0,0,0
2024-05-19,2023/24,Burnley,Nottingham Forest,1.6,1.8,1.0,5.4,1.4,2.0,0.8,4.4,1.0,1.8,1.0,1.6,0.0,1.0,0.0,2.0,8.0,8.0,3.0,3.5,2.3,0.3333333333333333,0.2857142857142857,0.4347826086956522,1.53,2.5,0.6535947712418301,0.4,A,1,2,1,1
2024-05-19,2023/24,Luton Town,Fulham,1.0,3.2,0.2,3.4,0.8,1.6,1.0,4.2,1.4,2.2,1.4,1.6,0.0,0.0,1.0,1.0,8.0,8.0,2.9,3.9,2.2,0.3448275862068966,0.25641025641025644,0.45454545454545453,1.44,2.75,0.6944444444444444,0.36363636363636365,A,2,4,1,1
2024-05-19,2023/24,Brighton & Hove Albion,Manchester United,0.6,2.0,0.8,3.6,1.6,2.0,1.4,7.0,0.6,1.8,1.4,2.8,0.8,0.0,0.2,2.8,4.0,4.0,2.15,4.0,2.9,0.46511627906976744,0.25,0.3448275862068966,1.33,3.4,0.7518796992481203,0.29411764705882354,A,0,2,0,0
2024-08-16,2024/25,Manchester United,Fulham,1.2,1.6,1.4,5.2,1.2,2.0,1.0,3.6,2.0,1.6,2.0,1.6,0.6,0.2,0.2,2.4,89.0,89.0,1.6,4.2,5.25,0.625,0.23809523809523808,0.19047619047619047,1.53,2.5,0.6535947712418301,0.4,H,1,0,0,0
2024-08-17,2024/25,Ipswich Town,Liverpool,1.4,1.4,1.3,4.5,2.2,1.8,1.6,9.8,1.4,1.4,2.0,2.0,0.45,0.25,0.3,2.6,7.0,90.0,8.5,5.5,1.33,0.11764705882352941,0.18181818181818182,0.7518796992481203,1.4,3.0,0.7142857142857143,0.3333333333333333,A,0,2,0,0
2024-08-17,2024/25,Arsenal,Wolverhampton Wanderers,2.8,0.6,3.0,6.4,0.8,2.4,0.6,4.0,2.4,0.6,0.8,2.4,1.0,0.0,0.0,3.0,90.0,90.0,1.18,7.5,13.0,0.8474576271186441,0.13333333333333333,0.07692307692307693,1.44,2.75,0.6944444444444444,0.36363636363636365,H,2,0,0,0
2024-08-17,2024/25,Everton,Brighton & Hove Albion,1.2,0.6,2.0,3.6,0.6,1.6,0.8,3.6,1.4,0.0,0.6,1.4,0.2,0.4,0.4,4.0,90.0,90.0,2.63,3.3,2.63,0.3802281368821293,0.30303030303030304,0.3802281368821293,1.8,2.0,0.5555555555555556,0.5,A,0,3,1,0
2024-08-17,2024/25,Newcastle United,Southampton,3.2,1.6,2.0,8.0,1.8,3.2,0.2,4.0,3.0,1.2,1.6,2.8,0.8,0.2,0.0,4.2,90.0,447.0,1.36,5.25,8.0,0.7352941176470588,0.19047619047619047,0.125,1.4,3.0,0.7142857142857143,0.3333333333333333,H,1,0,0,0
2024-08-17,2024/25,Nottingham Forest,AFC Bournemouth,1.4,1.8,1.2,3.8,1.2,1.4,1.2,4.6,1.6,1.8,0.8,2.0,0.0,0.5,0.5,3.5,90.0,90.0,2.45,3.5,2.8,0.4081632653061224,0.2857142857142857,0.35714285714285715,1.73,2.1,0.5780346820809249,0.47619047619047616,D,1,1,0,1
2024-08-17,2024/25,West Ham United,Aston Villa,1.6,3.2,0.8,4.2,1.6,2.4,1.0,3.2,1.4,1.4,0.8,2.2,0.4,0.4,0.2,2.6,90.0,90.0,2.45,3.6,2.75,0.4081632653061224,0.2777777777777778,0.36363636363636365,1.57,2.38,0.6369426751592356,0.42016806722689076,A,1,2,1,1
2024-08-18,2024/25,Brentford,Crystal Palace,1.8,1.4,1.4,5.2,3.0,0.4,2.6,6.6,1.0,1.0,1.2,0.8,0.0,0.8,0.2,2.0,91.0,91.0,2.4,3.4,2.9,0.4166666666666667,0.29411764705882354,0.3448275862068966,1.8,2.0,0.5555555555555556,0.5,H,2,1,1,1
2024-08-18,2024/25,Chelsea,Manchester City,2.8,0.8,3.0,7.2,3.2,0.4,3.0,8.6,3.8,0.8,3.2,0.4,0.0,0.4,0.6,2.6,91.0,91.0,4.1,3.9,1.8,0.24390243902439027,0.25641025641025644,0.5555555555555556,1.5,2.63,0.6666666666666666,0.3802281368821293,A,0,2,0,0
2024-08-19,2024/25,Leicester City,Tottenham Hotspur,1.4,2.2,1.0,4.8,1.4,1.8,1.2,6.4,1.2,1.6,1.2,2.2,0.2,0.0,0.8,5.6,449.0,92.0,5.0,4.33,1.62,0.2,0.23094688221709006,0.6172839506172839,1.53,2.5,0.6535947712418301,0.4,D,1,1,0,1
2024-08-24,2024/25,Brighton & Hove Albion,Manchester United,1.2,1.0,1.4,4.4,1.2,1.4,1.8,4.2,0.4,2.2,1.6,2.2,0.8,0.0,0.2,2.8,7.0,8.0,2.5,3.7,2.63,0.4,0.27027027027027023,0.3802281368821293,1.57,2.38,0.6369426751592356,0.42016806722689076,H,2,1,1,1
2024-08-24,2024/25,Crystal Palace,West Ham United,2.8,0.8,2.0,6.4,1.4,2.6,0.8,4.6,3.6,1.2,1.6,3.6,0.6,0.2,0.2,4.8,6.0,7.0,2.15,3.6,3.2,0.46511627906976744,0.2777777777777778,0.3125,1.73,2.1,0.5780346820809249,0.47619047619047616,A,0,2,0,0
2024-08-24,2024/25,Fulham,Leicester City,1.0,1.6,1.0,3.0,1.2,2.0,1.0,4.2,1.0,1.8,1.2,2.2,0.75,0.0,0.25,3.5,8.0,5.0,1.8,3.75,4.2,0.5555555555555556,0.26666666666666666,0.23809523809523808,1.89,2.01,0.5291005291005292,0.49751243781094534,H,2,1,1,1
2024-08-24,2024/25,Manchester City,Ipswich Town,3.2,0.4,3.0,8.6,0.0,2.0,0.0,2.0,3.4,0.8,1.4,1.4,0.45,0.25,0.3,2.6,6.0,7.0,1.08,12.0,21.0,0.9259259259259258,0.08333333333333333,0.047619047619047616,1.3,3.5,0.7692307692307692,0.2857142857142857,H,4,1,1,1
2024-08-24,2024/25,Southampton,Nottingham Forest,1.6,2.8,0.2,4.2,1.6,1.6,1.4,4.8,1.0,2.6,1.4,1.6,0.0,0.0,1.0,4.0,7.0,7.0,2.55,3.3,2.8,0.3921568627450981,0.30303030303030304,0.35714285714285715,2.01,1.89,0.49751243781094534,0.5291005291005292,A,0,1,0,0
2024-08-24,2024/25,Tottenham Hotspur,Everton,1.6,1.6,1.4,7.2,0.8,1.2,1.4,2.6,1.8,1.6,0.8,2.4,0.6,0.4,0.0,3.2,5.0,7.0,1.44,4.75,6.5,0.6944444444444444,0.21052631578947367,0.15384615384615385,1.5,2.63,0.6666666666666666,0.3802281368821293,H,4,0,1,0
2024-08-24,2024/25,Aston Villa,Arsenal,1.4,2.4,1.0,3.0,2.2,0.6,3.0,5.6,2.6,1.8,1.8,0.4,0.4,0.0,0.6,2.6,7.0,7.0,4.33,3.8,1.75,0.23094688221709006,0.2631578947368421,0.5714285714285714,1.73,2.1,0.5780346820809249,0.47619047619047616,A,0,2,0,0
2024-08-25,2024/25,AFC Bournemouth,Newcastle United,1.2,1.6,0.8,4.2,2.4,1.4,2.0,6.8,1.8,1.0,2.2,1.6,0.25,0.75,0.0,2.5,8.0,8.0,2.9,3.8,2.2,0.3448275862068966,0.2631578947368421,0.45454545454545453,1.57,2.38,0.6369426751592356,0.42016806722689076,D,1,1,0,1
2024-08-25,2024/25,Wolverhampton Wanderers,Chelsea,0.8,2.6,0.6,3.8,2.4,1.2,2.4,6.8,0.8,1.8,1.8,2.4,0.6,0.2,0.2,3.4,8.0,7.0,4.33,4.0,1.75,0.23094688221709006,0.25,0.5714285714285714,1.62,2.3,0.6172839506172839,0.4347826086956522,A,2,6,1,1
2024-08-25,2024/25,Liverpool,Brentford,2.6,1.4,2.2,9.4,1.2,1.4,1.4,4.4,2.2,1.0,2.2,1.6,0.8,0.0,0.2,3.2,8.0,7.0,1.27,5.75,11.0,0.7874015748031495,0.17391304347826086,0.09090909090909091,1.36,3.2,0.7352941176470588,0.3125,H,2,0,0,0
2024-08-31,2024/25,Brentford,Southampton,1.2,1.6,1.4,4.0,1.0,2.2,0.2,3.4,1.2,1.0,1.6,2.8,0.75,0.0,0.25,3.25,6.0,7.0,1.75,3.9,4.33,0.5714285714285714,0.25641025641025644,0.23094688221709006,1.73,2.1,0.5780346820809249,0.47619047619047616,H,3,1,1,1
2024-08-31,2024/25,Arsenal,Brighton & Hove Albion,2.0,0.2,3.0,5.8,1.4,1.2,1.4,3.8,2.4,0.6,1.0,1.0,0.6,0.0,0.4,3.4,7.0,7.0,1.33,5.5,8.5,0.7518796992481203,0.18181818181818182,0.11764705882352941,1.53,2.5,0.6535947712418301,0.4,D,1,1,0,1
2024-08-31,2024/25,Leicester City,Aston Villa,0.8,1.4,1.0,3.2,1.0,2.4,0.8,2.8,1.4,1.6,1.0,2.2,0.4,0.2,0.4,3.0,7.0,7.0,4.5,4.0,1.7,0.2222222222222222,0.25,0.5882352941176471,1.67,2.2,0.5988023952095809,0.45454545454545453,A,1,2,1,1
2024-08-31,2024/25,Everton,AFC Bournemouth,0.6,2.0,0.8,2.6,0.8,1.8,0.4,3.8,1.2,0.6,0.8,1.8,0.5,0.0,0.5,2.5,7.0,6.0,2.75,3.4,2.55,0.36363636363636365,0.29411764705882354,0.3921568627450981,1.92,1.98,0.5208333333333334,0.5050505050505051,A,2,3,1,1
2024-08-31,2024/25,Ipswich Town,Fulham,0.5,3.0,0.0,1.5,1.2,1.6,1.4,3.8,0.0,2.0,1.4,1.2,0.45,0.25,0.3,2.6,7.0,7.0,3.0,3.5,2.3,0.3333333333333333,0.2857142857142857,0.4347826086956522,1.84,2.06,0.5434782608695652,0.4854368932038835,D,1,1,0,1
2024-08-31,2024/25,West Ham United,Manchester City,1.4,2.2,1.2,3.6,3.0,0.4,3.0,7.2,1.4,1.6,2.8,0.0,0.0,0.2,0.8,3.4,7.0,7.0,7.0,5.5,1.38,0.14285714285714285,0.18181818181818182,0.7246376811594204,1.44,2.75,0.6944444444444444,0.36363636363636365,A,1,3,1,1
2024-08-31,2024/25,Nottingham Forest,Wolverhampton Wanderers,1.8,1.2,2.0,6.0,0.8,3.6,0.0,3.6,1.6,1.8,0.8,2.4,0.0,0.75,0.25,2.25,7.0,6.0,2.0,3.7,3.7,0.5,0.27027027027027023,0.27027027027027023,1.85,2.05,0.5405405405405405,0.48780487804878053,D,1,1,0,1
2024-09-01,2024/25,Chelsea,Crystal Palace,2.6,1.6,2.4,5.6,2.6,1.0,1.8,6.0,3.0,0.6,1.2,1.0,1.0,0.0,0.0,2.4,7.0,8.0,1.6,4.33,5.0,0.625,0.23094688221709006,0.2,1.5,2.63,0.6666666666666666,0.3802281368821293,D,1,1,0,1
2024-09-01,2024/25,Newcastle United,Tottenham Hotspur,1.8,1.4,1.6,5.6,2.0,0.8,2.0,7.4,2.4,0.6,1.2,2.2,0.6,0.0,0.4,5.0,7.0,8.0,2.5,4.0,2.5,0.4,0.25,0.4,1.36,3.2,0.7352941176470588,0.3125,H,2,1,1,1
2024-09-01,2024/25,Manchester United,Liverpool,1.4,1.0,1.8,4.6,2.6,1.0,2.6,9.4,1.8,1.2,2.0,1.6,0.2,0.4,0.4,3.6,8.0,7.0,3.7,4.2,1.85,0.27027027027027023,0.23809523809523808,0.5405405405405405,1.44,2.75,0.6944444444444444,0.36363636363636365,A,0,3,1,0
2024-09-14,2024/25,Southampton,Manchester United,1.2,2.4,0.2,4.4,1.4,1.4,1.8,4.8,0.8,2.0,1.6,2.4,0.0,0.6,0.4,2.8,14.0,13.0,4.5,4.0,1.7,0.2222222222222222,0.25,0.5882352941176471,1.62,2.3,0.6172839506172839,0.4347826086956522,A,0,3,1,0
2024-09-14,2024/25,Brighton & Hove Albion,Ipswich Town,1.4,1.2,1.4,3.8,0.6666666666666666,2.3333333333333335,0.3333333333333333,2.3333333333333335,0.8,1.8,1.0,4.0,0.45,0.25,0.3,2.6,14.0,14.0,1.38,5.0,7.5,0.7246376811594204,0.2,0.13333333333333333,1.53,2.5,0.6535947712418301,0.4,D,0,0,0,0
2024-09-14,2024/25,Crystal Palace,Leicester City,2.0,1.2,1.4,4.6,1.0,1.2,1.0,3.0,3.2,0.8,1.2,2.2,0.2,0.4,0.4,2.6,13.0,14.0,1.62,4.0,5.5,0.6172839506172839,0.25,0.18181818181818182,1.73,2.1,0.5780346820809249,0.47619047619047616,D,2,2,1,1
2024-09-14,2024/25,Fulham,West Ham United,1.4,1.8,1.4,4.0,1.6,1.8,1.2,3.6,0.8,2.0,1.4,2.8,0.4,0.2,0.4,2.4,14.0,14.0,2.38,3.25,3.0,0.42016806722689076,0.3076923076923077,0.3333333333333333,1.73,2.1,0.5780346820809249,0.47619047619047616,D,1,1,0,1
2024-09-14,2024/25,Liverpool,Nottingham Forest,2.4,0.6,2.6,7.4,1.4,1.2,1.6,6.2,2.2,0.8,1.4,1.4,0.75,0.0,0.25,2.5,13.0,14.0,1.22,6.5,12.0,0.819672131147541,0.15384615384615385,0.08333333333333333,1.44,2.75,0.6944444444444444,0.36363636363636365,A,0,1,0,0
2024-09-14,2024/25,Manchester City,Brentford,2.8,0.6,3.0,7.0,1.8,1.8,1.8,4.8,4.2,1.0,2.0,1.6,0.6,0.0,0.4,2.2,14.0,14.0,1.18,8.0,12.0,0.8474576271186441,0.125,0.08333333333333333,1.36,3.2,0.7352941176470588,0.3125,H,2,1,1,1
2024-09-14,2024/25,Aston Villa,Everton,1.4,2.4,1.4,3.6,0.8,2.4,0.6,3.6,2.2,2.2,0.6,2.8,0.8,0.2,0.0,2.0,14.0,14.0,1.5,4.2,6.5,0.6666666666666666,0.23809523809523808,0.15384615384615385,1.67,2.2,0.5988023952095809,0.45454545454545453,H,3,2,1,1
2024-09-14,2024/25,AFC Bournemouth,Chelsea,1.4,1.6,1.0,4.8,2.2,1.4,2.0,6.0,1.6,1.0,2.6,2.4,0.0,0.25,0.75,2.25,14.0,13.0,3.4,3.8,2.0,0.29411764705882354,0.2631578947368421,0.5,1.44,2.75,0.6944444444444444,0.36363636363636365,A,0,1,0,0
2024-09-15,2024/25,Tottenham Hotspur,Arsenal,1.8,1.0,1.4,6.8,1.6,0.4,2.6,5.4,2.2,1.4,2.2,0.4,0.2,0.2,0.6,3.6,14.0,15.0,3.0,3.5,2.3,0.3333333333333333,0.2857142857142857,0.4347826086956522,1.57,2.38,0.6369426751592356,0.42016806722689076,A,0,1,0,0
2024-09-15,2024/25,Wolverhampton Wanderers,Newcastle United,0.8,2.8,0.2,4.0,2.0,1.4,2.0,4.8,1.0,2.6,2.2,1.8,0.0,0.4,0.6,2.6,15.0,14.0,3.4,3.5,2.1,0.29411764705882354,0.2857142857142857,0.47619047619047616,1.57,2.38,0.6369426751592356,0.42016806722689076,A,1,2,1,1
2024-09-21,2024/25,West Ham United,Chelsea,1.2,1.8,0.8,2.6,2.0,1.2,2.0,5.4,1.4,2.0,2.8,1.4,0.2,0.2,0.6,3.0,7.0,7.0,3.6,3.9,1.95,0.2777777777777778,0.25641025641025644,0.5128205128205129,1.5,2.63,0.6666666666666666,0.3802281368821293,A,0,3,1,0
2024-09-21,2024/25,Aston Villa,Wolverhampton Wanderers,1.4,2.2,1.8,4.2,0.8,2.6,0.2,3.6,2.2,2.0,0.8,2.4,0.2,0.4,0.4,2.0,7.0,6.0,1.57,4.2,5.25,0.6369426751592356,0.23809523809523808,0.19047619047619047,1.57,2.38,0.6369426751592356,0.42016806722689076,H,3,1,1,1
2024-09-21,2024/25,Fulham,Newcastle United,1.6,1.2,1.6,4.8,2.0,1.0,2.6,4.4,1.0,2.0,2.6,1.6,0.0,0.0,1.0,2.4,7.0,6.0,3.0,3.4,2.4,0.3333333333333333,0.29411764705882354,0.4166666666666667,1.67,2.2,0.5988023952095809,0.45454545454545453,H,3,1,1,1
2024-09-21,2024/25,Leicester City,Everton,1.4,1.6,1.0,3.6,1.0,3.0,0.0,2.8,1.2,1.8,0.8,3.2,0.2,0.6,0.2,2.6,7.0,7.0,2.45,3.4,2.88,0.4081632653061224,0.29411764705882354,0.3472222222222222,1.87,2.03,0.53475935828877,0.4926108374384237,D,1,1,0,1
2024-09-21,2024/25,Liverpool,AFC Bournemouth,1.8,0.2,2.4,7.0,1.2,1.4,1.0,5.4,1.6,0.8,1.2,1.6,0.75,0.0,0.25,4.5,7.0,7.0,1.3,6.25,9.0,0.7692307692307692,0.16,0.1111111111111111,1.36,3.2,0.7352941176470588,0.3125,H,3,0,1,0
2024-09-21,2024/25,Southampton,Ipswich Town,1.0,2.4,0.2,5.0,0.5,1.75,0.5,2.0,0.8,2.2,0.5,2.0,0.45,0.25,0.3,2.6,7.0,7.0,2.25,3.5,3.2,0.4444444444444444,0.2857142857142857,0.3125,1.8,2.0,0.5555555555555556,0.5,D,1,1,0,1
2024-09-21,2024/25,Tottenham Hotspur,Brentford,1.8,0.8,1.4,6.8,1.6,2.0,1.2,4.8,1.6,1.4,1.6,1.4,0.2,0.6,0.2,3.4,6.0,7.0,1.55,4.5,5.5,0.6451612903225806,0.2222222222222222,0.18181818181818182,1.44,2.75,0.6944444444444444,0.36363636363636365,H,3,1,1,1
2024-09-21,2024/25,Crystal Palace,Manchester United,1.8,1.4,1.0,4.8,1.4,1.0,1.8,5.2,2.6,0.8,1.6,1.6,0.6,0.2,0.2,2.2,7.0,7.0,2.88,3.75,2.3,0.3472222222222222,0.26666666666666666,0.4347826086956522,1.57,2.38,0.6369426751592356,0.42016806722689076,D,0,0,0,0
2024-09-22,2024/25,Brighton & Hove Albion,Nottingham Forest,1.2,0.8,1.6,4.6,1.2,0.6,2.2,6.0,0.8,1.0,1.4,0.8,0.5,0.25,0.25,2.5,8.0,8.0,1.75,3.75,4.75,0.5714285714285714,0.26666666666666666,0.21052631578947367,1.86,2.04,0.5376344086021505,0.49019607843137253,D,2,2,1,1
2024-09-22,2024/25,Manchester City,Arsenal,2.8,0.8,3.0,7.4,1.6,0.4,2.6,5.2,3.8,1.0,1.8,0.4,0.6,0.2,0.2,2.6,8.0,7.0,1.8,3.6,4.5,0.5555555555555556,0.2777777777777778,0.2222222222222222,2.04,1.86,0.49019607843137253,0.5376344086021505,D,2,2,1,1
2024-09-28,2024/25,Newcastle United,Manchester City,1.4,1.2,2.0,3.8,2.6,1.0,2.6,7.2,2.6,0.6,2.6,0.2,0.0,0.2,0.8,3.8,7.0,6.0,5.25,4.33,1.6,0.19047619047619047,0.23094688221709006,0.625,1.5,2.63,0.6666666666666666,0.3802281368821293,D,1,1,0,1
2024-09-28,2024/25,Arsenal,Leicester City,1.6,0.6,2.2,4.8,1.2,1.6,0.6,3.2,2.6,0.4,1.4,2.0,1.0,0.0,0.0,3.0,6.0,7.0,1.17,8.0,15.0,0.8547008547008548,0.125,0.06666666666666667,1.5,2.63,0.6666666666666666,0.3802281368821293,H,4,2,1,1
2024-09-28,2024/25,Brentford,West Ham United,1.4,1.8,1.2,5.0,1.0,1.8,0.8,3.6,1.8,1.2,1.2,2.8,0.8,0.0,0.2,3.4,7.0,7.0,2.2,3.5,3.2,0.45454545454545453,0.2857142857142857,0.3125,1.67,2.2,0.5988023952095809,0.45454545454545453,D,1,1,0,1
2024-09-28,2024/25,Chelsea,Brighton & Hove Albion,2.2,1.0,2.0,5.2,1.6,0.8,1.8,4.6,2.0,0.8,1.2,1.2,0.4,0.2,0.4,3.6,7.0,6.0,1.73,4.2,4.2,0.5780346820809249,0.23809523809523808,0.23809523809523808,1.5,2.63,0.6666666666666666,0.3802281368821293,H,4,2,1,1
2024-09-28,2024/25,Everton,Crystal Palace,1.0,2.8,0.2,3.4,0.8,1.4,0.6,3.8,1.2,1.2,1.4,1.0,0.6,0.4,0.0,3.0,7.0,7.0,2.7,3.3,2.63,0.37037037037037035,0.30303030303030304,0.3802281368821293,1.88,2.02,0.5319148936170213,0.49504950495049505,H,2,1,1,1
2024-09-28,2024/25,Nottingham Forest,Fulham,1.2,0.8,1.8,5.4,1.4,1.0,1.6,5.6,1.2,1.8,1.4,0.8,0.25,0.0,0.75,4.0,6.0,7.0,2.38,3.3,3.0,0.42016806722689076,0.30303030303030304,0.3333333333333333,2.02,1.88,0.49504950495049505,0.5319148936170213,A,0,1,0,0
2024-09-28,2024/25,Wolverhampton Wanderers,Liverpool,1.0,2.8,0.2,3.8,2.0,0.2,2.4,6.8,1.2,2.6,2.0,1.4,0.2,0.0,0.8,3.0,7.0,7.0,8.0,5.75,1.33,0.125,0.17391304347826086,0.7518796992481203,1.44,2.75,0.6944444444444444,0.36363636363636365,A,1,2,1,1
2024-09-29,2024/25,Ipswich Town,Aston Villa,0.6,1.6,0.6,2.8,2.0,1.4,2.4,4.6,0.5,1.5,1.2,1.6,0.45,0.25,0.3,2.6,8.0,8.0,4.0,3.75,1.85,0.25,0.26666666666666666,0.5405405405405405,1.73,2.1,0.5780346820809249,0.47619047619047616,D,2,2,1,1
2024-09-29,2024/25,Manchester United,Tottenham Hotspur,1.0,1.0,1.4,5.6,1.8,1.0,1.4,7.0,1.0,1.4,1.4,1.8,0.4,0.4,0.2,3.4,8.0,8.0,2.35,3.75,2.75,0.425531914893617,0.26666666666666666,0.36363636363636365,1.44,2.75,0.6944444444444444,0.36363636363636365,A,0,3,1,0
2024-09-30,2024/25,AFC Bournemouth,Southampton,1.0,1.6,1.0,5.6,0.4,1.8,0.2,3.6,1.4,1.2,1.2,2.8,0.5,0.0,0.5,1.0,9.0,9.0,1.65,4.1,5.0,0.6060606060606061,0.24390243902439027,0.2,1.5,2.63,0.6666666666666666,0.3802281368821293,H,3,1,1,1
2024-10-05,2024/25,Crystal Palace,Liverpool,0.8,1.4,0.6,3.6,2.0,0.4,2.4,7.0,2.2,0.8,2.4,1.2,0.2,0.4,0.4,2.0,7.0,7.0,6.0,4.5,1.5,0.16666666666666666,0.2222222222222222,0.6666666666666666,1.57,2.38,0.6369426751592356,0.42016806722689076,A,0,1,0,0
2024-10-05,2024/25,Arsenal,Southampton,2.0,1.0,2.2,6.8,0.6,2.2,0.2,3.4,2.4,0.8,1.2,2.8,0.4,0.4,0.2,3.2,7.0,5.0,1.14,9.0,17.0,0.8771929824561404,0.1111111111111111,0.058823529411764705,1.36,3.2,0.7352941176470588,0.3125,H,3,1,1,1
2024-10-05,2024/25,Brentford,Wolverhampton Wanderers,1.2,1.8,0.8,4.6,1.2,2.8,0.2,3.8,1.6,1.4,0.6,2.6,0.2,0.2,0.6,2.8,7.0,7.0,2.05,3.6,3.4,0.48780487804878053,0.2777777777777778,0.29411764705882354,1.73,2.1,0.5780346820809249,0.47619047619047616,H,5,3,1,1
2024-10-05,2024/25,Leicester City,AFC Bournemouth,1.4,2.2,0.4,3.2,1.4,1.6,1.4,6.0,1.0,1.6,1.0,2.2,0.0,0.0,1.0,2.0,7.0,5.0,3.1,3.75,2.15,0.3225806451612903,0.26666666666666666,0.46511627906976744,1.67,2.2,0.5988023952095809,0.45454545454545453,H,1,0,0,0
2024-10-05,2024/25,Manchester City,Fulham,2.4,1.2,2.2,7.4,1.6,0.8,2.2,5.6,3.2,1.2,1.2,0.8,1.0,0.0,0.0,3.8,7.0,7.0,1.25,7.0,9.5,0.8,0.14285714285714285,0.10526315789473684,1.44,2.75,0.6944444444444444,0.36363636363636365,H,3,2,1,1
2024-10-05,2024/25,West Ham United,Ipswich Town,1.0,1.6,1.0,3.6,1.0,1.6,0.8,3.4,1.4,2.2,0.6666666666666666,1.6666666666666667,0.45,0.25,0.3,2.6,7.0,6.0,1.8,3.8,4.33,0.5555555555555556,0.2631578947368421,0.23094688221709006,1.67,2.2,0.5988023952095809,0.45454545454545453,H,4,1,1,1
2024-10-05,2024/25,Everton,Newcastle United,1.4,2.4,0.8,3.6,1.4,1.4,1.6,4.4,1.2,1.4,2.0,2.0,0.4,0.2,0.4,2.4,7.0,7.0,3.2,3.6,2.2,0.3125,0.2777777777777778,0.45454545454545453,1.67,2.2,0.5988023952095809,0.45454545454545453,D,0,0,0,0
2024-10-06,2024/25,Aston Villa,Manchester United,2.0,1.6,2.0,4.6,0.8,1.6,0.8,5.0,2.2,2.0,1.2,1.2,0.2,0.2,0.6,3.4,7.0,7.0,2.2,3.75,3.0,0.45454545454545453,0.26666666666666666,0.3333333333333333,1.53,2.5,0.6535947712418301,0.4,D,0,0,0,0
2024-10-06,2024/25,Chelsea,Nottingham Forest,3.0,1.0,2.6,6.0,1.0,0.8,1.6,4.0,2.4,1.2,1.8,0.8,0.25,0.5,0.25,3.0,8.0,8.0,1.48,4.5,6.5,0.6756756756756757,0.2222222222222222,0.15384615384615385,1.57,2.38,0.6369426751592356,0.42016806722689076,D,1,1,0,1
2024-10-06,2024/25,Brighton & Hove Albion,Tottenham Hotspur,1.4,1.6,1.2,4.6,2.2,0.8,1.8,7.6,1.0,1.4,2.0,1.4,0.4,0.0,0.6,2.8,8.0,7.0,2.9,4.0,2.2,0.3448275862068966,0.25,0.45454545454545453,1.4,3.0,0.7142857142857143,0.3333333333333333,H,3,2,1,1
2024-10-19,2024/25,Tottenham Hotspur,West Ham United,1.8,1.4,1.2,6.8,1.4,1.8,1.0,5.6,1.8,1.0,1.0,2.0,0.4,0.4,0.2,2.6,13.0,14.0,1.5,5.0,5.25,0.6666666666666666,0.2,0.19047619047619047,1.36,3.2,0.7352941176470588,0.3125,H,4,1,1,1
2024-10-19,2024/25,Fulham,Aston Villa,1.6,1.2,1.6,5.2,2.0,1.2,2.2,4.2,1.4,1.6,1.2,2.0,0.2,0.0,0.8,3.0,14.0,13.0,2.45,3.5,2.8,0.4081632653061224,0.2857142857142857,0.35714285714285715,1.73,2.1,0.5780346820809249,0.47619047619047616,A,1,3,1,1
2024-10-19,2024/25,Ipswich Town,Everton,1.0,1.6,0.8,3.6,1.4,1.6,1.0,3.8,1.0,1.6666666666666667,1.0,2.2,0.45,0.25,0.3,2.6,14.0,14.0,2.38,3.3,3.0,0.42016806722689076,0.30303030303030304,0.3333333333333333,1.86,2.04,0.5376344086021505,0.49019607843137253,A,0,2,0,0
2024-10-19,2024/25,Manchester United,Brentford,0.6,1.2,1.0,5.0,2.2,2.0,1.4,6.6,0.8,1.8,0.8,1.8,0.6,0.2,0.2,2.6,13.0,14.0,1.7,4.2,4.5,0.5882352941176471,0.23809523809523808,0.2222222222222222,1.5,2.63,0.6666666666666666,0.3802281368821293,H,2,1,1,1
2024-10-19,2024/25,Newcastle United,Brighton & Hove Albion,1.2,1.2,1.6,4.0,1.6,1.8,1.2,4.4,2.0,0.8,1.4,1.8,0.4,0.4,0.2,2.8,14.0,13.0,1.95,3.7,3.6,0.5128205128205129,0.27027027027027023,0.2777777777777778,1.49,2.45,0.6711409395973155,0.4081632653061224,A,0,1,0,0
2024-10-19,2024/25,Southampton,Leicester City,0.8,2.6,0.2,3.6,1.4,1.8,1.0,2.8,1.0,2.2,1.6,2.6,0.4,0.4,0.2,3.0,14.0,14.0,2.3,3.5,3.0,0.4347826086956522,0.2857142857142857,0.3333333333333333,1.73,2.1,0.5780346820809249,0.47619047619047616,A,2,3,1,1
2024-10-19,2024/25,AFC Bournemouth,Arsenal,1.2,1.6,1.2,5.6,2.2,1.2,2.2,7.2,1.6,1.0,1.8,0.8,0.0,0.0,1.0,3.75,14.0,14.0,5.0,3.9,1.65,0.2,0.25641025641025644,0.6060606060606061,1.73,2.1,0.5780346820809249,0.47619047619047616,H,2,0,0,0
2024-10-20,2024/25,Wolverhampton Wanderers,Manchester City,1.4,2.6,0.2,4.2,2.2,1.4,2.2,7.8,1.4,2.8,2.4,0.4,0.2,0.0,0.8,4.2,15.0,15.0,8.0,6.0,1.33,0.125,0.16666666666666666,0.7518796992481203,1.44,2.75,0.6944444444444444,0.36363636363636365,A,1,2,1,1
2024-10-20,2024/25,Liverpool,Chelsea,1.8,0.4,2.4,6.2,2.0,0.8,2.2,6.0,2.2,0.6,3.0,1.0,0.2,0.8,0.0,2.2,15.0,14.0,1.62,4.1,5.0,0.6172839506172839,0.24390243902439027,0.2,1.4,3.0,0.7142857142857143,0.3333333333333333,H,2,1,1,1
2024-10-21,2024/25,Nottingham Forest,Crystal Palace,1.0,1.0,1.2,4.2,0.8,1.2,0.6,4.2,0.8,1.6,1.4,1.4,0.25,0.75,0.0,1.25,15.0,16.0,2.3,3.5,3.0,0.4347826086956522,0.2857142857142857,0.3333333333333333,2.1,1.73,0.47619047619047616,0.5780346820809249,H,1,0,0,0
2024-10-25,2024/25,Leicester City,Nottingham Forest,1.8,1.8,1.6,3.0,1.0,0.8,1.6,4.4,1.2,1.0,1.4,0.8,0.5,0.0,0.5,3.0,6.0,4.0,3.0,3.3,2.4,0.3333333333333333,0.30303030303030304,0.4166666666666667,2.0,1.8,0.5,0.5555555555555556,A,1,3,1,1
2024-10-26,2024/25,Brighton & Hove Albion,Wolverhampton Wanderers,1.6,1.6,1.6,4.6,1.4,2.8,0.0,4.0,1.4,1.4,1.0,2.6,0.8,0.2,0.0,3.8,7.0,6.0,1.62,4.5,4.5,0.6172839506172839,0.2222222222222222,0.2222222222222222,1.57,2.38,0.6369426751592356,0.42016806722689076,D,2,2,1,1
2024-10-26,2024/25,Aston Villa,AFC Bournemouth,2.2,1.2,2.2,4.2,1.0,1.2,1.2,5.0,1.8,1.6,1.0,1.8,0.5,0.25,0.25,3.25,7.0,7.0,1.85,3.9,3.8,0.5405405405405405,0.25641025641025644,0.2631578947368421,1.57,2.38,0.6369426751592356,0.42016806722689076,D,1,1,0,1
2024-10-26,2024/25,Manchester City,Southampton,2.0,1.4,2.2,7.6,1.0,2.6,0.2,3.8,2.8,1.4,0.8,2.6,0.6,0.4,0.0,3.6,6.0,7.0,1.11,10.0,17.0,0.9009009009009008,0.1,0.058823529411764705,1.29,3.75,0.7751937984496123,0.26666666666666666,H,1,0,0,0
2024-10-26,2024/25,Everton,Fulham,1.4,1.0,1.6,3.8,1.6,1.6,1.4,5.2,1.0,1.4,1.6,1.4,0.0,0.4,0.6,1.4,7.0,7.0,2.75,3.25,2.63,0.36363636363636365,0.3076923076923077,0.3802281368821293,1.91,1.99,0.5235602094240838,0.5025125628140703,D,1,1,0,1
2024-10-26,2024/25,Brentford,Ipswich Town,1.8,2.2,0.8,5.6,0.8,1.8,0.6,3.2,2.6,2.0,0.75,2.25,0.45,0.25,0.3,2.6,7.0,7.0,1.65,4.33,4.75,0.6060606060606061,0.23094688221709006,0.21052631578947367,1.67,2.2,0.5988023952095809,0.45454545454545453,H,4,3,1,1
2024-10-27,2024/25,Chelsea,Newcastle United,2.0,1.0,2.0,5.0,0.8,1.2,1.0,4.6,1.6,1.4,1.6,1.4,0.4,0.2,0.4,2.8,7.0,8.0,1.73,4.33,4.2,0.5780346820809249,0.23094688221709006,0.23809523809523808,1.44,2.75,0.6944444444444444,0.36363636363636365,H,2,1,1,1
2024-10-27,2024/25,Crystal Palace,Tottenham Hotspur,0.6,1.2,0.4,5.0,2.4,1.2,1.8,7.0,1.4,1.0,2.0,1.2,0.0,0.0,1.0,3.0,6.0,8.0,3.9,4.0,1.83,0.25641025641025644,0.25,0.5464480874316939,1.57,2.38,0.6369426751592356,0.42016806722689076,H,1,0,0,0
2024-10-27,2024/25,West Ham United,Manchester United,1.4,2.0,1.0,6.0,1.0,0.8,1.6,6.6,1.8,2.0,1.2,0.4,0.4,0.0,0.6,1.6,8.0,8.0,2.88,3.75,2.3,0.3472222222222222,0.26666666666666666,0.4347826086956522,1.53,2.5,0.6535947712418301,0.4,H,2,1,1,1
2024-10-27,2024/25,Arsenal,Liverpool,2.0,1.4,2.0,6.0,1.6,0.6,2.4,6.6,2.4,1.0,2.2,0.8,0.4,0.4,0.2,3.4,8.0,7.0,2.5,3.25,2.9,0.4,0.3076923076923077,0.3448275862068966,1.92,1.98,0.5208333333333334,0.5050505050505051,D,2,2,1,1
2024-11-02,2024/25,Newcastle United,Arsenal,0.6,1.4,0.4,4.0,2.2,1.8,1.6,5.8,1.0,0.8,1.2,0.8,0.4,0.2,0.4,2.0,6.0,6.0,3.75,3.75,1.95,0.26666666666666666,0.26666666666666666,0.5128205128205129,1.84,2.06,0.5434782608695652,0.4854368932038835,H,1,0,0,0
2024-11-02,2024/25,AFC Bournemouth,Manchester City,1.2,1.2,1.4,4.2,1.8,1.2,2.2,7.8,1.4,1.0,2.0,0.6,0.0,0.0,1.0,4.25,7.0,7.0,5.5,4.2,1.57,0.18181818181818182,0.23809523809523808,0.6369426751592356,1.57,2.38,0.6369426751592356,0.42016806722689076,H,2,1,1,1
2024-11-02,2024/25,Ipswich Town,Leicester City,1.4,2.6,0.4,4.0,1.6,2.0,1.4,2.4,0.75,1.75,1.6,2.0,0.45,0.25,0.3,2.6,7.0,8.0,2.25,3.5,3.1,0.4444444444444444,0.2857142857142857,0.3225806451612903,1.73,2.1,0.5780346820809249,0.47619047619047616,D,1,1,0,1
2024-11-02,2024/25,Liverpool,Brighton & Hove Albion,2.0,0.8,2.6,6.4,2.0,2.0,1.6,4.6,1.8,0.4,1.6,1.2,0.4,0.4,0.2,3.6,6.0,7.0,1.4,5.0,7.5,0.7142857142857143,0.2,0.13333333333333333,1.4,3.0,0.7142857142857143,0.3333333333333333,H,2,1,1,1
2024-11-02,2024/25,Nottingham Forest,West Ham United,1.4,1.0,1.6,4.8,1.6,2.0,1.4,6.0,1.0,1.2,1.2,1.8,0.5,0.0,0.5,3.0,8.0,6.0,2.15,3.5,3.4,0.46511627906976744,0.2857142857142857,0.29411764705882354,1.89,2.01,0.5291005291005292,0.49751243781094534,H,3,0,1,0
2024-11-02,2024/25,Southampton,Everton,1.0,2.2,0.2,3.4,1.2,0.6,1.8,4.4,1.4,2.4,1.2,2.0,0.4,0.0,0.6,2.6,7.0,7.0,2.63,3.4,2.63,0.3802281368821293,0.29411764705882354,0.3802281368821293,1.84,2.06,0.5434782608695652,0.4854368932038835,H,1,0,0,0
2024-11-02,2024/25,Wolverhampton Wanderers,Crystal Palace,1.6,2.8,0.2,4.4,0.4,0.8,0.8,5.4,1.2,3.0,1.2,1.4,0.2,0.0,0.8,3.2,7.0,6.0,2.5,3.4,2.88,0.4,0.29411764705882354,0.3472222222222222,1.9,2.0,0.5263157894736842,0.5,D,2,2,1,1
2024-11-03,2024/25,Tottenham Hotspur,Aston Villa,2.4,1.2,1.8,6.6,1.8,1.0,1.8,4.2,2.2,1.0,1.8,2.0,0.4,0.0,0.6,3.2,7.0,8.0,1.91,4.0,3.6,0.5235602094240838,0.25,0.2777777777777778,1.44,2.75,0.6944444444444444,0.36363636363636365,H,4,1,1,1
2024-11-03,2024/25,Manchester United,Chelsea,0.6,1.2,1.0,5.6,2.2,1.2,2.0,5.8,1.2,1.8,2.6,1.0,0.4,0.4,0.2,3.8,7.0,7.0,2.6,3.5,2.6,0.3846153846153846,0.2857142857142857,0.3846153846153846,1.44,2.75,0.6944444444444444,0.36363636363636365,D,1,1,0,1
2024-11-04,2024/25,Fulham,Brentford,1.6,1.6,1.4,4.8,2.4,2.4,1.4,6.4,1.4,2.0,1.0,2.0,0.25,0.25,0.5,3.25,9.0,9.0,2.0,3.7,3.5,0.5,0.27027027027027023,0.2857142857142857,1.67,2.2,0.5988023952095809,0.45454545454545453,H,2,1,1,1
2024-11-09,2024/25,Brentford,AFC Bournemouth,2.4,2.2,1.4,5.6,1.6,0.8,2.0,4.2,3.0,1.8,1.0,1.6,0.5,0.5,0.0,2.25,5.0,7.0,2.5,3.5,2.7,0.4,0.2857142857142857,0.37037037037037035,1.62,2.3,0.6172839506172839,0.4347826086956522,H,3,2,1,1
2024-11-09,2024/25,Crystal Palace,Fulham,0.8,1.2,0.8,6.0,1.4,1.6,1.4,5.0,0.6,1.0,1.0,1.2,0.0,0.8,0.2,1.8,7.0,5.0,2.7,3.5,2.55,0.37037037037037035,0.2857142857142857,0.3921568627450981,1.95,1.95,0.5128205128205129,0.5128205128205129,A,0,2,0,0
2024-11-09,2024/25,West Ham United,Everton,1.6,2.0,1.4,5.0,1.0,0.6,1.6,4.4,1.6,2.0,1.0,1.8,0.6,0.0,0.4,2.2,7.0,7.0,2.15,3.4,3.4,0.46511627906976744,0.29411764705882354,0.29411764705882354,1.84,2.06,0.5434782608695652,0.4854368932038835,D,0,0,0,0
2024-11-09,2024/25,Wolverhampton Wanderers,Southampton,1.8,2.6,0.4,4.8,1.0,2.0,0.6,3.2,1.4,2.8,0.6,2.2,1.0,0.0,0.0,2.4,7.0,7.0,1.91,3.75,3.75,0.5235602094240838,0.26666666666666666,0.26666666666666666,1.67,2.2,0.5988023952095809,0.45454545454545453,H,2,0,0,0
2024-11-09,2024/25,Brighton & Hove Albion,Manchester City,1.8,2.0,1.4,5.0,1.6,1.2,2.0,6.4,1.8,1.4,1.8,1.0,0.0,0.2,0.8,3.2,7.0,7.0,4.1,4.2,1.73,0.24390243902439027,0.23809523809523808,0.5780346820809249,1.53,2.5,0.6535947712418301,0.4,H,2,1,1,1
2024-11-09,2024/25,Liverpool,Aston Villa,1.8,1.0,2.6,5.4,1.4,1.6,1.2,3.6,1.8,0.6,2.0,1.8,0.6,0.4,0.0,3.6,7.0,6.0,1.42,5.25,6.5,0.7042253521126761,0.19047619047619047,0.15384615384615385,1.44,2.75,0.6944444444444444,0.36363636363636365,H,2,0,0,0
2024-11-10,2024/25,Manchester United,Leicester City,0.8,1.4,1.0,5.2,1.6,2.0,1.4,3.2,0.8,1.6,1.8,2.2,0.4,0.2,0.4,3.0,7.0,8.0,1.38,5.5,6.5,0.7246376811594204,0.18181818181818182,0.15384615384615385,1.44,2.75,0.6944444444444444,0.36363636363636365,H,3,0,1,0
2024-11-10,2024/25,Nottingham Forest,Newcastle United,1.6,0.6,2.0,5.4,0.6,0.8,1.0,4.0,1.2,0.6,1.0,1.4,0.25,0.0,0.75,3.5,8.0,8.0,2.7,3.3,2.7,0.37037037037037035,0.30303030303030304,0.37037037037037035,1.97,1.93,0.5076142131979695,0.5181347150259068,A,1,3,1,1
2024-11-10,2024/25,Tottenham Hotspur,Ipswich Town,2.6,1.2,1.8,5.8,1.4,2.6,0.4,3.2,3.0,0.8,1.2,2.6,0.45,0.25,0.3,2.6,7.0,8.0,1.25,6.5,9.0,0.8,0.15384615384615385,0.1111111111111111,1.3,3.5,0.7692307692307692,0.2857142857142857,A,1,2,1,1
2024-11-10,2024/25,Chelsea,Arsenal,1.8,1.4,1.6,5.4,1.8,1.6,1.4,5.4,1.6,1.4,1.0,1.0,0.0,0.2,0.8,4.0,7.0,8.0,2.7,3.4,2.55,0.37037037037037035,0.29411764705882354,0.3921568627450981,1.73,2.1,0.5780346820809249,0.47619047619047616,D,1,1,0,1
2024-11-23,2024/25,Arsenal,Nottingham Forest,1.2,1.4,1.0,2.8,1.8,1.0,2.0,5.8,2.4,1.2,1.6,0.8,0.75,0.0,0.25,3.0,13.0,13.0,1.38,4.75,9.0,0.7246376811594204,0.21052631578947367,0.1111111111111111,1.8,2.0,0.5555555555555556,0.5,H,3,0,1,0
2024-11-23,2024/25,AFC Bournemouth,Brighton & Hove Albion,1.4,1.2,1.4,3.6,1.8,1.4,2.0,4.8,1.6,0.8,1.6,1.4,0.25,0.0,0.75,2.5,14.0,14.0,2.4,3.6,2.8,0.4166666666666667,0.2777777777777778,0.35714285714285715,1.57,2.38,0.6369426751592356,0.42016806722689076,A,1,2,1,1
2024-11-23,2024/25,Aston Villa,Crystal Palace,1.0,1.6,1.0,3.4,0.6,1.2,0.8,6.0,1.4,1.2,1.0,1.6,0.4,0.2,0.4,3.2,14.0,14.0,1.62,4.0,5.5,0.6172839506172839,0.25,0.18181818181818182,1.73,2.1,0.5780346820809249,0.47619047619047616,D,2,2,1,1
2024-11-23,2024/25,Fulham,Wolverhampton Wanderers,1.6,1.6,1.4,6.0,2.0,2.2,1.0,5.0,1.8,1.4,1.4,2.6,0.2,0.4,0.4,2.2,14.0,14.0,1.62,4.0,5.25,0.6172839506172839,0.25,0.19047619047619047,1.67,2.2,0.5988023952095809,0.45454545454545453,A,1,4,1,1
2024-11-23,2024/25,Everton,Brentford,0.6,0.4,1.2,4.8,2.8,2.4,1.8,6.2,1.0,1.6,0.8,2.2,0.6,0.2,0.2,2.6,14.0,14.0,2.45,3.4,2.88,0.4081632653061224,0.29411764705882354,0.3472222222222222,1.86,2.04,0.5376344086021505,0.49019607843137253,D,0,0,0,0
2024-11-23,2024/25,Manchester City,Tottenham Hotspur,1.6,1.4,1.8,6.4,2.2,1.6,1.2,4.8,2.4,1.2,1.4,1.4,0.4,0.2,0.4,4.0,14.0,13.0,1.48,4.75,6.0,0.6756756756756757,0.21052631578947367,0.16666666666666666,1.3,3.5,0.7692307692307692,0.2857142857142857,A,0,4,1,0
2024-11-23,2024/25,Leicester City,Chelsea,1.2,1.8,1.4,3.6,1.2,1.2,1.2,4.6,1.0,1.4,2.4,1.0,0.0,0.2,0.8,3.0,13.0,13.0,6.5,4.75,1.44,0.15384615384615385,0.21052631578947367,0.6944444444444444,1.5,2.63,0.6666666666666666,0.3802281368821293,A,1,2,1,1
2024-11-24,2024/25,Southampton,Liverpool,0.8,1.8,0.6,2.6,1.8,0.8,2.6,5.2,0.8,1.6,2.0,0.6,0.0,0.2,0.8,4.2,15.0,15.0,11.0,5.75,1.27,0.09090909090909091,0.17391304347826086,0.7874015748031495,1.44,2.75,0.6944444444444444,0.36363636363636365,A,2,3,1,1
2024-11-24,2024/25,Ipswich Town,Manchester United,1.4,2.4,0.8,2.8,1.4,0.8,1.6,5.4,0.8,1.6,1.0,0.8,0.45,0.25,0.3,2.6,14.0,14.0,5.25,4.0,1.62,0.19047619047619047,0.25,0.6172839506172839,1.57,2.38,0.6369426751592356,0.42016806722689076,D,1,1,0,1
2024-11-25,2024/25,Newcastle United,West Ham United,1.0,0.8,1.4,4.4,1.4,1.8,1.4,5.6,1.0,0.6,1.0,1.8,0.4,0.6,0.0,4.2,15.0,16.0,1.5,4.5,6.0,0.6666666666666666,0.2222222222222222,0.16666666666666666,1.53,2.5,0.6535947712418301,0.4,A,0,2,0,0
2024-11-29,2024/25,Brighton & Hove Albion,Southampton,1.6,1.2,2.0,4.8,1.0,1.8,0.6,3.2,1.8,1.4,0.6,2.4,0.6,0.4,0.0,3.4,6.0,5.0,1.38,5.0,7.5,0.7246376811594204,0.2,0.13333333333333333,1.44,2.75,0.6944444444444444,0.36363636363636365,D,1,1,0,1
2024-11-30,2024/25,Brentford,Leicester City,1.8,1.8,1.4,4.2,1.2,2.2,0.8,3.4,3.2,2.0,1.6,2.4,0.0,0.5,0.5,3.0,7.0,7.0,1.65,4.2,4.75,0.6060606060606061,0.23809523809523808,0.21052631578947367,1.57,2.38,0.6369426751592356,0.42016806722689076,H,4,1,1,1
2024-11-30,2024/25,West Ham United,Arsenal,1.0,1.6,1.4,4.2,1.2,1.2,1.0,3.0,1.4,1.6,0.8,1.2,0.2,0.2,0.6,3.8,5.0,7.0,7.0,4.5,1.45,0.14285714285714285,0.2222222222222222,0.6896551724137931,1.73,2.1,0.5780346820809249,0.47619047619047616,A,2,5,1,1
2024-11-30,2024/25,Crystal Palace,Newcastle United,1.0,1.4,1.0,6.2,1.0,1.2,1.2,4.2,0.6,1.0,1.4,1.4,0.2,0.4,0.4,1.4,7.0,5.0,2.9,3.6,2.3,0.3448275862068966,0.2777777777777778,0.4347826086956522,1.8,2.0,0.5555555555555556,0.5,D,1,1,0,1
2024-11-30,2024/25,Wolverhampton Wanderers,AFC Bournemouth,2.2,1.4,1.6,4.8,1.6,1.4,1.4,4.2,1.4,1.6,1.2,2.0,0.25,0.25,0.5,1.25,7.0,7.0,2.8,3.6,2.4,0.35714285714285715,0.2777777777777778,0.4166666666666667,1.67,2.2,0.5988023952095809,0.45454545454545453,A,2,4,1,1
2024-11-30,2024/25,Nottingham Forest,Ipswich Town,1.6,1.4,1.8,4.0,1.4,1.8,1.0,3.6,1.2,1.0,1.4,2.0,0.45,0.25,0.3,2.6,7.0,6.0,1.7,3.8,4.75,0.5882352941176471,0.2631578947368421,0.21052631578947367,1.92,1.98,0.5208333333333334,0.5050505050505051,H,1,0,0,0
2024-12-01,2024/25,Chelsea,Aston Villa,1.4,1.2,1.6,4.4,1.4,2.0,1.0,4.2,1.8,1.2,1.6,2.0,0.4,0.2,0.4,2.6,8.0,8.0,1.7,4.1,4.5,0.5882352941176471,0.24390243902439027,0.2222222222222222,1.53,2.5,0.6535947712418301,0.4,H,3,0,1,0
2024-12-01,2024/25,Manchester United,Everton,1.6,1.0,1.6,5.4,0.6,0.4,1.2,5.4,1.2,1.6,1.0,1.0,0.8,0.0,0.2,2.2,7.0,8.0,1.53,4.2,6.0,0.6535947712418301,0.23809523809523808,0.16666666666666666,1.73,2.1,0.5780346820809249,0.47619047619047616,H,4,0,1,0
2024-12-01,2024/25,Tottenham Hotspur,Fulham,2.6,1.0,1.8,5.6,1.4,1.8,1.4,5.8,2.4,1.2,1.4,1.0,0.8,0.0,0.2,2.0,8.0,8.0,1.7,4.5,4.1,0.5882352941176471,0.2222222222222222,0.24390243902439027,1.44,2.75,0.6944444444444444,0.36363636363636365,D,1,1,0,1
2024-12-01,2024/25,Liverpool,Manchester City,2.2,1.2,2.6,6.6,1.0,1.8,1.2,6.0,1.8,0.6,1.6,1.4,0.2,0.6,0.2,2.8,7.0,8.0,2.1,3.6,3.3,0.47619047619047616,0.2777777777777778,0.30303030303030304,1.57,2.38,0.6369426751592356,0.42016806722689076,H,2,0,0,0
2024-12-03,2024/25,Ipswich Town,Crystal Palace,1.4,1.6,1.0,3.8,1.2,1.4,1.2,5.6,1.0,1.4,1.2,1.6,0.45,0.25,0.3,2.6,3.0,3.0,3.0,3.4,2.35,0.3333333333333333,0.29411764705882354,0.425531914893617,2.01,1.89,0.49751243781094534,0.5291005291005292,A,0,1,0,0
2024-12-03,2024/25,Leicester City,West Ham United,0.8,2.6,0.2,3.2,1.2,1.8,1.4,4.4,1.0,1.6,1.0,1.8,0.4,0.2,0.4,3.8,3.0,3.0,2.9,3.4,2.38,0.3448275862068966,0.29411764705882354,0.42016806722689076,1.73,2.1,0.5780346820809249,0.47619047619047616,H,3,1,1,1
2024-12-04,2024/25,Southampton,Chelsea,0.8,1.4,0.8,2.2,1.8,0.8,2.2,5.6,1.2,2.0,1.6,0.8,0.4,0.2,0.4,3.2,5.0,3.0,8.5,5.25,1.33,0.11764705882352941,0.19047619047619047,0.7518796992481203,1.44,2.75,0.6944444444444444,0.36363636363636365,A,1,5,1,1
2024-12-04,2024/25,Arsenal,Manchester United,2.2,1.2,1.6,4.2,2.0,0.8,1.6,4.2,2.6,1.2,1.0,0.6,0.8,0.0,0.2,3.6,4.0,3.0,1.44,4.5,7.0,0.6944444444444444,0.2222222222222222,0.14285714285714285,1.62,2.3,0.6172839506172839,0.4347826086956522,H,2,0,0,0
2024-12-04,2024/25,Everton,Wolverhampton Wanderers,0.2,1.2,0.6,4.2,2.4,1.8,1.6,5.0,1.0,1.0,2.2,2.4,0.0,0.2,0.8,2.0,3.0,4.0,2.1,3.4,3.5,0.47619047619047616,0.29411764705882354,0.2857142857142857,2.03,1.87,0.4926108374384237,0.53475935828877,H,4,0,1,0
2024-12-04,2024/25,Manchester City,Nottingham Forest,0.6,2.0,0.6,5.0,1.6,1.4,1.8,3.8,1.6,1.8,1.4,1.4,0.75,0.25,0.0,3.0,3.0,4.0,1.36,4.75,9.0,0.7352941176470588,0.21052631578947367,0.1111111111111111,1.57,2.38,0.6369426751592356,0.42016806722689076,H,3,0,1,0
2024-12-04,2024/25,Newcastle United,Liverpool,1.2,1.2,1.4,3.0,2.2,1.0,2.6,7.0,0.8,1.0,2.2,1.0,0.0,0.0,1.0,3.0,4.0,3.0,4.2,4.0,1.75,0.23809523809523808,0.25,0.5714285714285714,1.57,2.38,0.6369426751592356,0.42016806722689076,D,3,3,1,1
2024-12-04,2024/25,Aston Villa,Brentford,0.8,2.4,0.4,4.0,2.4,1.6,2.0,5.0,1.8,1.2,0.8,1.8,0.4,0.4,0.2,3.6,3.0,4.0,1.8,3.75,4.33,0.5555555555555556,0.26666666666666666,0.23094688221709006,1.57,2.38,0.6369426751592356,0.42016806722689076,H,3,1,1,1
2024-12-05,2024/25,Fulham,Brighton & Hove Albion,1.4,1.4,1.6,6.2,1.6,1.4,1.6,4.8,1.6,2.0,1.4,1.6,0.6,0.4,0.0,1.8,4.0,6.0,2.35,3.6,2.88,0.425531914893617,0.2777777777777778,0.3472222222222222,1.62,2.3,0.6172839506172839,0.4347826086956522,H,3,1,1,1
2024-12-05,2024/25,AFC Bournemouth,Tottenham Hotspur,2.0,1.8,1.4,5.0,2.0,1.0,1.4,4.8,1.6,1.0,2.0,1.2,0.25,0.0,0.75,4.0,5.0,4.0,2.63,3.75,2.45,0.3802281368821293,0.26666666666666666,0.4081632653061224,1.44,2.75,0.6944444444444444,0.36363636363636365,H,1,0,0,0
2024-12-07,2024/25,Aston Villa,Southampton,1.2,2.4,0.8,4.4,1.0,2.2,0.8,2.6,1.8,1.0,0.6,2.0,0.8,0.0,0.2,1.6,3.0,3.0,1.36,5.5,7.0,0.7352941176470588,0.18181818181818182,0.14285714285714285,1.44,2.75,0.6944444444444444,0.36363636363636365,H,1,0,0,0
2024-12-07,2024/25,Brentford,Newcastle United,1.8,1.6,1.4,3.4,1.6,1.4,1.6,3.6,3.4,2.0,1.2,1.4,0.0,0.0,1.0,3.6,3.0,3.0,2.88,3.75,2.3,0.3472222222222222,0.26666666666666666,0.4347826086956522,1.57,2.38,0.6369426751592356,0.42016806722689076,H,4,2,1,1
2024-12-07,2024/25,Crystal Palace,Manchester City,1.2,1.4,1.2,5.0,1.0,2.0,0.6,4.8,0.4,0.8,1.0,1.6,0.0,0.4,0.6,3.4,4.0,3.0,5.5,4.2,1.57,0.18181818181818182,0.23809523809523808,0.6369426751592356,1.62,2.3,0.6172839506172839,0.4347826086956522,D,2,2,1,1
2024-12-07,2024/25,Manchester United,Nottingham Forest,1.8,0.8,1.6,3.6,1.0,1.8,1.2,3.4,2.0,1.0,1.2,2.0,0.75,0.0,0.25,3.25,3.0,3.0,1.65,3.9,5.25,0.6060606060606061,0.25641025641025644,0.19047619047619047,1.8,2.0,0.5555555555555556,0.5,A,2,3,1,1
2024-12-08,2024/25,Fulham,Arsenal,1.8,1.4,2.0,6.0,2.2,0.8,2.0,4.8,2.0,2.0,1.6,1.6,0.2,0.4,0.4,3.0,3.0,4.0,5.0,4.33,1.6,0.2,0.23094688221709006,0.625,1.8,2.0,0.5555555555555556,0.5,D,1,1,0,1
2024-12-08,2024/25,Ipswich Town,AFC Bournemouth,0.8,1.0,1.0,3.2,2.0,1.6,1.8,6.0,0.8,1.4,1.4,2.0,0.45,0.25,0.3,2.6,5.0,3.0,3.5,3.75,2.0,0.2857142857142857,0.26666666666666666,0.5,1.73,2.1,0.5780346820809249,0.47619047619047616,A,1,2,1,1
2024-12-08,2024/25,Leicester City,Brighton & Hove Albion,1.2,2.2,0.8,4.2,1.4,1.6,1.4,4.2,1.4,1.4,1.4,2.0,0.2,0.4,0.4,3.8,5.0,3.0,4.5,3.8,1.73,0.2222222222222222,0.2631578947368421,0.5780346820809249,1.57,2.38,0.6369426751592356,0.42016806722689076,D,2,2,1,1
2024-12-08,2024/25,Tottenham Hotspur,Chelsea,2.0,1.0,1.4,5.0,2.4,0.8,2.2,6.8,2.6,1.2,2.4,1.0,0.2,0.2,0.6,3.0,3.0,4.0,3.4,3.9,2.0,0.29411764705882354,0.25641025641025644,0.5,1.36,3.2,0.7352941176470588,0.3125,A,3,4,1,1
2024-12-09,2024/25,West Ham United,Wolverhampton Wanderers,1.0,2.2,0.8,5.8,2.0,2.2,1.4,4.0,1.6,2.0,2.0,3.0,0.8,0.0,0.2,2.0,6.0,5.0,1.9,3.9,3.75,0.5263157894736842,0.25641025641025644,0.26666666666666666,1.62,2.3,0.6172839506172839,0.4347826086956522,H,2,1,1,1
2024-12-14,2024/25,Arsenal,Everton,2.4,0.8,2.2,5.4,0.8,1.0,1.0,4.0,2.8,1.0,0.6,1.2,0.8,0.0,0.2,3.0,6.0,10.0,1.22,6.5,12.0,0.819672131147541,0.15384615384615385,0.08333333333333333,1.67,2.2,0.5988023952095809,0.45454545454545453,D,0,0,0,0
2024-12-14,2024/25,Liverpool,Fulham,2.4,1.2,2.6,7.2,1.6,1.4,1.6,4.0,2.2,0.4,1.4,1.0,0.6,0.2,0.2,3.4,10.0,6.0,1.33,5.5,8.0,0.7518796992481203,0.18181818181818182,0.125,1.5,2.63,0.6666666666666666,0.3802281368821293,D,2,2,1,1
2024-12-14,2024/25,Newcastle United,Leicester City,1.8,2.2,1.0,3.4,1.4,2.4,0.8,3.6,1.0,1.4,1.4,2.8,0.6,0.2,0.2,3.2,7.0,6.0,1.3,6.0,8.5,0.7692307692307692,0.16666666666666666,0.11764705882352941,1.44,2.75,0.6944444444444444,0.36363636363636365,H,4,0,1,0
2024-12-14,2024/25,Wolverhampton Wanderers,Ipswich Town,1.8,2.2,1.2,3.8,0.8,1.2,0.8,3.8,1.6,2.0,1.4,2.2,0.45,0.25,0.3,2.6,5.0,6.0,1.9,3.8,3.8,0.5263157894736842,0.2631578947368421,0.2631578947368421,1.73,2.1,0.5780346820809249,0.47619047619047616,A,1,2,1,1
2024-12-14,2024/25,Nottingham Forest,Aston Villa,1.0,2.2,1.2,2.8,1.2,1.6,1.4,5.2,1.2,0.8,1.2,2.4,0.25,0.25,0.5,3.0,7.0,7.0,2.63,3.3,2.7,0.3802281368821293,0.30303030303030304,0.37037037037037035,1.9,2.0,0.5263157894736842,0.5,H,2,1,1,1
2024-12-15,2024/25,Brighton & Hove Albion,Crystal Palace,1.6,1.6,1.6,4.6,1.2,1.4,1.2,4.2,2.0,1.6,1.2,1.4,0.4,0.6,0.0,2.4,7.0,8.0,1.85,3.8,3.9,0.5405405405405405,0.2631578947368421,0.25641025641025644,1.73,2.1,0.5780346820809249,0.47619047619047616,A,1,3,1,1
2024-12-15,2024/25,Manchester City,Manchester United,1.2,2.0,0.8,4.8,2.0,1.2,1.4,4.2,1.8,1.6,0.4,1.0,0.8,0.0,0.2,4.8,8.0,8.0,1.57,4.5,5.0,0.6369426751592356,0.2222222222222222,0.2,1.44,2.75,0.6944444444444444,0.36363636363636365,A,1,2,1,1
2024-12-15,2024/25,Chelsea,Brentford,3.0,1.2,2.6,7.8,2.4,1.6,2.0,4.6,2.2,1.0,0.8,2.0,0.0,0.4,0.6,2.6,7.0,8.0,1.33,6.0,7.5,0.7518796992481203,0.16666666666666666,0.13333333333333333,1.33,3.4,0.7518796992481203,0.29411764705882354,H,2,1,1,1
2024-12-15,2024/25,Southampton,Tottenham Hotspur,0.8,2.4,0.2,2.2,1.8,1.6,0.8,4.8,1.4,2.4,1.8,1.0,0.2,0.4,0.4,4.2,8.0,7.0,4.33,4.5,1.67,0.23094688221709006,0.2222222222222222,0.5988023952095809,1.3,3.5,0.7692307692307692,0.2857142857142857,A,0,5,1,0
2024-12-16,2024/25,AFC Bournemouth,West Ham United,2.0,1.6,1.8,6.0,1.4,1.8,1.4,6.2,1.8,0.8,1.0,2.2,0.0,0.5,0.5,2.5,8.0,7.0,1.7,4.0,4.75,0.5882352941176471,0.25,0.21052631578947367,1.53,2.5,0.6535947712418301,0.4,D,1,1,0,1
2024-12-21,2024/25,Aston Villa,Manchester City,1.4,1.6,1.4,5.2,1.2,2.0,0.8,4.2,1.4,0.8,1.2,1.8,0.2,0.2,0.6,3.4,7.0,6.0,3.25,3.7,2.1,0.3076923076923077,0.27027027027027023,0.47619047619047616,1.57,2.38,0.6369426751592356,0.42016806722689076,H,2,1,1,1
2024-12-21,2024/25,Brentford,Nottingham Forest,2.0,1.6,1.4,4.2,1.2,1.8,1.8,3.4,4.0,2.2,1.4,2.0,0.5,0.5,0.0,3.5,6.0,7.0,2.3,3.6,2.9,0.4347826086956522,0.2777777777777778,0.3448275862068966,1.73,2.1,0.5780346820809249,0.47619047619047616,A,0,2,0,0
2024-12-21,2024/25,Ipswich Town,Newcastle United,0.8,1.2,0.8,4.2,2.0,2.0,1.0,4.4,0.6,1.4,1.4,1.6,0.45,0.25,0.3,2.6,7.0,7.0,4.75,3.75,1.73,0.21052631578947367,0.26666666666666666,0.5780346820809249,1.62,2.3,0.6172839506172839,0.4347826086956522,A,0,4,1,0
2024-12-21,2024/25,West Ham United,Brighton & Hove Albion,1.6,2.0,1.4,5.6,1.4,2.0,1.0,4.8,2.0,1.6,1.4,1.6,0.2,0.2,0.6,2.8,5.0,6.0,2.88,3.7,2.35,0.3472222222222222,0.27027027027027023,0.425531914893617,1.5,2.63,0.6666666666666666,0.3802281368821293,D,1,1,0,1
2024-12-21,2024/25,Crystal Palace,Arsenal,1.8,1.2,1.8,4.2,2.2,0.6,2.2,5.8,0.8,1.2,1.4,1.4,0.2,0.0,0.8,3.2,6.0,7.0,6.25,4.2,1.55,0.16,0.23809523809523808,0.6451612903225806,1.87,2.03,0.53475935828877,0.4926108374384237,A,1,5,1,1
2024-12-22,2024/25,Leicester City,Wolverhampton Wanderers,1.4,2.6,0.8,2.8,1.6,2.6,0.6,4.2,1.6,1.6,2.0,2.8,0.6,0.2,0.2,2.2,8.0,8.0,2.55,3.4,2.7,0.3921568627450981,0.29411764705882354,0.37037037037037035,1.67,2.2,0.5988023952095809,0.45454545454545453,A,0,3,1,0
2024-12-22,2024/25,Fulham,Southampton,1.6,1.8,1.2,3.2,0.8,3.0,0.2,2.8,1.6,2.0,0.4,1.6,0.5,0.25,0.25,2.25,8.0,7.0,1.42,4.75,7.0,0.7042253521126761,0.21052631578947367,0.14285714285714285,1.57,2.38,0.6369426751592356,0.42016806722689076,D,0,0,0,0
2024-12-22,2024/25,Tottenham Hotspur,Liverpool,2.6,1.2,1.4,5.6,2.4,1.4,2.2,6.4,2.6,1.8,2.2,1.6,0.2,0.2,0.6,4.2,7.0,8.0,4.5,4.0,1.73,0.2222222222222222,0.25,0.5780346820809249,1.3,3.5,0.7692307692307692,0.2857142857142857,A,3,6,1,1
2024-12-22,2024/25,Manchester United,AFC Bournemouth,1.8,1.4,1.4,4.2,1.8,1.2,2.0,7.2,2.4,1.0,1.8,1.6,0.5,0.25,0.25,2.75,7.0,6.0,1.8,3.8,4.2,0.5555555555555556,0.2631578947368421,0.23809523809523808,1.57,2.38,0.6369426751592356,0.42016806722689076,A,0,3,1,0
2024-12-22,2024/25,Everton,Chelsea,0.8,0.8,1.2,3.0,3.2,1.2,3.0,8.8,1.4,0.4,2.6,1.6,0.4,0.2,0.4,2.8,8.0,7.0,5.0,4.2,1.62,0.2,0.23809523809523808,0.6172839506172839,1.67,2.2,0.5988023952095809,0.45454545454545453,D,0,0,0,0
2024-12-26,2024/25,AFC Bournemouth,Crystal Palace,2.2,0.8,2.6,7.2,1.6,1.8,1.6,4.2,1.4,0.8,1.6,1.2,0.5,0.0,0.5,1.75,4.0,5.0,1.9,3.8,3.8,0.5263157894736842,0.2631578947368421,0.2631578947368421,1.73,2.1,0.5780346820809249,0.47619047619047616,D,0,0,0,0
2024-12-26,2024/25,Newcastle United,Aston Villa,2.8,1.6,1.6,5.4,1.4,1.4,1.8,5.4,1.6,1.2,1.0,2.4,0.8,0.0,0.2,3.6,5.0,5.0,1.91,3.8,3.75,0.5235602094240838,0.2631578947368421,0.26666666666666666,1.62,2.3,0.6172839506172839,0.4347826086956522,H,3,0,1,0
2024-12-26,2024/25,Manchester City,Everton,1.4,1.6,0.8,4.4,0.8,0.8,1.2,3.0,1.6,1.6,0.4,1.0,0.8,0.2,0.0,2.4,5.0,4.0,1.33,5.5,7.5,0.7518796992481203,0.18181818181818182,0.13333333333333333,1.53,2.5,0.6535947712418301,0.4,D,1,1,0,1
2024-12-26,2024/25,Chelsea,Fulham,2.8,1.0,2.6,8.4,1.4,1.0,1.4,3.6,1.8,0.8,1.6,1.4,0.6,0.2,0.2,1.6,4.0,4.0,1.48,4.75,6.0,0.6756756756756757,0.21052631578947367,0.16666666666666666,1.44,2.75,0.6944444444444444,0.36363636363636365,A,1,2,1,1
2024-12-26,2024/25,Wolverhampton Wanderers,Manchester United,1.4,2.4,0.6,4.0,1.6,1.8,1.2,4.8,1.6,2.0,0.8,1.2,0.2,0.0,0.8,2.4,4.0,4.0,3.9,3.7,1.91,0.25641025641025644,0.27027027027027023,0.5235602094240838,1.67,2.2,0.5988023952095809,0.45454545454545453,H,2,0,0,0
2024-12-26,2024/25,Liverpool,Leicester City,3.2,2.0,2.2,7.8,1.2,2.8,0.8,3.6,2.0,0.8,1.0,2.8,0.6,0.0,0.4,2.6,4.0,4.0,1.08,12.0,23.0,0.9259259259259258,0.08333333333333333,0.043478260869565216,1.2,4.5,0.8333333333333334,0.2222222222222222,H,3,1,1,1
2024-12-26,2024/25,Southampton,West Ham United,0.4,2.4,0.4,2.0,1.4,2.2,1.0,5.2,1.2,3.2,1.0,2.2,0.2,0.4,0.4,2.2,4.0,5.0,3.25,3.5,2.2,0.3076923076923077,0.2857142857142857,0.45454545454545453,1.67,2.2,0.5988023952095809,0.45454545454545453,A,0,1,0,0
2024-12-26,2024/25,Nottingham Forest,Tottenham Hotspur,1.6,1.2,2.4,4.6,2.4,2.4,0.8,5.2,1.6,0.8,2.2,1.0,0.0,0.0,1.0,3.0,5.0,4.0,2.3,3.75,2.88,0.4347826086956522,0.26666666666666666,0.3472222222222222,1.5,2.63,0.6666666666666666,0.3802281368821293,H,1,0,0,0
2024-12-27,2024/25,Brighton & Hove Albion,Brentford,1.2,2.0,0.6,5.2,2.0,2.0,1.2,4.4,1.8,1.8,0.8,1.8,0.4,0.4,0.2,2.6,6.0,6.0,1.62,4.33,4.75,0.6172839506172839,0.23094688221709006,0.21052631578947367,1.44,2.75,0.6944444444444444,0.36363636363636365,D,0,0,0,0
2024-12-27,2024/25,Arsenal,Ipswich Town,2.6,0.8,2.2,5.6,0.6,1.8,0.6,3.4,2.0,0.6,1.6,2.2,0.45,0.25,0.3,2.6,6.0,6.0,1.14,9.0,15.0,0.8771929824561404,0.1111111111111111,0.06666666666666667,1.4,3.0,0.7142857142857143,0.3333333333333333,H,1,0,0,0
2024-12-29,2024/25,Leicester City,Manchester City,1.2,2.6,0.8,3.2,1.6,1.4,1.0,5.0,1.4,2.2,1.0,2.0,0.0,0.0,1.0,3.4,3.0,3.0,7.5,5.5,1.36,0.13333333333333333,0.18181818181818182,0.7352941176470588,1.36,3.2,0.7352941176470588,0.3125,A,0,2,0,0
2024-12-29,2024/25,Crystal Palace,Southampton,1.4,1.6,1.6,4.2,0.2,2.4,0.2,2.6,1.0,2.0,0.2,1.0,0.6,0.2,0.2,2.8,3.0,3.0,1.57,3.9,5.5,0.6369426751592356,0.25641025641025644,0.18181818181818182,1.73,2.1,0.5780346820809249,0.47619047619047616,H,2,1,1,1
2024-12-29,2024/25,Everton,Nottingham Forest,1.0,1.0,1.2,2.6,1.6,1.2,2.4,4.2,1.0,0.2,1.6,1.8,0.5,0.5,0.0,2.25,3.0,3.0,2.6,3.2,2.8,0.3846153846153846,0.3125,0.35714285714285715,2.2,1.67,0.45454545454545453,0.5988023952095809,A,0,2,0,0
2024-12-29,2024/25,Fulham,AFC Bournemouth,1.6,1.0,1.8,3.8,1.4,0.4,2.2,6.4,1.4,1.4,2.4,1.4,0.25,0.25,0.5,3.5,3.0,3.0,2.3,3.6,2.88,0.4347826086956522,0.2777777777777778,0.3472222222222222,1.67,2.2,0.5988023952095809,0.45454545454545453,D,2,2,1,1
2024-12-29,2024/25,Tottenham Hotspur,Wolverhampton Wanderers,2.2,2.4,0.6,5.4,1.4,1.6,1.2,4.2,2.4,2.8,2.0,1.8,0.2,0.0,0.8,2.0,3.0,3.0,1.6,5.0,4.2,0.625,0.2,0.23809523809523808,1.33,3.4,0.7518796992481203,0.29411764705882354,D,2,2,1,1
2024-12-29,2024/25,West Ham United,Liverpool,1.2,1.2,1.6,4.6,3.2,1.8,2.2,7.0,1.4,1.6,3.0,2.0,0.0,0.2,0.8,2.6,3.0,3.0,7.0,5.0,1.4,0.14285714285714285,0.2,0.7142857142857143,1.4,3.0,0.7142857142857143,0.3333333333333333,A,0,5,1,0
2024-12-30,2024/25,Aston Villa,Brighton & Hove Albion,1.4,1.4,1.8,4.8,1.0,1.8,0.6,5.6,1.8,1.0,1.4,1.8,0.8,0.0,0.2,3.2,4.0,3.0,1.9,3.8,3.6,0.5263157894736842,0.2631578947368421,0.2777777777777778,1.57,2.38,0.6369426751592356,0.42016806722689076,D,2,2,1,1
2024-12-30,2024/25,Ipswich Town,Chelsea,0.6,1.8,0.6,2.8,2.4,1.4,2.0,8.4,0.6,1.8,2.4,1.2,0.45,0.25,0.3,2.6,3.0,4.0,6.5,4.75,1.42,0.15384615384615385,0.21052631578947367,0.7042253521126761,1.44,2.75,0.6944444444444444,0.36363636363636365,H,2,0,0,0
2024-12-30,2024/25,Manchester United,Newcastle United,0.8,2.2,0.6,4.6,3.2,1.4,2.0,7.0,2.0,1.4,2.2,1.6,0.2,0.4,0.4,2.0,4.0,4.0,2.75,3.5,2.55,0.36363636363636365,0.2857142857142857,0.3921568627450981,1.62,2.3,0.6172839506172839,0.4347826086956522,A,0,2,0,0
2025-01-01,2024/25,Brentford,Arsenal,1.2,1.8,0.8,3.8,1.8,0.4,2.2,5.2,3.0,2.0,2.4,1.2,0.0,0.2,0.8,2.4,5.0,5.0,6.5,4.75,1.44,0.15384615384615385,0.21052631578947367,0.6944444444444444,1.53,2.5,0.6535947712418301,0.4,A,1,3,1,1
2025-01-04,2024/25,Tottenham Hotspur,Newcastle United,2.6,2.6,0.8,5.2,3.0,0.8,2.4,6.6,2.0,3.0,2.4,1.2,0.2,0.0,0.8,4.4,6.0,5.0,2.88,3.8,2.25,0.3472222222222222,0.2631578947368421,0.4444444444444444,1.33,3.4,0.7518796992481203,0.29411764705882354,A,1,2,1,1
2025-01-04,2024/25,Aston Villa,Leicester City,1.2,1.6,1.4,3.6,0.6,2.8,0.2,2.8,2.0,1.2,0.6,3.0,0.6,0.2,0.2,3.0,5.0,6.0,1.33,5.5,8.5,0.7518796992481203,0.18181818181818182,0.11764705882352941,1.5,2.63,0.6666666666666666,0.3802281368821293,H,2,1,1,1
2025-01-04,2024/25,AFC Bournemouth,Everton,1.6,0.8,1.8,6.6,1.0,0.6,1.2,2.6,1.0,0.8,0.2,1.2,0.6,0.0,0.4,3.0,6.0,6.0,1.73,3.75,4.75,0.5780346820809249,0.26666666666666666,0.21052631578947367,1.91,1.99,0.5235602094240838,0.5025125628140703,H,1,0,0,0
2025-01-04,2024/25,Crystal Palace,Chelsea,1.6,1.8,1.6,5.6,1.4,1.6,1.4,6.8,1.2,2.2,2.2,1.4,0.0,0.2,0.8,2.6,6.0,5.0,3.8,3.75,1.91,0.2631578947368421,0.26666666666666666,0.5235602094240838,1.57,2.38,0.6369426751592356,0.42016806722689076,D,1,1,0,1
2025-01-04,2024/25,Manchester City,West Ham United,1.4,1.4,1.0,4.6,1.0,1.6,1.6,2.6,1.2,1.4,1.0,1.4,1.0,0.0,0.0,3.4,6.0,6.0,1.3,6.25,7.5,0.7692307692307692,0.16,0.13333333333333333,1.33,3.4,0.7518796992481203,0.29411764705882354,H,4,1,1,1
2025-01-04,2024/25,Southampton,Brentford,0.2,1.8,0.2,2.4,1.2,1.8,0.8,4.0,0.8,2.8,0.6,1.4,0.2,0.0,0.8,3.4,6.0,3.0,3.0,3.4,2.4,0.3333333333333333,0.29411764705882354,0.4166666666666667,1.67,2.2,0.5988023952095809,0.45454545454545453,A,0,5,1,0
2025-01-04,2024/25,Brighton & Hove Albion,Arsenal,1.2,1.6,0.8,5.8,2.0,0.6,2.2,5.0,1.2,1.4,3.0,1.2,0.2,0.2,0.6,3.2,5.0,3.0,4.33,3.75,1.8,0.23094688221709006,0.26666666666666666,0.5555555555555556,1.73,2.1,0.5780346820809249,0.47619047619047616,D,1,1,0,1
2025-01-05,2024/25,Fulham,Ipswich Town,1.4,1.2,1.4,4.6,1.0,1.6,1.2,3.6,1.4,1.6,1.4,1.6,0.0,1.0,0.0,2.0,7.0,6.0,1.55,4.2,5.75,0.6451612903225806,0.23809523809523808,0.17391304347826086,1.73,2.1,0.5780346820809249,0.47619047619047616,D,2,2,1,1
2025-01-05,2024/25,Liverpool,Manchester United,3.8,1.8,2.2,8.2,0.8,2.2,0.6,4.2,2.2,0.8,0.8,1.6,0.4,0.4,0.2,3.4,7.0,6.0,1.29,6.25,8.0,0.7751937984496123,0.16,0.125,1.44,2.75,0.6944444444444444,0.36363636363636365,D,2,2,1,1
2025-01-06,2024/25,Wolverhampton Wanderers,Nottingham Forest,1.8,1.2,1.4,4.4,2.0,0.6,3.0,5.0,1.8,1.6,1.4,1.6,0.2,0.8,0.0,2.2,8.0,8.0,3.3,3.2,2.3,0.30303030303030304,0.3125,0.4347826086956522,2.1,1.73,0.47619047619047616,0.5780346820809249,A,0,3,1,0
2025-01-14,2024/25,Brentford,Manchester City,1.4,1.4,0.8,4.6,1.8,1.2,1.4,5.2,2.4,2.0,1.2,1.6,0.4,0.0,0.6,2.4,10.0,10.0,4.75,4.2,1.62,0.21052631578947367,0.23809523809523808,0.6172839506172839,1.4,3.0,0.7142857142857143,0.3333333333333333,D,2,2,1,1
2025-01-14,2024/25,Chelsea,AFC Bournemouth,0.8,1.2,1.0,5.4,1.4,0.6,1.8,7.0,1.8,1.0,2.6,1.6,0.8,0.2,0.0,2.0,10.0,10.0,1.48,4.75,6.0,0.6756756756756757,0.21052631578947367,0.16666666666666666,1.4,3.0,0.7142857142857143,0.3333333333333333,D,2,2,1,1
2025-01-14,2024/25,West Ham United,Fulham,0.8,2.2,1.0,2.6,1.6,1.4,1.4,5.0,1.0,2.4,1.6,1.0,0.4,0.2,0.4,2.8,10.0,9.0,3.0,3.4,2.38,0.3333333333333333,0.29411764705882354,0.42016806722689076,1.86,2.04,0.5376344086021505,0.49019607843137253,H,3,2,1,1
2025-01-14,2024/25,Nottingham Forest,Liverpool,2.0,0.2,3.0,5.0,3.6,1.6,2.2,8.4,1.6,0.8,3.8,2.0,0.4,0.0,0.6,2.2,8.0,9.0,5.25,4.1,1.62,0.19047619047619047,0.24390243902439027,0.6172839506172839,1.62,2.3,0.6172839506172839,0.4347826086956522,D,1,1,0,1
2025-01-15,2024/25,Everton,Aston Villa,0.2,0.8,0.6,1.8,1.4,1.8,1.4,3.6,1.0,0.6,0.4,2.8,0.0,0.2,0.8,2.8,11.0,11.0,3.25,3.2,2.3,0.3076923076923077,0.3125,0.4347826086956522,2.08,1.82,0.4807692307692307,0.5494505494505494,A,0,1,0,0
2025-01-15,2024/25,Leicester City,Crystal Palace,0.4,2.8,0.0,2.6,1.4,1.6,1.6,6.2,1.2,2.0,1.6,1.0,0.2,0.6,0.2,2.8,11.0,11.0,3.9,3.6,1.91,0.25641025641025644,0.2777777777777778,0.5235602094240838,1.73,2.1,0.5780346820809249,0.47619047619047616,A,0,2,0,0
2025-01-15,2024/25,Newcastle United,Wolverhampton Wanderers,3.0,0.2,3.0,6.8,1.6,1.4,1.4,4.6,2.2,1.0,2.0,1.8,0.6,0.4,0.0,3.0,11.0,9.0,1.36,5.5,8.0,0.7352941176470588,0.18181818181818182,0.125,1.44,2.75,0.6944444444444444,0.36363636363636365,H,3,0,1,0
2025-01-15,2024/25,Arsenal,Tottenham Hotspur,2.0,0.6,2.2,4.8,2.2,2.2,0.8,5.0,1.6,0.4,1.8,0.6,0.8,0.2,0.0,3.2,11.0,11.0,1.4,5.25,7.0,0.7142857142857143,0.19047619047619047,0.14285714285714285,1.44,2.75,0.6944444444444444,0.36363636363636365,H,2,1,1,1
2025-01-16,2024/25,Ipswich Town,Brighton & Hove Albion,1.2,1.6,1.4,3.2,1.0,1.4,0.8,5.2,0.8,1.6,1.6,1.8,0.0,1.0,0.0,0.0,11.0,12.0,3.9,3.7,1.91,0.25641025641025644,0.27027027027027023,0.5235602094240838,1.73,2.1,0.5780346820809249,0.47619047619047616,A,0,2,0,0
2025-01-16,2024/25,Manchester United,Southampton,0.8,2.0,0.8,3.6,0.2,2.6,0.2,2.6,1.8,1.6,0.4,1.2,0.4,0.6,0.0,1.6,11.0,12.0,1.29,6.0,9.5,0.7751937984496123,0.16666666666666666,0.10526315789473684,1.53,2.5,0.6535947712418301,0.4,H,3,1,1,1
2025-01-18,2024/25,Newcastle United,AFC Bournemouth,2.8,0.2,3.0,5.6,1.6,0.8,1.8,5.8,2.6,1.0,2.6,1.4,0.0,0.8,0.2,2.4,3.0,4.0,1.62,4.2,5.0,0.6172839506172839,0.23809523809523808,0.2,1.53,2.5,0.6535947712418301,0.4,A,1,4,1,1
2025-01-18,2024/25,Brentford,Liverpool,1.6,1.4,1.0,5.0,3.4,1.4,2.2,9.0,2.2,2.0,3.6,1.8,0.2,0.0,0.8,3.0,4.0,4.0,6.5,5.0,1.42,0.15384615384615385,0.2,0.7042253521126761,1.36,3.2,0.7352941176470588,0.3125,A,0,2,0,0
2025-01-18,2024/25,Leicester City,Fulham,0.4,2.4,0.0,3.2,1.6,1.6,1.2,5.4,1.0,2.0,1.8,1.4,0.2,0.0,0.8,3.4,3.0,4.0,4.33,3.7,1.8,0.23094688221709006,0.27027027027027023,0.5555555555555556,1.73,2.1,0.5780346820809249,0.47619047619047616,A,0,2,0,0
2025-01-18,2024/25,West Ham United,Crystal Palace,1.2,2.4,1.4,2.6,1.2,1.4,1.6,6.0,1.6,2.8,1.6,0.6,0.2,0.2,0.6,4.2,4.0,3.0,2.6,3.5,2.63,0.3846153846153846,0.2857142857142857,0.3802281368821293,1.8,2.0,0.5555555555555556,0.5,A,0,2,0,0
2025-01-18,2024/25,Arsenal,Aston Villa,2.4,0.8,2.6,4.6,1.4,1.4,2.0,3.8,1.6,0.2,0.4,2.0,0.6,0.0,0.4,2.8,3.0,3.0,1.5,4.1,7.0,0.6666666666666666,0.24390243902439027,0.14285714285714285,1.87,2.03,0.53475935828877,0.4926108374384237,D,2,2,1,1
2025-01-19,2024/25,Manchester United,Brighton & Hove Albion,1.0,2.0,0.8,4.8,1.2,0.8,1.4,5.2,1.8,1.8,1.6,1.6,0.2,0.0,0.8,2.6,3.0,3.0,2.1,3.6,3.3,0.47619047619047616,0.2777777777777778,0.30303030303030304,1.67,2.2,0.5988023952095809,0.45454545454545453,A,1,3,1,1
2025-01-19,2024/25,Everton,Tottenham Hotspur,0.2,1.0,0.4,2.4,1.4,2.6,0.2,3.6,0.8,0.6,2.0,0.8,0.0,0.4,0.6,3.0,4.0,4.0,2.8,3.5,2.45,0.35714285714285715,0.2857142857142857,0.4081632653061224,1.67,2.2,0.5988023952095809,0.45454545454545453,H,3,2,1,1
2025-01-19,2024/25,Ipswich Town,Manchester City,0.8,1.8,0.8,2.8,2.0,1.2,1.6,6.2,0.6,1.8,1.4,1.6,0.0,0.0,1.0,5.0,3.0,5.0,7.5,5.25,1.36,0.13333333333333333,0.19047619047619047,0.7352941176470588,1.44,2.75,0.6944444444444444,0.36363636363636365,A,0,6,1,0
2025-01-19,2024/25,Nottingham Forest,Southampton,1.8,0.2,2.6,4.4,0.4,2.2,0.2,3.0,1.2,1.0,0.6,1.4,1.0,0.0,0.0,3.0,5.0,3.0,1.38,4.75,8.0,0.7246376811594204,0.21052631578947367,0.125,1.73,2.1,0.5780346820809249,0.47619047619047616,H,3,2,1,1
2025-01-20,2024/25,Chelsea,Wolverhampton Wanderers,0.8,1.4,0.6,5.8,1.4,1.6,1.4,4.8,1.8,1.2,1.2,2.2,0.4,0.0,0.6,4.2,6.0,5.0,1.36,5.75,6.5,0.7352941176470588,0.17391304347826086,0.15384615384615385,1.36,3.2,0.7352941176470588,0.3125,H,3,1,1,1
2025-01-25,2024/25,AFC Bournemouth,Nottingham Forest,1.8,1.0,1.8,6.8,2.0,0.6,2.6,4.2,0.8,0.6,2.0,1.0,0.4,0.6,0.0,3.2,7.0,6.0,2.05,3.7,3.4,0.48780487804878053,0.27027027027027023,0.29411764705882354,1.85,2.05,0.5405405405405405,0.48780487804878053,H,5,0,1,0
2025-01-25,2024/25,Brighton & Hove Albion,Everton,1.6,0.8,1.8,4.6,0.8,1.4,0.8,2.8,1.0,1.2,0.2,1.2,0.4,0.4,0.2,3.6,6.0,6.0,1.67,3.75,5.5,0.5988023952095809,0.26666666666666666,0.18181818181818182,1.89,1.89,0.5291005291005292,0.5291005291005292,A,0,1,0,0
2025-01-25,2024/25,Liverpool,Ipswich Town,2.6,0.8,2.2,8.2,0.8,2.2,0.8,3.2,2.2,1.0,1.2,1.2,1.0,0.0,0.0,2.0,7.0,6.0,1.08,12.0,15.0,0.9259259259259258,0.08333333333333333,0.06666666666666667,1.25,4.0,0.8,0.25,H,4,1,1,1
2025-01-25,2024/25,Southampton,Newcastle United,0.8,2.8,0.0,3.6,2.2,1.0,2.4,5.2,0.6,3.8,2.2,1.2,0.0,0.2,0.8,3.4,6.0,7.0,6.5,5.25,1.42,0.15384615384615385,0.19047619047619047,0.7042253521126761,1.41,2.7,0.7092198581560284,0.37037037037037035,A,1,3,1,1
2025-01-25,2024/25,Wolverhampton Wanderers,Arsenal,1.0,2.2,0.8,4.8,1.8,1.0,2.2,4.6,1.4,1.8,3.0,1.2,0.0,0.0,1.0,2.8,5.0,7.0,7.0,4.5,1.45,0.14285714285714285,0.2222222222222222,0.6896551724137931,1.73,2.1,0.5780346820809249,0.47619047619047616,A,0,1,0,0
2025-01-25,2024/25,Manchester City,Chelsea,3.0,0.8,2.2,6.8,1.4,1.6,1.0,6.2,1.8,1.6,2.0,1.4,0.6,0.4,0.0,2.8,6.0,5.0,2.05,4.0,3.3,0.48780487804878053,0.25,0.30303030303030304,1.4,3.0,0.7142857142857143,0.3333333333333333,H,3,1,1,1
2025-01-26,2024/25,Crystal Palace,Brentford,1.4,0.4,2.2,6.2,1.6,1.4,1.0,5.6,1.4,2.0,1.4,1.0,0.2,0.6,0.2,2.6,8.0,8.0,2.05,3.75,3.3,0.48780487804878053,0.26666666666666666,0.30303030303030304,1.73,2.1,0.5780346820809249,0.47619047619047616,A,1,2,1,1
2025-01-26,2024/25,Tottenham Hotspur,Leicester City,1.2,2.0,0.2,3.8,0.4,2.2,0.0,3.0,2.0,3.0,0.6,3.2,0.6,0.2,0.2,4.8,7.0,8.0,1.45,5.5,5.5,0.6896551724137931,0.18181818181818182,0.18181818181818182,1.33,3.4,0.7518796992481203,0.29411764705882354,A,1,2,1,1
2025-01-26,2024/25,Aston Villa,West Ham United,1.4,1.6,1.6,3.4,1.0,2.6,1.2,1.8,2.0,1.0,1.2,1.6,0.4,0.4,0.2,2.6,8.0,8.0,1.53,4.33,5.75,0.6535947712418301,0.23094688221709006,0.17391304347826086,1.67,2.2,0.5988023952095809,0.45454545454545453,D,1,1,0,1
2025-01-26,2024/25,Fulham,Manchester United,2.0,1.6,1.6,4.8,1.2,2.0,0.8,3.6,1.6,1.2,1.0,1.6,0.2,0.0,0.8,2.2,8.0,7.0,2.3,3.4,3.1,0.4347826086956522,0.29411764705882354,0.3225806451612903,1.88,2.02,0.5319148936170213,0.49504950495049505,A,0,1,0,0
2025-02-01,2024/25,Nottingham Forest,Brighton & Hove Albion,1.8,1.6,2.0,4.4,1.6,1.0,1.6,3.4,1.6,0.8,2.0,1.2,0.2,0.4,0.4,2.8,7.0,7.0,2.38,3.5,2.8,0.42016806722689076,0.2857142857142857,0.35714285714285715,1.95,1.95,0.5128205128205129,0.5128205128205129,H,7,0,1,0
2025-02-01,2024/25,Everton,Leicester City,0.8,1.2,1.2,2.4,0.6,1.8,0.6,3.4,1.4,1.0,1.0,2.8,0.2,0.6,0.2,2.6,7.0,6.0,1.75,3.75,4.5,0.5714285714285714,0.26666666666666666,0.2222222222222222,2.04,1.86,0.49019607843137253,0.5376344086021505,H,4,0,1,0
2025-02-01,2024/25,AFC Bournemouth,Liverpool,2.8,1.0,2.2,8.0,2.8,0.8,2.2,8.0,1.6,0.2,3.4,1.4,0.2,0.0,0.8,4.2,7.0,7.0,4.5,4.33,1.67,0.2222222222222222,0.23094688221709006,0.5988023952095809,1.44,2.75,0.6944444444444444,0.36363636363636365,A,0,2,0,0
2025-02-01,2024/25,Wolverhampton Wanderers,Aston Villa,0.6,2.4,0.2,4.8,1.6,1.2,1.8,4.0,1.0,2.0,0.8,2.0,0.2,0.4,0.4,2.2,7.0,6.0,3.3,3.6,2.1,0.30303030303030304,0.2777777777777778,0.47619047619047616,1.73,2.1,0.5780346820809249,0.47619047619047616,H,2,0,0,0
2025-02-01,2024/25,Newcastle United,Fulham,2.2,1.2,2.4,5.4,1.6,1.6,1.0,4.0,2.8,1.4,1.8,1.4,0.8,0.0,0.2,2.8,7.0,6.0,1.7,4.0,4.75,0.5882352941176471,0.25,0.21052631578947367,1.62,2.3,0.6172839506172839,0.4347826086956522,A,1,2,1,1
2025-02-01,2024/25,Ipswich Town,Southampton,1.0,2.8,0.8,3.8,1.0,3.2,0.0,3.6,0.6,2.8,0.8,1.8,0.0,1.0,0.0,2.0,7.0,7.0,1.95,3.6,3.8,0.5128205128205129,0.2777777777777778,0.2631578947368421,1.73,2.1,0.5780346820809249,0.47619047619047616,A,1,2,1,1
2025-02-02,2024/25,Brentford,Tottenham Hotspur,2.0,1.6,1.4,6.2,1.4,2.2,0.2,4.2,1.4,2.2,1.6,1.4,0.2,0.4,0.4,4.2,7.0,7.0,2.1,3.9,3.2,0.47619047619047616,0.25641025641025644,0.3125,1.33,3.4,0.7518796992481203,0.29411764705882354,A,0,2,0,0
2025-02-02,2024/25,Manchester United,Crystal Palace,1.4,1.6,1.4,3.0,1.6,0.8,2.0,6.4,1.2,2.4,1.6,0.2,0.2,0.4,0.4,2.0,7.0,7.0,2.0,3.5,3.8,0.5,0.2857142857142857,0.2631578947368421,1.87,2.03,0.53475935828877,0.4926108374384237,A,0,2,0,0
2025-02-02,2024/25,Arsenal,Manchester City,1.8,1.0,2.2,4.2,3.4,0.8,2.6,7.0,1.4,0.6,2.6,1.2,0.2,0.4,0.4,2.8,8.0,8.0,1.95,3.5,4.0,0.5128205128205129,0.2857142857142857,0.25,1.73,2.1,0.5780346820809249,0.47619047619047616,H,5,1,1,1
2025-02-03,2024/25,Chelsea,West Ham United,1.4,1.8,1.0,5.4,1.0,2.8,0.8,2.2,2.2,1.2,1.0,1.8,0.6,0.2,0.2,3.4,9.0,8.0,1.36,4.75,8.0,0.7352941176470588,0.21052631578947367,0.125,1.4,3.0,0.7142857142857143,0.3333333333333333,H,2,1,1,1
2025-02-12,2024/25,Everton,Liverpool,1.6,0.8,1.8,3.4,2.2,0.8,2.2,6.8,1.4,1.0,3.2,0.8,0.2,0.2,0.6,1.6,11.0,11.0,7.5,4.5,1.44,0.13333333333333333,0.2222222222222222,0.6944444444444444,1.73,2.1,0.5780346820809249,0.47619047619047616,D,2,2,1,1
2025-02-14,2024/25,Brighton & Hove Albion,Chelsea,1.2,2.0,1.4,3.6,1.8,1.6,1.6,5.0,0.6,1.2,1.2,1.8,0.4,0.0,0.6,4.4,13.0,11.0,2.7,3.6,2.45,0.37037037037037035,0.2777777777777778,0.4081632653061224,1.57,2.38,0.6369426751592356,0.42016806722689076,H,3,0,1,0
2025-02-15,2024/25,Aston Villa,Ipswich Town,1.2,1.2,1.6,3.8,0.8,3.2,0.2,3.8,1.6,1.0,1.0,1.8,0.0,1.0,0.0,4.0,14.0,14.0,1.4,4.75,7.0,0.7142857142857143,0.21052631578947367,0.14285714285714285,1.57,2.38,0.6369426751592356,0.42016806722689076,D,1,1,0,1
2025-02-15,2024/25,Manchester City,Newcastle United,3.2,1.8,2.0,6.8,2.0,1.6,1.8,5.4,2.4,1.0,2.6,1.2,0.6,0.4,0.0,3.2,13.0,14.0,1.95,4.2,3.3,0.5128205128205129,0.23809523809523808,0.30303030303030304,1.44,2.75,0.6944444444444444,0.36363636363636365,H,4,0,1,0
2025-02-15,2024/25,Leicester City,Arsenal,0.6,2.2,0.6,2.8,2.2,1.0,2.2,4.6,0.4,2.2,2.2,0.8,0.0,0.0,1.0,3.4,14.0,13.0,8.5,5.0,1.33,0.11764705882352941,0.2,0.7518796992481203,1.73,2.1,0.5780346820809249,0.47619047619047616,A,0,2,0,0
2025-02-15,2024/25,West Ham United,Brentford,1.2,2.2,0.8,3.2,1.8,1.4,1.4,6.6,1.2,2.2,1.8,1.2,0.2,0.2,0.6,3.4,12.0,13.0,2.35,3.6,2.88,0.425531914893617,0.2777777777777778,0.3472222222222222,1.62,2.3,0.6172839506172839,0.4347826086956522,A,0,1,0,0
2025-02-15,2024/25,Crystal Palace,Everton,1.6,0.6,2.0,5.0,2.0,1.0,2.0,4.0,1.4,2.2,0.4,1.2,0.0,0.4,0.6,2.6,13.0,3.0,1.8,3.4,5.0,0.5555555555555556,0.29411764705882354,0.2,2.2,1.67,0.45454545454545453,0.5988023952095809,A,1,2,1,1
2025-02-15,2024/25,Southampton,AFC Bournemouth,1.2,3.0,0.6,3.8,2.4,1.0,2.0,6.8,0.4,3.8,2.6,1.2,0.3333333333333333,0.0,0.6666666666666666,2.0,14.0,14.0,6.0,4.5,1.5,0.16666666666666666,0.2222222222222222,0.6666666666666666,1.5,2.63,0.6666666666666666,0.3802281368821293,A,1,3,1,1
2025-02-15,2024/25,Fulham,Nottingham Forest,1.6,1.4,1.4,3.6,2.8,1.6,2.0,4.8,1.0,1.2,2.0,1.4,0.8,0.0,0.2,3.4,14.0,14.0,2.2,3.4,3.3,0.45454545454545453,0.29411764705882354,0.30303030303030304,2.1,1.73,0.47619047619047616,0.5780346820809249,H,2,1,1,1
2025-02-16,2024/25,Liverpool,Wolverhampton Wanderers,2.2,0.8,2.2,6.4,0.6,2.0,0.6,5.2,2.6,1.2,1.4,2.0,0.8,0.0,0.2,2.8,4.0,15.0,1.15,8.0,12.0,0.8695652173913044,0.125,0.08333333333333333,1.36,3.2,0.7352941176470588,0.3125,H,2,1,1,1
2025-02-16,2024/25,Tottenham Hotspur,Manchester United,1.4,1.8,0.6,4.0,1.4,1.6,1.4,3.4,2.0,3.2,1.0,1.4,0.4,0.4,0.2,3.0,14.0,14.0,2.45,3.75,2.62,0.4081632653061224,0.26666666666666666,0.38167938931297707,1.5,2.63,0.6666666666666666,0.3802281368821293,H,1,0,0,0
2025-02-19,2024/25,Aston Villa,Liverpool,1.0,1.2,1.2,4.0,2.4,0.8,2.6,5.6,1.6,1.2,2.4,0.6,0.0,0.4,0.6,3.4,4.0,3.0,3.9,4.0,1.83,0.25641025641025644,0.25,0.5464480874316939,1.57,2.38,0.6369426751592356,0.42016806722689076,D,2,2,1,1
2025-02-21,2024/25,Leicester City,Brentford,0.4,2.2,0.6,2.8,1.0,1.4,1.4,5.4,0.0,2.2,1.8,0.6,0.4,0.4,0.2,3.4,6.0,6.0,3.6,3.8,1.91,0.2777777777777778,0.2631578947368421,0.5235602094240838,1.57,2.38,0.6369426751592356,0.42016806722689076,A,0,4,1,0
2025-02-22,2024/25,Everton,Manchester United,2.4,1.0,2.6,4.6,1.0,1.4,1.2,3.8,1.8,1.4,1.0,1.2,0.0,0.0,1.0,2.8,7.0,6.0,2.5,3.2,2.9,0.4,0.3125,0.3448275862068966,2.2,1.67,0.45454545454545453,0.5988023952095809,D,2,2,1,1
2025-02-22,2024/25,Arsenal,West Ham United,2.4,0.8,2.6,5.0,1.0,1.6,0.8,3.0,2.0,0.8,1.0,1.6,0.6,0.2,0.2,4.6,7.0,7.0,1.27,6.0,10.0,0.7874015748031495,0.16666666666666666,0.1,1.67,2.2,0.5988023952095809,0.45454545454545453,A,0,1,0,0
2025-02-22,2024/25,AFC Bournemouth,Wolverhampton Wanderers,2.8,1.2,2.0,6.6,0.8,1.8,0.6,4.8,1.4,0.6,1.4,2.0,0.6,0.2,0.2,2.2,7.0,6.0,1.53,4.5,5.5,0.6535947712418301,0.2222222222222222,0.18181818181818182,1.57,2.38,0.6369426751592356,0.42016806722689076,A,0,1,0,0
2025-02-22,2024/25,Fulham,Crystal Palace,1.6,1.2,1.8,4.8,1.6,0.8,1.8,5.0,1.2,1.2,1.8,0.2,0.4,0.6,0.0,2.2,7.0,7.0,2.05,3.4,3.7,0.48780487804878053,0.29411764705882354,0.27027027027027023,2.02,1.88,0.49504950495049505,0.5319148936170213,A,0,2,0,0
2025-02-22,2024/25,Ipswich Town,Tottenham Hotspur,0.6,3.0,0.2,3.8,1.4,1.4,1.2,4.6,0.6,2.8,2.0,1.2,1.0,0.0,0.0,3.0,7.0,6.0,4.1,3.6,1.9,0.24390243902439027,0.2777777777777778,0.5263157894736842,1.53,2.5,0.6535947712418301,0.4,A,1,4,1,1
2025-02-22,2024/25,Southampton,Brighton & Hove Albion,1.4,2.6,0.6,4.4,1.6,1.8,1.8,3.8,0.4,3.4,1.6,2.2,0.0,0.6,0.4,3.2,7.0,8.0,6.0,4.1,1.55,0.16666666666666666,0.24390243902439027,0.6451612903225806,1.57,2.38,0.6369426751592356,0.42016806722689076,A,0,4,1,0
2025-02-22,2024/25,Aston Villa,Chelsea,1.2,1.6,0.8,4.2,1.6,2.0,1.4,4.8,1.6,1.4,0.4,1.8,0.4,0.2,0.4,2.4,3.0,8.0,2.63,3.4,2.6,0.3802281368821293,0.29411764705882354,0.3846153846153846,1.57,2.38,0.6369426751592356,0.42016806722689076,H,2,1,1,1
2025-02-23,2024/25,Newcastle United,Nottingham Forest,1.6,2.2,1.2,4.8,2.4,2.0,1.4,4.6,2.4,1.2,1.6,1.4,0.8,0.0,0.2,3.6,8.0,8.0,1.8,3.8,4.2,0.5555555555555556,0.2631578947368421,0.23809523809523808,1.67,2.2,0.5988023952095809,0.45454545454545453,H,4,3,1,1
2025-02-23,2024/25,Manchester City,Liverpool,3.2,1.6,2.0,6.8,2.4,1.2,2.2,4.6,2.6,1.0,1.8,1.0,0.2,0.4,0.4,2.4,8.0,4.0,2.88,3.8,2.25,0.3472222222222222,0.2631578947368421,0.4444444444444444,1.4,3.0,0.7142857142857143,0.3333333333333333,A,0,2,0,0
2025-02-25,2024/25,Brighton & Hove Albion,AFC Bournemouth,2.0,1.8,1.8,5.2,2.4,1.0,1.8,6.6,1.0,1.0,2.8,1.2,0.8,0.0,0.2,2.6,3.0,3.0,2.0,3.8,3.3,0.5,0.2631578947368421,0.30303030303030304,1.62,2.3,0.6172839506172839,0.4347826086956522,H,2,1,1,1
2025-02-25,2024/25,Crystal Palace,Aston Villa,1.6,0.8,1.8,5.2,1.2,1.4,1.2,4.6,1.2,2.2,0.8,1.8,0.4,0.2,0.4,3.6,3.0,3.0,2.45,3.4,2.8,0.4081632653061224,0.29411764705882354,0.35714285714285715,1.9,2.0,0.5263157894736842,0.5,H,4,1,1,1
2025-02-25,2024/25,Wolverhampton Wanderers,Fulham,1.0,1.2,1.2,4.4,1.2,1.0,1.8,3.8,1.0,1.2,2.0,1.4,0.4,0.4,0.2,3.0,3.0,3.0,2.63,3.3,2.63,0.3802281368821293,0.30303030303030304,0.3802281368821293,2.05,1.85,0.48780487804878053,0.5405405405405405,A,1,2,1,1
2025-02-25,2024/25,Chelsea,Southampton,1.4,2.0,1.2,4.2,1.2,2.8,0.6,3.6,2.0,1.4,1.2,1.8,0.6,0.0,0.4,4.0,3.0,3.0,1.17,8.0,13.0,0.8547008547008548,0.125,0.07692307692307693,1.29,3.75,0.7751937984496123,0.26666666666666666,H,4,0,1,0
2025-02-26,2024/25,Brentford,Everton,1.4,1.0,1.8,5.4,2.2,1.0,2.2,5.0,0.6,2.2,0.8,0.6,0.0,0.4,0.6,1.6,5.0,4.0,2.0,3.7,3.5,0.5,0.27027027027027023,0.2857142857142857,1.87,2.03,0.53475935828877,0.4926108374384237,D,1,1,0,1
2025-02-26,2024/25,Manchester United,Ipswich Town,0.8,1.6,0.8,2.6,0.8,3.4,0.2,4.2,0.8,2.2,1.2,1.8,0.0,1.0,0.0,2.0,4.0,4.0,1.53,4.33,6.0,0.6535947712418301,0.23094688221709006,0.16666666666666666,1.67,2.2,0.5988023952095809,0.45454545454545453,H,3,2,1,1
2025-02-26,2024/25,Nottingham Forest,Arsenal,2.8,2.6,1.2,5.0,2.0,0.8,2.0,4.6,2.8,0.8,2.4,0.6,0.2,0.0,0.8,3.0,3.0,4.0,3.9,3.6,1.95,0.25641025641025644,0.2777777777777778,0.5128205128205129,2.2,1.67,0.45454545454545453,0.5988023952095809,D,0,0,0,0
2025-02-26,2024/25,Tottenham Hotspur,Manchester City,2.0,1.2,1.8,5.4,2.8,1.6,1.8,6.2,1.6,2.4,2.4,1.8,0.4,0.2,0.4,3.8,4.0,3.0,3.25,4.0,2.0,0.3076923076923077,0.25,0.5,1.36,3.2,0.7352941176470588,0.3125,A,0,1,0,0
2025-02-26,2024/25,Liverpool,Newcastle United,2.0,1.0,2.2,4.2,1.8,2.8,1.2,4.8,2.6,1.4,2.2,1.2,0.8,0.2,0.0,4.0,3.0,3.0,1.5,4.5,5.75,0.6666666666666666,0.2222222222222222,0.17391304347826086,1.44,2.75,0.6944444444444444,0.36363636363636365,H,2,0,0,0
2025-02-27,2024/25,West Ham United,Leicester City,0.6,1.2,0.8,2.8,0.4,2.6,0.6,2.6,0.8,2.2,0.8,2.8,0.2,0.2,0.6,3.6,5.0,6.0,1.62,4.2,5.0,0.6172839506172839,0.23809523809523808,0.2,1.73,2.1,0.5780346820809249,0.47619047619047616,H,2,0,0,0
2025-03-08,2024/25,Crystal Palace,Ipswich Town,2.0,1.0,1.8,5.0,1.2,2.8,0.2,4.0,1.8,1.4,1.2,2.2,1.0,0.0,0.0,1.0,11.0,10.0,1.45,4.75,6.25,0.6896551724137931,0.21052631578947367,0.16,1.73,2.1,0.5780346820809249,0.47619047619047616,H,1,0,0,0
2025-03-08,2024/25,Nottingham Forest,Manchester City,2.2,2.2,0.8,4.4,1.8,1.6,1.8,5.4,2.4,0.6,2.4,1.4,0.0,0.2,0.8,3.0,10.0,10.0,4.0,3.75,1.85,0.25,0.26666666666666666,0.5405405405405405,1.57,2.38,0.6369426751592356,0.42016806722689076,H,1,0,0,0
2025-03-08,2024/25,Brighton & Hove Albion,Fulham,1.8,1.8,1.8,5.4,1.2,1.2,1.8,4.4,1.2,0.6,2.0,1.2,0.0,0.2,0.8,2.6,11.0,11.0,1.95,3.6,3.75,0.5128205128205129,0.2777777777777778,0.26666666666666666,1.73,2.1,0.5780346820809249,0.47619047619047616,H,2,1,1,1
2025-03-08,2024/25,Brentford,Aston Villa,1.6,0.8,2.0,4.8,1.2,2.0,1.0,4.2,0.8,2.0,0.8,2.2,0.0,0.4,0.6,3.8,10.0,11.0,2.2,3.8,2.9,0.45454545454545453,0.2631578947368421,0.3448275862068966,1.53,2.5,0.6535947712418301,0.4,A,0,1,0,0
2025-03-08,2024/25,Wolverhampton Wanderers,Everton,1.0,1.0,1.2,4.6,2.2,1.2,1.8,5.6,1.0,1.2,1.0,0.8,0.6,0.2,0.2,2.6,11.0,10.0,2.6,3.1,2.88,0.3846153846153846,0.3225806451612903,0.3472222222222222,2.3,1.62,0.4347826086956522,0.6172839506172839,D,1,1,0,1
2025-03-08,2024/25,Liverpool,Southampton,2.0,1.0,2.2,3.4,0.8,3.0,0.6,3.2,2.6,1.0,1.2,2.6,0.8,0.2,0.0,4.8,10.0,11.0,1.1,9.0,19.0,0.9090909090909091,0.1111111111111111,0.05263157894736842,1.29,3.75,0.7751937984496123,0.26666666666666666,H,3,1,1,1
2025-03-09,2024/25,Chelsea,Leicester City,1.6,1.8,1.2,4.8,0.4,2.6,0.6,2.2,2.4,1.2,0.8,2.4,0.8,0.2,0.0,3.0,12.0,10.0,1.18,8.0,12.0,0.8474576271186441,0.125,0.08333333333333333,1.33,3.2,0.7518796992481203,0.3125,H,1,0,0,0
2025-03-09,2024/25,Tottenham Hotspur,AFC Bournemouth,1.6,0.8,1.8,5.4,1.8,1.2,1.2,5.6,1.0,1.4,2.4,1.6,0.6,0.0,0.4,3.4,11.0,12.0,2.7,3.9,2.35,0.37037037037037035,0.25641025641025644,0.425531914893617,1.37,3.0,0.7299270072992701,0.3333333333333333,D,2,2,1,1
2025-03-09,2024/25,Manchester United,Arsenal,1.2,1.4,1.4,3.6,1.6,0.4,2.0,3.6,1.4,2.0,1.4,0.4,0.2,0.0,0.8,3.2,11.0,11.0,5.75,3.5,1.7,0.17391304347826086,0.2857142857142857,0.5882352941176471,2.15,1.62,0.46511627906976744,0.6172839506172839,D,1,1,0,1
2025-03-10,2024/25,West Ham United,Newcastle United,1.0,0.8,1.4,3.2,1.6,2.4,1.2,3.8,1.0,2.0,1.4,1.6,0.2,0.4,0.4,4.2,11.0,12.0,3.25,3.4,2.2,0.3076923076923077,0.29411764705882354,0.45454545454545453,1.73,2.1,0.5780346820809249,0.47619047619047616,A,0,1,0,0
2025-03-15,2024/25,Everton,West Ham United,1.6,1.4,1.4,5.0,0.8,0.8,1.2,2.8,2.2,1.4,1.0,1.4,0.4,0.2,0.4,1.6,7.0,5.0,2.05,3.2,3.9,0.48780487804878053,0.3125,0.25641025641025644,2.3,1.62,0.4347826086956522,0.6172839506172839,D,1,1,0,1
2025-03-15,2024/25,Ipswich Town,Nottingham Forest,1.0,2.2,0.2,5.0,2.4,1.2,1.4,4.4,0.8,2.8,1.8,2.2,0.0,0.0,1.0,1.0,7.0,7.0,3.75,3.5,2.0,0.26666666666666666,0.2857142857142857,0.5,1.87,2.03,0.53475935828877,0.4926108374384237,A,2,4,1,1
2025-03-15,2024/25,Manchester City,Brighton & Hove Albion,1.2,1.6,1.2,4.8,2.2,1.8,2.4,6.0,2.4,1.0,2.2,2.0,0.6,0.2,0.2,3.2,7.0,7.0,1.67,4.33,4.5,0.5988023952095809,0.23094688221709006,0.2222222222222222,1.44,2.75,0.6944444444444444,0.36363636363636365,D,2,2,1,1
2025-03-15,2024/25,Southampton,Wolverhampton Wanderers,0.8,3.0,0.6,3.0,1.2,1.0,1.4,4.4,0.4,3.2,1.0,2.0,0.0,0.0,1.0,2.2,7.0,7.0,3.7,3.4,2.0,0.27027027027027023,0.29411764705882354,0.5,1.84,2.06,0.5434782608695652,0.4854368932038835,A,1,2,1,1
2025-03-15,2024/25,AFC Bournemouth,Brentford,1.2,1.6,0.8,5.2,1.2,0.8,1.4,4.2,1.2,0.6,2.4,0.2,0.0,0.4,0.6,2.8,6.0,7.0,1.73,4.2,4.2,0.5780346820809249,0.23809523809523808,0.23809523809523808,1.44,2.75,0.6944444444444444,0.36363636363636365,A,1,2,1,1
2025-03-16,2024/25,Fulham,Tottenham Hotspur,1.4,1.4,1.8,4.0,1.8,0.8,2.0,5.0,1.2,1.6,1.8,1.4,0.2,0.2,0.6,2.2,8.0,7.0,2.0,3.75,3.6,0.5,0.26666666666666666,0.2777777777777778,1.57,2.38,0.6369426751592356,0.42016806722689076,H,2,0,0,0
2025-03-16,2024/25,Leicester City,Manchester United,0.0,2.6,0.0,2.2,1.2,1.6,1.0,4.6,0.0,2.4,1.0,1.4,0.2,0.2,0.6,3.0,7.0,7.0,4.5,3.5,1.83,0.2222222222222222,0.2857142857142857,0.5464480874316939,1.8,2.0,0.5555555555555556,0.5,A,0,3,1,0
2025-03-16,2024/25,Arsenal,Chelsea,1.6,0.6,1.6,4.2,1.6,1.2,1.8,5.4,2.0,1.0,0.6,2.2,0.6,0.4,0.0,3.2,7.0,7.0,1.8,3.6,4.5,0.5555555555555556,0.2777777777777778,0.2222222222222222,1.86,1.92,0.5376344086021505,0.5208333333333334,H,1,0,0,0
2025-04-01,2024/25,Wolverhampton Wanderers,West Ham United,1.2,1.2,1.4,4.0,0.8,0.6,1.4,2.8,0.8,1.4,1.0,1.6,0.2,0.0,0.8,2.4,17.0,17.0,2.5,3.2,2.9,0.4,0.3125,0.3448275862068966,2.2,1.67,0.45454545454545453,0.5988023952095809,H,1,0,0,0
2025-04-01,2024/25,Nottingham Forest,Manchester United,1.8,1.6,1.4,3.8,1.8,1.2,1.6,5.2,2.4,0.6,1.6,1.0,0.4,0.0,0.6,3.6,17.0,16.0,2.3,3.4,3.1,0.4347826086956522,0.29411764705882354,0.3225806451612903,1.95,1.95,0.5128205128205129,0.5128205128205129,H,1,0,0,0
2025-04-01,2024/25,Arsenal,Fulham,0.8,0.4,1.6,3.6,1.4,1.2,1.8,4.0,2.0,1.0,1.8,1.4,0.4,0.4,0.2,3.0,16.0,16.0,1.48,4.33,7.0,0.6756756756756757,0.23094688221709006,0.14285714285714285,2.1,1.73,0.47619047619047616,0.5780346820809249,H,2,1,1,1
2025-04-02,2024/25,AFC Bournemouth,Ipswich Town,1.4,1.6,0.8,5.6,1.2,2.6,0.2,4.6,1.4,1.0,1.2,2.2,1.0,0.0,0.0,3.0,18.0,18.0,1.36,5.25,7.5,0.7352941176470588,0.19047619047619047,0.13333333333333333,1.53,2.5,0.6535947712418301,0.4,A,1,2,1,1
2025-04-02,2024/25,Brighton & Hove Albion,Aston Villa,2.6,0.8,2.6,5.6,1.4,1.6,1.6,4.4,1.6,0.8,1.0,1.6,0.2,0.2,0.6,3.6,18.0,25.0,2.05,3.8,3.25,0.48780487804878053,0.2631578947368421,0.3076923076923077,1.62,2.3,0.6172839506172839,0.4347826086956522,A,0,3,1,0
2025-04-02,2024/25,Manchester City,Leicester City,1.4,1.0,1.4,4.6,0.0,2.4,0.0,2.6,2.6,1.2,0.6,2.0,1.0,0.0,0.0,3.4,18.0,17.0,1.2,8.0,10.0,0.8333333333333334,0.125,0.1,1.4,3.0,0.7142857142857143,0.3333333333333333,H,2,0,0,0
2025-04-02,2024/25,Newcastle United,Brentford,1.2,2.2,1.2,2.6,1.6,0.6,2.0,4.2,2.4,1.8,2.8,0.4,0.8,0.0,0.2,4.4,23.0,18.0,1.73,4.5,4.0,0.5780346820809249,0.2222222222222222,0.25,1.44,2.75,0.6944444444444444,0.36363636363636365,H,2,1,1,1
2025-04-02,2024/25,Southampton,Crystal Palace,0.6,3.2,0.0,2.8,2.0,0.6,2.4,4.8,0.6,3.4,1.6,0.0,0.0,0.2,0.8,2.6,18.0,25.0,5.75,3.8,1.62,0.17391304347826086,0.2631578947368421,0.6172839506172839,1.8,2.0,0.5555555555555556,0.5,D,1,1,0,1
2025-04-02,2024/25,Liverpool,Everton,2.2,0.8,2.6,4.0,1.4,1.2,1.4,5.4,2.6,1.0,1.0,0.8,0.4,0.4,0.2,2.0,25.0,18.0,1.36,5.0,8.0,0.7352941176470588,0.2,0.125,1.73,2.1,0.5780346820809249,0.47619047619047616,H,1,0,0,0
2025-04-03,2024/25,Chelsea,Tottenham Hotspur,1.2,1.2,1.2,5.2,1.4,1.2,1.4,5.4,2.4,0.8,1.8,1.6,0.6,0.2,0.2,4.0,18.0,18.0,1.65,4.5,4.5,0.6060606060606061,0.2222222222222222,0.2222222222222222,1.4,3.0,0.7142857142857143,0.3333333333333333,H,1,0,0,0
2025-04-05,2024/25,Everton,Arsenal,1.0,1.2,0.8,4.2,0.8,0.6,1.6,3.4,2.4,1.4,1.0,0.4,0.2,0.2,0.6,1.8,3.0,4.0,5.25,3.25,1.75,0.19047619047619047,0.3076923076923077,0.5714285714285714,2.38,1.57,0.42016806722689076,0.6369426751592356,D,1,1,0,1
2025-04-05,2024/25,Ipswich Town,Wolverhampton Wanderers,1.4,2.6,0.6,4.4,1.2,0.8,2.0,3.6,0.8,3.6,1.0,1.8,1.0,0.0,0.0,3.0,3.0,4.0,2.7,3.25,2.63,0.37037037037037035,0.3076923076923077,0.3802281368821293,2.1,1.73,0.47619047619047616,0.5780346820809249,A,1,2,1,1
2025-04-05,2024/25,Aston Villa,Nottingham Forest,1.8,1.4,2.0,4.2,1.8,1.2,2.0,3.8,1.6,1.2,2.2,2.6,0.4,0.2,0.4,3.0,3.0,4.0,1.95,3.6,3.7,0.5128205128205129,0.2777777777777778,0.27027027027027023,1.8,2.0,0.5555555555555556,0.5,H,2,1,1,1
2025-04-05,2024/25,West Ham United,AFC Bournemouth,0.8,0.6,1.4,2.4,1.0,1.8,0.2,5.6,1.0,1.2,2.4,1.6,0.4,0.6,0.0,2.4,4.0,3.0,3.0,3.5,2.3,0.3333333333333333,0.2857142857142857,0.4347826086956522,1.8,2.0,0.5555555555555556,0.5,D,2,2,1,1
2025-04-05,2024/25,Crystal Palace,Brighton & Hove Albion,1.8,0.8,2.0,4.8,2.0,1.4,2.0,5.4,1.6,1.2,2.2,2.0,0.2,0.4,0.4,2.8,3.0,3.0,2.35,3.6,2.8,0.425531914893617,0.2777777777777778,0.35714285714285715,1.8,2.0,0.5555555555555556,0.5,H,2,1,1,1
2025-04-06,2024/25,Brentford,Chelsea,1.6,1.0,1.4,3.8,1.4,0.6,1.8,6.2,0.6,1.6,0.6,2.0,0.4,0.4,0.2,2.2,4.0,3.0,3.2,3.6,2.15,0.3125,0.2777777777777778,0.46511627906976744,1.53,2.5,0.6535947712418301,0.4,D,0,0,0,0
2025-04-06,2024/25,Fulham,Liverpool,1.2,1.4,1.2,2.6,2.0,0.6,2.6,4.0,1.2,1.2,2.0,0.8,0.0,0.4,0.6,4.0,5.0,4.0,4.5,3.5,1.83,0.2222222222222222,0.2857142857142857,0.5464480874316939,1.8,2.0,0.5555555555555556,0.5,H,3,2,1,1
2025-04-06,2024/25,Tottenham Hotspur,Southampton,1.2,1.4,0.8,4.4,0.6,2.8,0.2,2.4,1.0,1.4,1.2,2.8,0.4,0.4,0.2,4.6,3.0,4.0,1.38,5.5,6.5,0.7246376811594204,0.18181818181818182,0.15384615384615385,1.4,3.0,0.7142857142857143,0.3333333333333333,H,3,1,1,1
2025-04-06,2024/25,Manchester United,Manchester City,1.8,1.2,1.6,5.2,1.0,1.0,1.4,4.2,1.6,1.8,2.0,1.6,0.4,0.0,0.6,4.4,5.0,4.0,3.4,3.6,2.1,0.29411764705882354,0.2777777777777778,0.47619047619047616,1.67,2.2,0.5988023952095809,0.45454545454545453,D,0,0,0,0
2025-04-07,2024/25,Leicester City,Newcastle United,0.0,2.4,0.0,2.2,1.4,2.0,1.8,2.6,0.0,2.6,1.2,1.6,0.2,0.2,0.6,2.8,5.0,5.0,6.5,4.2,1.48,0.15384615384615385,0.23809523809523808,0.6756756756756757,1.62,2.3,0.6172839506172839,0.4347826086956522,A,0,3,1,0
2025-04-12,2024/25,Manchester City,Crystal Palace,1.0,0.6,1.6,4.2,2.0,0.6,2.6,4.2,2.2,1.0,1.8,0.2,0.6,0.4,0.0,4.2,6.0,7.0,1.5,4.75,5.75,0.6666666666666666,0.21052631578947367,0.17391304347826086,1.53,2.5,0.6535947712418301,0.4,H,5,2,1,1
2025-04-12,2024/25,Arsenal,Brentford,1.0,0.6,1.8,4.0,0.8,1.0,1.0,3.0,2.0,1.0,2.0,0.8,0.8,0.2,0.0,2.6,7.0,6.0,1.6,4.33,5.0,0.625,0.23094688221709006,0.2,1.73,2.1,0.5780346820809249,0.47619047619047616,D,1,1,0,1
2025-04-12,2024/25,Brighton & Hove Albion,Leicester City,1.4,1.8,1.4,4.0,0.0,2.2,0.0,2.0,1.4,1.2,0.4,2.0,0.4,0.6,0.0,4.0,7.0,5.0,1.29,6.0,10.0,0.7751937984496123,0.16666666666666666,0.1,1.62,2.3,0.6172839506172839,0.4347826086956522,D,2,2,1,1
2025-04-12,2024/25,Southampton,Aston Villa,0.8,2.6,0.2,3.0,1.8,1.2,2.4,5.0,0.8,2.6,1.4,1.6,0.2,0.0,0.8,1.6,6.0,7.0,6.0,4.2,1.55,0.16666666666666666,0.23809523809523808,0.6451612903225806,1.62,2.3,0.6172839506172839,0.4347826086956522,A,0,3,1,0
2025-04-12,2024/25,Nottingham Forest,Everton,1.4,0.8,2.0,3.4,0.8,1.0,0.8,3.0,2.4,0.4,1.0,0.8,0.2,0.4,0.4,2.2,7.0,7.0,2.1,3.3,3.7,0.47619047619047616,0.30303030303030304,0.27027027027027023,2.2,1.67,0.45454545454545453,0.5988023952095809,A,0,1,0,0
2025-04-13,2024/25,Wolverhampton Wanderers,Tottenham Hotspur,1.4,1.0,2.0,4.0,1.0,1.4,0.8,4.8,1.0,0.8,1.6,1.4,0.6,0.2,0.2,2.4,8.0,7.0,2.2,3.6,3.1,0.45454545454545453,0.2777777777777778,0.3225806451612903,1.67,2.2,0.5988023952095809,0.45454545454545453,H,4,2,1,1
2025-04-13,2024/25,Newcastle United,Manchester United,2.0,1.2,2.4,3.4,1.4,0.8,1.6,5.0,2.2,2.0,1.2,0.8,0.6,0.2,0.2,2.0,6.0,7.0,1.65,4.2,4.75,0.6060606060606061,0.23809523809523808,0.21052631578947367,1.67,2.2,0.5988023952095809,0.45454545454545453,H,4,1,1,1
2025-04-13,2024/25,Chelsea,Ipswich Town,1.2,0.2,2.0,5.8,1.4,2.2,0.6,3.8,2.2,0.4,1.2,2.0,0.0,0.0,1.0,2.0,7.0,8.0,1.27,7.0,8.5,0.7874015748031495,0.14285714285714285,0.11764705882352941,1.44,2.75,0.6944444444444444,0.36363636363636365,D,2,2,1,1
2025-04-13,2024/25,Liverpool,West Ham United,2.0,0.8,2.4,4.6,1.0,1.0,1.0,2.6,2.4,0.6,0.8,1.0,0.8,0.2,0.0,3.4,7.0,8.0,1.3,6.0,8.0,0.7692307692307692,0.16666666666666666,0.125,1.53,2.5,0.6535947712418301,0.4,H,2,1,1,1
2025-04-14,2024/25,AFC Bournemouth,Fulham,1.4,2.0,0.4,5.8,1.8,1.4,1.8,3.8,1.4,1.4,1.6,1.2,0.4,0.4,0.2,3.6,9.0,8.0,2.15,3.5,3.3,0.46511627906976744,0.2857142857142857,0.30303030303030304,1.73,2.1,0.5780346820809249,0.47619047619047616,H,1,0,0,0
2025-04-16,2024/25,Newcastle United,Crystal Palace,2.0,0.8,2.4,3.6,2.0,1.6,2.0,3.8,2.4,2.2,1.8,1.2,0.2,0.6,0.2,1.6,3.0,4.0,1.67,3.9,5.0,0.5988023952095809,0.25641025641025644,0.2,1.73,2.1,0.5780346820809249,0.47619047619047616,H,5,0,1,0
2025-04-19,2024/25,Brentford,Brighton & Hove Albion,0.8,1.0,1.0,2.8,1.4,2.0,1.0,4.6,0.2,1.2,2.0,2.4,0.2,0.6,0.2,2.2,7.0,7.0,2.4,3.75,2.63,0.4166666666666667,0.26666666666666666,0.3802281368821293,1.57,2.38,0.6369426751592356,0.42016806722689076,H,4,2,1,1
2025-04-19,2024/25,Crystal Palace,AFC Bournemouth,1.2,2.4,1.4,3.4,1.4,1.6,1.0,5.4,1.8,1.2,2.4,1.6,0.4,0.2,0.4,1.4,3.0,5.0,2.45,3.6,2.63,0.4081632653061224,0.2777777777777778,0.3802281368821293,1.8,2.0,0.5555555555555556,0.5,D,0,0,0,0
2025-04-19,2024/25,Everton,Manchester City,0.8,0.8,1.2,3.2,1.8,1.0,1.6,5.0,2.0,1.2,1.6,1.2,0.0,0.4,0.6,2.6,7.0,7.0,3.7,3.6,1.91,0.27027027027027023,0.2777777777777778,0.5235602094240838,1.86,2.04,0.5376344086021505,0.49019607843137253,A,0,2,0,0
2025-04-19,2024/25,West Ham United,Southampton,0.8,1.4,0.4,3.0,0.8,2.4,0.2,3.0,0.8,1.2,1.2,2.8,0.4,0.4,0.2,1.8,6.0,7.0,1.48,4.33,6.5,0.6756756756756757,0.23094688221709006,0.15384615384615385,1.73,2.1,0.5780346820809249,0.47619047619047616,D,1,1,0,1
2025-04-19,2024/25,Aston Villa,Newcastle United,2.0,1.0,2.4,5.8,3.0,0.4,3.0,5.0,1.6,1.2,1.4,1.4,0.2,0.0,0.8,4.0,7.0,3.0,2.3,3.6,2.75,0.4347826086956522,0.2777777777777778,0.36363636363636365,1.62,2.3,0.6172839506172839,0.4347826086956522,H,4,1,1,1
2025-04-20,2024/25,Fulham,Chelsea,1.4,1.4,1.2,4.2,0.8,0.6,1.6,5.6,1.4,1.2,0.4,1.8,0.4,0.2,0.4,1.8,6.0,7.0,2.7,3.7,2.35,0.37037037037037035,0.27027027027027023,0.425531914893617,1.84,2.06,0.5434782608695652,0.4854368932038835,A,1,2,1,1
2025-04-20,2024/25,Ipswich Town,Arsenal,1.4,2.0,0.8,4.0,1.2,0.8,1.8,4.4,1.0,3.6,1.0,0.4,0.0,0.0,1.0,1.0,7.0,8.0,8.0,4.5,1.4,0.125,0.2222222222222222,0.7142857142857143,1.73,2.1,0.5780346820809249,0.47619047619047616,A,0,4,1,0
2025-04-20,2024/25,Manchester United,Wolverhampton Wanderers,1.0,1.2,1.0,4.8,2.0,1.0,2.6,4.0,1.0,1.6,1.4,1.4,0.8,0.0,0.2,2.6,7.0,7.0,2.0,3.6,3.6,0.5,0.2777777777777778,0.2777777777777778,1.97,1.93,0.5076142131979695,0.5181347150259068,A,0,1,0,0
2025-04-20,2024/25,Leicester City,Liverpool,0.4,2.2,0.2,2.8,2.0,1.0,2.4,5.0,0.0,2.8,2.0,1.4,0.2,0.0,0.8,2.6,8.0,7.0,11.0,6.25,1.22,0.09090909090909091,0.16,0.819672131147541,1.44,2.75,0.6944444444444444,0.36363636363636365,A,0,1,0,0
2025-04-21,2024/25,Tottenham Hotspur,Nottingham Forest,1.4,2.0,0.8,4.4,1.4,1.0,1.8,4.0,1.4,1.2,1.8,3.0,0.8,0.0,0.2,2.6,8.0,9.0,2.45,3.6,2.63,0.4081632653061224,0.2777777777777778,0.3802281368821293,1.57,2.38,0.6369426751592356,0.42016806722689076,A,1,2,1,1
2025-04-22,2024/25,Manchester City,Aston Villa,2.2,0.8,2.2,5.8,2.6,0.4,3.0,7.2,2.6,1.2,1.6,1.2,0.4,0.2,0.4,3.0,3.0,3.0,1.8,4.1,3.9,0.5555555555555556,0.24390243902439027,0.25641025641025644,1.53,2.5,0.6535947712418301,0.4,H,2,1,1,1
2025-04-23,2024/25,Arsenal,Crystal Palace,1.8,0.6,2.2,4.6,1.0,2.4,1.0,2.6,1.8,0.8,1.4,2.2,1.0,0.0,0.0,3.8,3.0,4.0,1.4,4.75,7.5,0.7142857142857143,0.21052631578947367,0.13333333333333333,1.91,1.99,0.5235602094240838,0.5025125628140703,D,2,2,1,1
2025-04-26,2024/25,Newcastle United,Ipswich Town,3.0,1.2,2.4,5.0,1.4,2.6,0.8,2.4,3.2,1.4,1.4,1.6,1.0,0.0,0.0,4.0,7.0,6.0,1.18,7.5,13.0,0.8474576271186441,0.13333333333333333,0.07692307692307693,1.36,3.2,0.7352941176470588,0.3125,H,3,0,1,0
2025-04-26,2024/25,Chelsea,Everton,1.0,0.8,1.6,5.8,0.6,1.0,1.0,3.0,2.0,0.6,1.0,0.8,0.4,0.4,0.2,2.6,6.0,7.0,1.55,4.0,6.0,0.6451612903225806,0.25,0.16666666666666666,1.88,2.02,0.5319148936170213,0.49504950495049505,H,1,0,0,0
2025-04-26,2024/25,Southampton,Fulham,0.8,2.0,0.4,3.0,1.4,1.4,1.2,4.2,0.6,2.6,1.2,1.4,0.2,0.4,0.4,1.8,7.0,6.0,5.25,4.0,1.6,0.19047619047619047,0.25,0.625,1.73,2.1,0.5780346820809249,0.47619047619047616,A,1,2,1,1
2025-04-26,2024/25,Wolverhampton Wanderers,Leicester City,2.0,0.8,3.0,3.8,0.4,2.2,0.2,2.2,1.8,1.0,0.4,2.2,0.4,0.0,0.6,2.8,6.0,6.0,1.5,4.2,6.25,0.6666666666666666,0.23809523809523808,0.16,1.73,2.1,0.5780346820809249,0.47619047619047616,H,3,0,1,0
2025-04-26,2024/25,Brighton & Hove Albion,West Ham United,1.4,2.6,0.4,4.4,1.0,1.4,0.6,3.4,1.8,1.4,0.8,1.2,0.4,0.4,0.2,2.4,7.0,7.0,1.67,4.2,4.75,0.5988023952095809,0.23809523809523808,0.21052631578947367,1.67,2.2,0.5988023952095809,0.45454545454545453,H,3,2,1,1
2025-04-27,2024/25,AFC Bournemouth,Manchester United,1.0,1.2,1.0,4.6,0.8,1.2,0.8,4.0,0.6,1.4,1.2,1.6,0.4,0.2,0.4,2.8,8.0,7.0,1.67,4.0,4.5,0.5988023952095809,0.25,0.2222222222222222,1.67,2.2,0.5988023952095809,0.45454545454545453,D,1,1,0,1
2025-04-27,2024/25,Liverpool,Tottenham Hotspur,1.8,1.0,2.4,6.4,1.2,2.0,0.6,4.8,2.0,0.6,1.6,1.6,0.8,0.0,0.2,5.6,7.0,6.0,1.25,6.0,11.0,0.8,0.16666666666666666,0.09090909090909091,1.33,3.4,0.7518796992481203,0.29411764705882354,H,5,1,1,1
2025-05-01,2024/25,Nottingham Forest,Brentford,1.6,1.2,1.8,3.8,1.6,1.2,1.6,3.8,1.8,0.2,1.8,0.8,0.2,0.4,0.4,3.2,10.0,12.0,2.15,3.5,3.25,0.46511627906976744,0.2857142857142857,0.3076923076923077,1.8,2.0,0.5555555555555556,0.5,A,0,2,0,0
2025-05-02,2024/25,Manchester City,Wolverhampton Wanderers,2.2,0.6,2.6,6.4,2.2,0.6,3.0,4.4,2.2,1.4,1.4,0.8,0.8,0.0,0.2,3.6,10.0,6.0,1.4,4.75,7.5,0.7142857142857143,0.21052631578947367,0.13333333333333333,1.53,2.5,0.6535947712418301,0.4,H,1,0,0,0
2025-05-03,2024/25,Aston Villa,Fulham,2.6,0.8,2.4,7.0,1.4,1.6,1.2,4.4,2.2,1.2,1.2,1.4,0.8,0.0,0.2,3.0,11.0,7.0,1.77,3.75,4.5,0.5649717514124294,0.26666666666666666,0.2222222222222222,1.68,2.05,0.5952380952380952,0.48780487804878053,H,1,0,0,0
2025-05-03,2024/25,Everton,Ipswich Town,0.4,1.0,0.8,2.6,1.0,2.4,0.8,1.6,1.2,1.6,1.2,2.0,1.0,0.0,0.0,2.0,7.0,7.0,1.45,4.33,6.5,0.6896551724137931,0.23094688221709006,0.15384615384615385,1.95,1.95,0.5128205128205129,0.5128205128205129,D,2,2,1,1
2025-05-03,2024/25,Leicester City,Southampton,0.4,2.2,0.2,2.0,0.8,2.0,0.4,3.0,0.0,2.6,1.0,2.4,0.4,0.2,0.4,3.6,7.0,7.0,2.3,3.6,2.88,0.4347826086956522,0.2777777777777778,0.3472222222222222,1.68,2.05,0.5952380952380952,0.48780487804878053,H,2,0,0,0
2025-05-03,2024/25,Arsenal,AFC Bournemouth,2.0,1.0,1.8,5.0,1.0,1.0,1.2,3.8,1.2,1.0,1.6,1.4,0.8,0.0,0.2,3.4,10.0,6.0,2.05,3.7,3.4,0.48780487804878053,0.27027027027027023,0.29411764705882354,1.87,2.03,0.53475935828877,0.4926108374384237,A,1,2,1,1
2025-05-04,2024/25,Brentford,Manchester United,1.6,1.0,1.6,3.6,0.4,1.4,0.4,4.2,1.0,1.2,1.4,1.6,0.2,0.2,0.6,2.6,3.0,7.0,1.65,4.1,4.75,0.6060606060606061,0.24390243902439027,0.21052631578947367,1.67,2.2,0.5988023952095809,0.45454545454545453,H,4,3,1,1
2025-05-04,2024/25,Brighton & Hove Albion,Newcastle United,1.6,2.6,0.8,5.6,3.2,1.0,2.4,5.2,1.8,1.8,1.0,2.0,0.4,0.4,0.2,2.4,8.0,8.0,2.88,3.7,2.3,0.3472222222222222,0.27027027027027023,0.4347826086956522,1.53,2.5,0.6535947712418301,0.4,D,1,1,0,1
2025-05-04,2024/25,West Ham United,Tottenham Hotspur,1.2,1.8,0.4,3.2,1.4,2.6,0.6,4.6,1.0,1.0,1.4,2.6,0.2,0.4,0.4,2.8,8.0,7.0,2.1,3.7,3.25,0.47619047619047616,0.27027027027027023,0.3076923076923077,1.57,2.38,0.6369426751592356,0.42016806722689076,D,1,1,0,1
2025-05-04,2024/25,Chelsea,Liverpool,1.2,0.6,2.2,6.8,2.2,1.0,2.4,6.6,1.8,0.4,1.8,1.4,0.0,0.6,0.4,2.0,8.0,7.0,2.15,3.7,3.1,0.46511627906976744,0.27027027027027023,0.3225806451612903,1.53,2.5,0.6535947712418301,0.4,H,3,1,1,1
2025-05-05,2024/25,Crystal Palace,Nottingham Forest,1.2,2.6,1.0,2.8,0.8,1.2,1.2,3.6,1.6,0.8,2.2,2.2,0.0,0.6,0.4,1.2,12.0,4.0,2.25,3.4,3.2,0.4444444444444444,0.29411764705882354,0.3125,2.01,1.89,0.49751243781094534,0.5291005291005292,D,1,1,0,1
2025-05-10,2024/25,Fulham,Everton,1.2,1.4,1.2,4.4,0.8,1.2,1.0,3.2,1.6,1.4,0.6,0.8,0.4,0.6,0.0,1.4,7.0,7.0,1.82,3.4,4.5,0.5494505494505494,0.29411764705882354,0.2222222222222222,2.0,1.8,0.5,0.5555555555555556,A,1,3,1,1
2025-05-10,2024/25,Ipswich Town,Brentford,1.0,2.6,0.4,2.2,2.2,1.2,2.2,4.2,1.0,3.2,2.0,0.8,0.0,0.0,1.0,7.0,7.0,6.0,5.0,4.0,1.65,0.2,0.25,0.6060606060606061,1.53,2.5,0.6535947712418301,0.4,A,0,1,0,0
2025-05-10,2024/25,Southampton,Manchester City,0.6,2.2,0.2,3.0,2.0,0.6,2.6,5.8,0.6,2.4,0.8,1.2,0.0,0.4,0.6,2.4,7.0,8.0,11.0,7.5,1.2,0.09090909090909091,0.13333333333333333,0.8333333333333334,1.36,3.2,0.7352941176470588,0.3125,D,0,0,0,0
2025-05-10,2024/25,Wolverhampton Wanderers,Brighton & Hove Albion,2.0,0.8,2.4,4.2,1.8,2.2,1.0,5.2,2.0,1.0,1.8,3.0,0.0,0.4,0.6,4.0,8.0,6.0,2.7,3.5,2.5,0.37037037037037035,0.2857142857142857,0.4,1.73,2.1,0.5780346820809249,0.47619047619047616,A,0,2,0,0
2025-05-10,2024/25,AFC Bournemouth,Aston Villa,1.2,0.8,1.8,2.8,2.2,0.8,2.4,6.6,0.8,1.2,1.8,1.2,0.2,0.4,0.4,3.0,7.0,7.0,2.4,3.6,2.75,0.4166666666666667,0.2777777777777778,0.36363636363636365,1.62,2.3,0.6172839506172839,0.4347826086956522,A,0,1,0,0
2025-05-11,2024/25,Newcastle United,Chelsea,2.8,1.2,2.0,5.2,1.6,0.8,2.2,7.2,3.6,1.0,0.6,1.4,0.4,0.2,0.4,3.2,7.0,7.0,2.1,3.75,3.1,0.47619047619047616,0.26666666666666666,0.3225806451612903,1.57,2.38,0.6369426751592356,0.42016806722689076,H,2,0,0,0
2025-05-11,2024/25,Manchester United,West Ham United,1.0,2.0,0.4,4.0,1.4,1.8,0.6,3.4,0.8,1.2,1.0,1.4,0.4,0.0,0.6,2.0,7.0,7.0,1.9,3.6,4.0,0.5263157894736842,0.2777777777777778,0.25,1.73,2.1,0.5780346820809249,0.47619047619047616,A,0,2,0,0
2025-05-11,2024/25,Nottingham Forest,Leicester City,0.8,1.4,0.8,4.0,0.8,1.8,0.8,2.8,0.4,0.6,0.4,2.0,0.6666666666666666,0.0,0.3333333333333333,3.3333333333333335,6.0,8.0,1.33,5.25,8.0,0.7518796992481203,0.19047619047619047,0.125,1.67,2.2,0.5988023952095809,0.45454545454545453,D,2,2,1,1
2025-05-11,2024/25,Tottenham Hotspur,Crystal Palace,1.6,2.6,0.8,4.6,1.0,2.6,0.6,2.8,1.4,1.2,1.4,2.6,0.8,0.0,0.2,2.6,7.0,6.0,2.63,3.6,2.5,0.3802281368821293,0.2777777777777778,0.4,1.53,2.5,0.6535947712418301,0.4,A,0,2,0,0
2025-05-11,2024/25,Liverpool,Arsenal,2.2,1.6,1.8,6.4,1.8,1.2,1.2,5.0,2.6,0.6,1.6,0.4,0.0,0.6,0.4,3.8,7.0,8.0,2.0,3.6,3.6,0.5,0.2777777777777778,0.2777777777777778,1.73,2.1,0.5780346820809249,0.47619047619047616,D,2,2,1,1
2025-05-16,2024/25,Aston Villa,Tottenham Hotspur,2.0,0.6,2.4,5.6,1.0,2.8,0.2,3.2,2.2,1.0,0.8,2.6,0.6,0.0,0.4,3.4,6.0,5.0,1.3,6.0,8.5,0.7692307692307692,0.16666666666666666,0.11764705882352941,1.36,3.2,0.7352941176470588,0.3125,H,2,0,0,0
2025-05-16,2024/25,Chelsea,Manchester United,1.6,1.2,2.0,6.8,1.0,2.4,0.2,4.6,1.6,0.6,1.6,2.0,0.2,0.4,0.4,3.8,5.0,5.0,1.44,5.0,6.25,0.6944444444444444,0.2,0.16,1.5,2.63,0.6666666666666666,0.3802281368821293,H,1,0,0,0
2025-05-18,2024/25,Everton,Southampton,1.2,1.2,1.4,4.2,0.4,1.6,0.4,2.2,1.2,1.6,0.6,2.6,0.4,0.0,0.6,2.6,8.0,8.0,1.4,4.75,7.5,0.7142857142857143,0.21052631578947367,0.13333333333333333,1.8,2.0,0.5555555555555556,0.5,H,2,0,0,0
2025-05-18,2024/25,West Ham United,Nottingham Forest,1.4,1.4,1.0,3.6,1.0,1.4,1.0,4.2,1.2,1.0,2.2,2.0,0.4,0.0,0.6,3.0,7.0,7.0,2.75,3.3,2.55,0.36363636363636365,0.30303030303030304,0.3921568627450981,1.98,1.92,0.5050505050505051,0.5208333333333334,A,1,2,1,1
2025-05-18,2024/25,Brentford,Fulham,2.4,1.2,2.6,4.8,0.8,1.6,0.6,4.4,1.8,1.4,0.8,1.4,0.4,0.2,0.4,3.2,8.0,8.0,1.91,3.9,3.6,0.5235602094240838,0.25641025641025644,0.2777777777777778,1.62,2.3,0.6172839506172839,0.4347826086956522,A,2,3,1,1
2025-05-18,2024/25,Leicester City,Ipswich Town,1.2,1.6,1.0,3.6,0.8,2.4,0.4,2.6,0.4,2.2,1.2,1.8,0.0,1.0,0.0,2.0,7.0,8.0,2.3,3.6,2.9,0.4347826086956522,0.2777777777777778,0.3448275862068966,1.73,2.1,0.5780346820809249,0.47619047619047616,H,2,0,0,0
2025-05-18,2024/25,Arsenal,Newcastle United,2.0,1.4,1.2,5.4,2.4,1.0,2.0,5.2,1.4,1.2,1.2,1.4,0.4,0.2,0.4,1.8,7.0,7.0,1.95,3.7,3.7,0.5128205128205129,0.27027027027027023,0.27027027027027023,1.73,2.1,0.5780346820809249,0.47619047619047616,H,1,0,0,0
2025-05-19,2024/25,Brighton & Hove Albion,Liverpool,2.0,1.8,1.6,4.6,2.2,1.4,2.0,6.2,1.6,1.8,1.6,1.6,0.2,0.4,0.4,3.8,9.0,8.0,2.6,3.75,2.45,0.3846153846153846,0.26666666666666666,0.4081632653061224,1.44,2.75,0.6944444444444444,0.36363636363636365,H,3,2,1,1
2025-05-20,2024/25,Crystal Palace,Wolverhampton Wanderers,1.0,1.6,1.2,4.2,1.6,1.0,1.8,3.4,1.6,0.6,1.2,0.6,0.6,0.2,0.2,3.6,9.0,10.0,2.25,3.3,3.2,0.4444444444444444,0.30303030303030304,0.3125,2.02,1.88,0.49504950495049505,0.5319148936170213,H,4,2,1,1
2025-05-20,2024/25,Manchester City,AFC Bournemouth,2.0,0.6,2.6,5.8,0.8,0.6,1.6,2.8,2.4,1.0,1.4,1.4,0.8,0.0,0.2,4.0,10.0,10.0,1.55,4.33,5.75,0.6451612903225806,0.23094688221709006,0.17391304347826086,1.53,2.5,0.6535947712418301,0.4,H,3,1,1,1
2025-05-25,2024/25,AFC Bournemouth,Leicester City,0.8,1.2,1.0,2.6,1.2,1.2,1.4,3.0,0.8,1.2,0.8,2.0,0.6666666666666666,0.0,0.3333333333333333,1.6666666666666667,5.0,7.0,1.33,5.25,8.5,0.7518796992481203,0.19047619047619047,0.11764705882352941,1.5,2.63,0.6666666666666666,0.3802281368821293,H,2,0,0,0
2025-05-25,2024/25,Fulham,Manchester City,1.4,1.8,1.2,4.4,1.6,0.4,2.6,5.0,1.4,1.8,0.6,0.2,0.0,0.0,1.0,4.2,7.0,5.0,5.0,4.2,1.6,0.2,0.23809523809523808,0.625,1.53,2.5,0.6535947712418301,0.4,A,0,2,0,0
2025-05-25,2024/25,Ipswich Town,West Ham United,0.4,2.4,0.2,2.2,1.4,1.4,1.0,3.8,0.8,3.0,1.2,1.4,0.0,0.0,1.0,5.0,7.0,7.0,3.0,3.8,2.2,0.3333333333333333,0.2631578947368421,0.45454545454545453,1.5,2.63,0.6666666666666666,0.3802281368821293,A,1,3,1,1
2025-05-25,2024/25,Tottenham Hotspur,Brighton & Hove Albion,0.6,2.4,0.2,2.6,2.2,1.8,2.0,5.6,1.2,1.6,2.2,1.6,0.6,0.0,0.4,3.6,9.0,6.0,4.2,4.33,1.7,0.23809523809523808,0.23094688221709006,0.5882352941176471,1.33,3.4,0.7518796992481203,0.29411764705882354,A,1,4,1,1
2025-05-25,2024/25,Liverpool,Crystal Palace,2.2,1.8,1.4,6.0,1.8,1.0,1.8,5.4,2.6,1.0,1.4,2.6,0.4,0.4,0.2,1.4,6.0,5.0,1.4,6.0,5.75,0.7142857142857143,0.16666666666666666,0.17391304347826086,1.3,3.5,0.7692307692307692,0.2857142857142857,D,1,1,0,1
2025-05-25,2024/25,Newcastle United,Everton,1.4,1.2,1.4,4.8,1.4,1.2,1.4,4.2,3.2,0.4,1.0,0.8,0.4,0.4,0.2,2.2,7.0,7.0,1.33,5.5,8.5,0.7518796992481203,0.18181818181818182,0.11764705882352941,1.53,2.5,0.6535947712418301,0.4,A,0,1,0,0
2025-05-25,2024/25,Nottingham Forest,Chelsea,1.4,1.4,1.6,4.2,1.4,0.8,2.4,5.6,0.8,1.0,0.6,1.2,0.2,0.6,0.2,2.8,7.0,9.0,3.0,3.75,2.2,0.3333333333333333,0.26666666666666666,0.45454545454545453,1.67,2.2,0.5988023952095809,0.45454545454545453,A,0,1,0,0
2025-05-25,2024/25,Southampton,Arsenal,0.4,1.4,0.4,2.2,2.0,1.2,1.6,5.6,0.6,1.6,1.6,0.8,0.2,0.4,0.4,3.2,7.0,7.0,8.5,6.0,1.3,0.11764705882352941,0.16666666666666666,0.7692307692307692,1.5,2.63,0.6666666666666666,0.3802281368821293,A,1,2,1,1
2025-05-25,2024/25,Manchester United,Aston Villa,0.8,1.8,0.2,3.8,1.8,0.6,2.4,5.0,0.8,1.2,1.8,0.4,0.6,0.2,0.2,2.6,9.0,9.0,4.33,4.2,1.7,0.23094688221709006,0.23809523809523808,0.5882352941176471,1.62,2.3,0.6172839506172839,0.4347826086956522,H,2,0,0,0
2025-05-25,2024/25,Wolverhampton Wanderers,Brentford,1.2,1.4,1.2,3.0,2.6,1.6,2.4,5.6,1.8,1.0,1.4,0.8,0.4,0.2,0.4,3.8,5.0,7.0,2.7,3.7,2.45,0.37037037037037035,0.27027027027027023,0.4081632653061224,1.53,2.5,0.6535947712418301,0.4,D,1,1,0,1
