date,season_label,home_team,away_team,home_score,away_score,total_goals,goal_diff,result,btts,over_2_5,odds_home,odds_draw,odds_away,odds_over_2_5,odds_under_2_5,home_shots,away_shots,home_shots_on_target,away_shots_on_target,home_corners,away_corners
2020-09-12,2020/21,Fulham,Arsenal,0,3,3,-3,A,0,1,6.0,4.33,1.53,1.72,2.1,5,13,2,6,2,3
2020-09-12,2020/21,Crystal Palace,Southampton,1,0,1,1,H,0,0,3.1,3.25,2.37,2.2,1.66,5,9,3,5,7,3
2020-09-12,2020/21,Liverpool,Leeds United,4,3,7,1,H,1,1,1.28,6.0,9.5,1.53,2.5,22,6,6,3,9,0
2020-09-12,2020/21,West Ham United,Newcastle United,0,2,2,-2,A,0,0,2.15,3.4,3.4,1.9,1.9,15,15,3,2,8,7
2020-09-13,2020/21,West Bromwich Albion,Leicester City,0,3,3,-3,A,0,1,3.8,3.6,1.95,1.9,1.9,7,13,1,7,2,5
2020-09-13,2020/21,Tottenham Hotspur,Everton,0,1,1,-1,A,0,0,1.83,3.6,4.33,1.9,1.9,9,15,5,4,5,3
2020-09-14,2020/21,Brighton & Hove Albion,Chelsea,1,3,4,-2,A,1,1,5.0,4.33,1.61,1.72,2.1,13,10,3,5,4,3
2020-09-14,2020/21,Sheffield United,Wolverhampton Wanderers,0,2,2,-2,A,0,0,3.25,3.1,2.37,2.62,1.5,9,11,2,4,12,5
2020-09-19,2020/21,Everton,West Bromwich Albion,5,2,7,3,H,1,1,1.5,4.2,6.5,1.87,2.03,17,6,7,4,11,1
2020-09-19,2020/21,Leeds United,Fulham,4,3,7,1,H,1,1,1.61,3.9,5.75,1.97,1.93,10,14,7,6,5,3
2020-09-19,2020/21,Manchester United,Crystal Palace,1,3,4,-2,A,1,1,1.3,5.5,9.5,1.66,2.2,13,14,4,5,9,3
2020-09-19,2020/21,Arsenal,West Ham United,2,1,3,1,H,1,1,1.53,4.5,5.5,1.66,2.2,7,14,3,3,7,5
2020-09-20,2020/21,Leicester City,Burnley,4,2,6,2,H,1,1,1.61,4.0,5.5,1.9,1.9,14,16,6,5,15,4
2020-09-20,2020/21,Chelsea,Liverpool,0,2,2,-2,A,0,0,3.1,3.6,2.2,1.61,2.3,5,18,3,6,1,11
2020-09-20,2020/21,Southampton,Tottenham Hotspur,2,5,7,-3,A,1,1,3.0,3.3,2.37,2.02,1.88,14,9,7,6,3,2
2020-09-20,2020/21,Newcastle United,Brighton & Hove Albion,0,3,3,-3,A,0,1,2.6,3.1,2.87,2.37,1.57,6,13,0,6,7,1
2020-09-21,2020/21,Aston Villa,Sheffield United,1,0,1,1,H,0,0,2.7,3.1,2.75,2.2,1.66,18,4,2,1,10,4
2020-09-21,2020/21,Wolverhampton Wanderers,Manchester City,1,3,4,-2,A,1,1,6.5,4.33,1.5,1.72,2.1,10,14,1,9,4,6
2020-09-26,2020/21,Brighton & Hove Albion,Manchester United,2,3,5,-1,A,1,1,4.75,3.75,1.72,1.9,1.9,18,7,5,3,7,1
2020-09-26,2020/21,Crystal Palace,Everton,1,2,3,-1,A,1,1,3.75,3.25,2.1,2.1,1.72,8,10,1,5,7,6
2020-09-26,2020/21,West Bromwich Albion,Chelsea,3,3,6,0,D,1,1,9.0,4.75,1.36,1.66,2.2,9,22,3,10,3,9
2020-09-26,2020/21,Burnley,Southampton,0,1,1,-1,A,0,0,3.2,3.3,2.3,2.1,1.72,10,5,2,1,8,2
2020-09-27,2020/21,Sheffield United,Leeds United,0,1,1,-1,A,0,0,2.7,3.3,2.62,1.9,1.9,14,17,4,9,5,7
2020-09-27,2020/21,Tottenham Hotspur,Newcastle United,1,1,2,0,D,1,0,1.45,4.5,7.0,1.72,2.1,23,6,12,1,10,4
2020-09-27,2020/21,Manchester City,Leicester City,2,5,7,-3,A,1,1,1.28,6.0,9.5,1.4,3.0,16,7,5,7,3,4
2020-09-27,2020/21,West Ham United,Wolverhampton Wanderers,4,0,4,4,H,0,1,3.6,3.5,2.05,2.1,1.72,15,11,7,2,1,3
2020-09-28,2020/21,Fulham,Aston Villa,0,3,3,-3,A,0,1,2.9,3.25,2.5,2.0,1.8,16,12,3,5,5,3
2020-09-28,2020/21,Liverpool,Arsenal,3,1,4,2,H,1,1,1.45,4.75,6.5,1.53,2.5,21,4,8,3,7,3
2020-10-03,2020/21,Newcastle United,Burnley,3,1,4,2,H,1,1,2.4,3.2,3.1,2.3,1.61,10,7,5,3,3,4
2020-10-03,2020/21,Leeds United,Manchester City,1,1,2,0,D,1,0,7.5,5.25,1.36,1.36,3.2,12,23,7,2,7,10
2020-10-03,2020/21,Chelsea,Crystal Palace,4,0,4,4,H,0,1,1.4,4.75,8.0,1.61,2.3,17,4,6,0,8,5
2020-10-03,2020/21,Everton,Brighton & Hove Albion,4,2,6,2,H,1,1,1.72,3.75,4.8,1.8,2.0,11,11,6,3,3,10
2020-10-04,2020/21,Leicester City,West Ham United,0,3,3,-3,A,0,1,1.61,4.2,5.25,1.66,2.2,4,14,0,6,6,4
2020-10-04,2020/21,Southampton,West Bromwich Albion,2,0,2,2,H,0,0,1.72,3.8,4.75,1.8,2.0,13,5,7,2,5,1
2020-10-04,2020/21,Arsenal,Sheffield United,2,1,3,1,H,1,1,1.57,4.0,6.0,1.9,1.9,6,6,5,2,2,4
2020-10-04,2020/21,Wolverhampton Wanderers,Fulham,1,0,1,1,H,0,0,1.5,4.0,7.5,2.1,1.72,14,10,5,2,6,2
2020-10-04,2020/21,Manchester United,Tottenham Hotspur,1,6,7,-5,A,1,1,1.85,3.8,4.0,1.72,2.1,5,22,2,8,2,4
2020-10-04,2020/21,Aston Villa,Liverpool,7,2,9,5,H,1,1,10.0,5.5,1.3,1.53,2.5,18,14,11,8,2,7
2020-10-17,2020/21,Everton,Liverpool,2,2,4,0,D,1,1,3.75,4.2,1.83,1.53,2.5,11,22,5,8,2,5
2020-10-17,2020/21,Chelsea,Southampton,3,3,6,0,D,1,1,1.45,4.75,6.5,1.57,2.37,11,13,5,6,6,2
2020-10-17,2020/21,Manchester City,Arsenal,1,0,1,1,H,0,0,1.44,5.0,6.5,1.44,2.75,13,11,5,3,6,6
2020-10-17,2020/21,Newcastle United,Manchester United,1,4,5,-3,A,1,1,4.75,4.0,1.66,1.72,2.1,7,28,4,14,0,7
2020-10-18,2020/21,Tottenham Hotspur,West Ham United,3,3,6,0,D,1,1,1.57,4.33,5.5,1.57,2.37,11,13,6,4,3,7
2020-10-18,2020/21,Leicester City,Aston Villa,0,1,1,-1,A,0,0,1.83,3.8,4.1,1.66,2.2,11,10,5,4,2,7
2020-10-18,2020/21,Crystal Palace,Brighton & Hove Albion,1,1,2,0,D,1,0,2.62,3.3,2.7,2.2,1.66,1,20,1,3,2,5
2020-10-18,2020/21,Sheffield United,Fulham,1,1,2,0,D,1,0,2.1,3.3,3.7,2.2,1.66,10,15,6,6,2,5
2020-10-19,2020/21,West Bromwich Albion,Burnley,0,0,0,0,D,0,0,2.45,3.3,2.9,2.1,1.72,13,9,6,4,8,2
2020-10-19,2020/21,Leeds United,Wolverhampton Wanderers,0,1,1,-1,A,0,0,2.5,3.3,2.87,2.1,1.72,13,7,2,3,8,3
2020-10-23,2020/21,Aston Villa,Leeds United,0,3,3,-3,A,0,1,2.05,3.75,3.3,1.57,2.37,12,27,4,9,6,5
2020-10-24,2020/21,West Ham United,Manchester City,1,1,2,0,D,1,0,8.0,5.25,1.36,1.4,3.0,6,14,2,7,2,10
2020-10-24,2020/21,Fulham,Crystal Palace,1,2,3,-1,A,1,1,2.75,3.1,2.7,2.3,1.61,16,14,3,10,4,4
2020-10-24,2020/21,Manchester United,Chelsea,0,0,0,0,D,0,0,2.37,3.6,2.8,1.61,2.3,14,6,4,1,9,6
2020-10-24,2020/21,Liverpool,Sheffield United,2,1,3,1,H,1,1,1.22,6.5,12.0,1.5,2.62,17,13,5,2,7,3
2020-10-25,2020/21,Southampton,Everton,2,0,2,2,H,0,0,2.75,3.4,2.55,1.8,2.0,12,6,6,2,4,5
2020-10-25,2020/21,Wolverhampton Wanderers,Newcastle United,1,1,2,0,D,1,0,1.75,3.5,5.25,2.2,1.66,16,5,3,2,2,3
2020-10-25,2020/21,Arsenal,Leicester City,0,1,1,-1,A,0,0,1.9,3.75,3.8,1.72,2.1,12,6,4,2,9,3
2020-10-26,2020/21,Brighton & Hove Albion,West Bromwich Albion,1,1,2,0,D,1,0,1.7,4.0,4.75,1.8,2.0,5,9,3,3,6,2
2020-10-26,2020/21,Burnley,Tottenham Hotspur,0,1,1,-1,A,0,0,5.75,4.0,1.6,1.9,1.9,13,9,4,3,4,5
2020-10-30,2020/21,Wolverhampton Wanderers,Crystal Palace,2,0,2,2,H,0,0,2.0,3.2,4.33,2.75,1.44,15,11,5,2,7,6
2020-10-31,2020/21,Sheffield United,Manchester City,0,1,1,-1,A,0,0,9.5,6.0,1.28,1.5,2.62,5,16,1,8,2,5
2020-10-31,2020/21,Burnley,Chelsea,0,3,3,-3,A,0,1,6.0,4.5,1.5,1.66,2.2,5,14,0,9,3,4
2020-10-31,2020/21,Liverpool,West Ham United,2,1,3,1,H,1,1,1.36,5.25,7.5,1.4,3.0,9,4,5,3,1,2
2020-11-01,2020/21,Aston Villa,Southampton,3,4,7,-1,A,1,1,2.45,3.5,2.8,1.66,2.2,19,9,10,4,11,1
2020-11-01,2020/21,Newcastle United,Everton,2,1,3,1,H,1,1,3.7,3.4,2.05,1.8,2.0,11,15,4,4,5,4
2020-11-01,2020/21,Manchester United,Arsenal,0,1,1,-1,A,0,0,2.0,3.6,3.6,1.72,2.1,8,7,2,2,6,3
2020-11-01,2020/21,Tottenham Hotspur,Brighton & Hove Albion,2,1,3,1,H,1,1,1.61,4.0,5.5,1.66,2.2,9,6,3,2,4,5
2020-11-02,2020/21,Fulham,West Bromwich Albion,2,0,2,2,H,0,0,2.4,3.3,3.0,2.0,1.8,13,10,6,1,5,2
2020-11-02,2020/21,Leeds United,Leicester City,1,4,5,-3,A,1,1,2.5,3.6,2.62,1.72,2.1,11,10,4,8,10,3
2020-11-06,2020/21,Brighton & Hove Albion,Burnley,0,0,0,0,D,0,0,1.85,3.5,4.33,2.1,1.72,19,4,3,1,5,3
2020-11-06,2020/21,Southampton,Newcastle United,2,0,2,2,H,0,0,2.0,3.6,3.7,1.8,2.0,15,4,8,2,8,3
2020-11-07,2020/21,Chelsea,Sheffield United,4,1,5,3,H,1,1,1.36,5.0,8.5,1.72,2.1,20,6,9,3,6,7
2020-11-07,2020/21,West Ham United,Fulham,1,0,1,1,H,0,0,1.83,3.75,4.2,1.8,2.0,16,13,7,3,9,5
2020-11-07,2020/21,Everton,Manchester United,1,3,4,-2,A,1,1,2.9,3.5,2.37,1.72,2.1,7,13,1,5,5,2
2020-11-07,2020/21,Crystal Palace,Leeds United,4,1,5,3,H,1,1,2.87,3.4,2.45,1.9,1.9,10,9,6,3,3,6
2020-11-08,2020/21,West Bromwich Albion,Tottenham Hotspur,0,1,1,-1,A,0,0,7.0,4.33,1.45,1.72,2.1,12,19,2,5,9,6
2020-11-08,2020/21,Leicester City,Wolverhampton Wanderers,1,0,1,1,H,0,0,2.3,3.2,3.25,2.3,1.61,10,7,3,2,6,3
2020-11-08,2020/21,Manchester City,Liverpool,1,1,2,0,D,1,0,1.95,4.2,3.4,1.44,2.75,7,10,2,3,1,2
2020-11-08,2020/21,Arsenal,Aston Villa,0,3,3,-3,A,0,1,1.65,4.1,5.0,1.66,2.2,13,15,2,6,3,8
2020-11-21,2020/21,Newcastle United,Chelsea,0,2,2,-2,A,0,0,6.5,4.75,1.45,1.66,2.2,8,14,1,3,7,4
2020-11-21,2020/21,Aston Villa,Brighton & Hove Albion,1,2,3,-1,A,1,1,2.15,3.6,3.2,1.72,2.1,15,7,4,3,12,3
2020-11-21,2020/21,Tottenham Hotspur,Manchester City,2,0,2,2,H,0,0,4.0,4.0,1.8,1.57,2.37,4,22,2,5,0,10
2020-11-21,2020/21,Manchester United,West Bromwich Albion,1,0,1,1,H,0,0,1.3,5.5,9.5,1.66,2.2,17,7,7,2,8,2
2020-11-22,2020/21,Fulham,Everton,2,3,5,-1,A,1,1,3.9,3.9,1.85,1.72,2.1,14,9,6,7,2,5
2020-11-22,2020/21,Sheffield United,West Ham United,0,1,1,-1,A,0,0,3.0,3.25,2.4,2.1,1.72,9,15,5,3,2,6
2020-11-22,2020/21,Leeds United,Arsenal,0,0,0,0,D,0,0,3.0,3.75,2.2,1.66,2.2,25,9,4,2,5,3
2020-11-22,2020/21,Liverpool,Leicester City,3,0,3,3,H,0,1,1.85,4.0,3.8,1.57,2.37,24,11,13,4,10,3
2020-11-23,2020/21,Burnley,Crystal Palace,1,0,1,1,H,0,0,2.75,3.1,2.75,2.5,1.53,10,15,4,5,4,7
2020-11-23,2020/21,Wolverhampton Wanderers,Southampton,1,1,2,0,D,1,0,2.3,3.25,3.25,2.2,1.66,20,7,9,2,7,4
2020-11-27,2020/21,Crystal Palace,Newcastle United,0,2,2,-2,A,0,0,2.05,3.25,3.75,2.37,1.57,12,14,3,7,7,3
2020-11-28,2020/21,Brighton & Hove Albion,Liverpool,1,1,2,0,D,1,0,5.5,4.2,1.57,1.57,2.37,11,6,3,2,4,3
2020-11-28,2020/21,Manchester City,Burnley,5,0,5,5,H,0,1,1.16,7.5,16.0,1.44,2.75,19,9,6,1,6,4
2020-11-28,2020/21,Everton,Leeds United,0,1,1,-1,A,0,0,1.95,3.8,3.6,1.61,2.3,15,23,8,7,4,2
2020-11-28,2020/21,West Bromwich Albion,Sheffield United,1,0,1,1,H,0,0,2.6,3.2,2.8,2.3,1.61,17,21,6,5,14,9
2020-11-29,2020/21,Southampton,Manchester United,2,3,5,-1,A,1,1,4.0,3.5,1.95,1.8,2.0,10,15,5,6,5,9
2020-11-29,2020/21,Chelsea,Tottenham Hotspur,0,0,0,0,D,0,0,2.05,3.5,3.6,1.72,2.1,13,5,3,1,3,3
2020-11-29,2020/21,Arsenal,Wolverhampton Wanderers,1,2,3,-1,A,1,1,2.05,3.4,3.75,2.3,1.61,13,11,2,5,8,4
2020-11-30,2020/21,Leicester City,Fulham,1,2,3,-1,A,1,1,1.5,4.33,6.5,1.72,2.1,16,10,3,5,6,5
2020-11-30,2020/21,West Ham United,Aston Villa,2,1,3,1,H,1,1,2.25,3.6,3.0,1.72,2.1,6,16,2,6,3,7
2020-12-05,2020/21,Burnley,Everton,1,1,2,0,D,1,0,4.0,3.5,1.9,2.0,1.8,8,13,3,6,8,4
2020-12-05,2020/21,Manchester City,Fulham,2,0,2,2,H,0,0,1.1,11.0,19.0,1.3,3.5,16,6,6,1,9,3
2020-12-05,2020/21,West Ham United,Manchester United,1,3,4,-2,A,1,1,3.6,3.6,2.0,1.72,2.1,19,15,6,6,5,4
2020-12-05,2020/21,Chelsea,Leeds United,3,1,4,2,H,1,1,1.5,4.5,6.0,1.5,2.62,23,8,11,3,8,4
2020-12-06,2020/21,Liverpool,Wolverhampton Wanderers,4,0,4,4,H,0,1,1.5,4.33,6.5,1.72,2.1,11,9,6,3,4,6
2020-12-06,2020/21,Tottenham Hotspur,Arsenal,2,0,2,2,H,0,0,1.95,3.6,3.8,1.9,1.9,6,11,3,2,3,9
2020-12-06,2020/21,Sheffield United,Leicester City,1,2,3,-1,A,1,1,3.8,3.5,1.95,2.0,1.8,4,13,1,4,6,5
2020-12-06,2020/21,West Bromwich Albion,Crystal Palace,1,5,6,-4,A,1,1,2.87,3.2,2.55,2.2,1.66,9,18,4,6,4,6
2020-12-07,2020/21,Brighton & Hove Albion,Southampton,1,2,3,-1,A,1,1,2.45,3.4,2.9,1.9,1.9,12,10,4,3,4,3
2020-12-11,2020/21,Leeds United,West Ham United,1,2,3,-1,A,1,1,2.15,3.7,3.1,1.57,2.37,13,19,7,8,5,6
2020-12-12,2020/21,Wolverhampton Wanderers,Aston Villa,0,1,1,-1,A,0,0,2.25,3.25,3.25,2.0,1.8,16,13,7,2,5,8
2020-12-12,2020/21,Newcastle United,West Bromwich Albion,2,1,3,1,H,1,1,2.45,3.2,3.0,2.2,1.66,12,13,7,3,4,3
2020-12-12,2020/21,Manchester United,Manchester City,0,0,0,0,D,0,0,4.33,4.2,1.72,1.61,2.3,11,9,2,2,4,3
2020-12-12,2020/21,Everton,Chelsea,1,0,1,1,H,0,0,4.33,4.2,1.7,1.61,2.3,9,10,4,3,6,6
2020-12-13,2020/21,Southampton,Sheffield United,3,0,3,3,H,0,1,1.7,3.75,5.0,2.01,1.89,16,3,6,0,8,4
2020-12-13,2020/21,Crystal Palace,Tottenham Hotspur,1,1,2,0,D,1,0,4.5,3.9,1.72,1.9,1.9,16,14,5,6,4,7
2020-12-13,2020/21,Fulham,Liverpool,1,1,2,0,D,1,0,9.0,5.5,1.3,1.4,3.0,10,12,5,6,6,8
2020-12-13,2020/21,Arsenal,Burnley,0,1,1,-1,A,0,0,1.53,4.2,6.25,1.9,1.9,18,10,6,2,13,4
2020-12-13,2020/21,Leicester City,Brighton & Hove Albion,3,0,3,3,H,0,1,2.0,3.5,3.8,1.9,1.9,15,12,6,4,9,5
2020-12-15,2020/21,Manchester City,West Bromwich Albion,1,1,2,0,D,1,0,1.09,11.0,21.0,1.36,3.2,26,5,7,1,13,2
2020-12-15,2020/21,Wolverhampton Wanderers,Chelsea,2,1,3,1,H,1,1,5.25,3.8,1.66,2.0,1.8,12,13,4,3,5,6
2020-12-16,2020/21,Arsenal,Southampton,1,1,2,0,D,1,0,2.25,3.5,3.1,1.8,2.0,9,13,4,3,2,7
2020-12-16,2020/21,Leeds United,Newcastle United,5,2,7,3,H,1,1,1.75,4.0,4.33,1.72,2.1,25,10,10,4,7,4
2020-12-16,2020/21,Leicester City,Everton,0,2,2,-2,A,0,0,2.15,3.6,3.25,1.72,2.1,14,11,2,6,4,6
2020-12-16,2020/21,Fulham,Brighton & Hove Albion,0,0,0,0,D,0,0,2.87,3.3,2.5,2.0,1.8,9,9,4,4,1,8
2020-12-16,2020/21,Liverpool,Tottenham Hotspur,2,1,3,1,H,1,1,1.75,3.8,4.5,1.66,2.2,17,8,11,2,7,4
2020-12-16,2020/21,West Ham United,Crystal Palace,1,1,2,0,D,1,0,2.05,3.4,3.6,1.9,1.9,9,8,2,2,5,3
2020-12-17,2020/21,Aston Villa,Burnley,0,0,0,0,D,0,0,1.75,3.8,4.5,1.9,1.9,27,6,7,4,11,1
2020-12-17,2020/21,Sheffield United,Manchester United,2,3,5,-1,A,1,1,7.0,4.6,1.44,1.8,2.0,12,14,6,8,6,3
2020-12-19,2020/21,Crystal Palace,Liverpool,0,7,7,-7,A,0,1,6.5,4.33,1.5,1.61,2.3,5,14,3,8,5,4
2020-12-19,2020/21,Southampton,Manchester City,0,1,1,-1,A,0,0,7.0,4.5,1.44,1.57,2.37,9,11,3,5,6,6
2020-12-19,2020/21,Everton,Arsenal,2,1,3,1,H,1,1,2.45,3.5,2.8,1.8,2.0,9,13,2,2,4,3
2020-12-19,2020/21,Newcastle United,Fulham,1,1,2,0,D,1,0,2.5,3.25,2.9,2.1,1.72,12,11,5,4,2,9
2020-12-20,2020/21,West Bromwich Albion,Aston Villa,0,3,3,-3,A,0,1,3.6,3.8,1.95,1.72,2.1,1,19,1,10,1,7
2020-12-20,2020/21,Manchester United,Leeds United,6,2,8,4,H,1,1,1.66,4.33,4.5,1.5,2.62,26,17,14,3,11,13
2020-12-20,2020/21,Brighton & Hove Albion,Sheffield United,1,1,2,0,D,1,0,1.65,3.75,5.5,2.2,1.66,21,5,5,3,14,2
2020-12-20,2020/21,Tottenham Hotspur,Leicester City,0,2,2,-2,A,0,0,2.05,3.5,3.6,1.8,2.0,8,17,3,4,5,3
2020-12-21,2020/21,Burnley,Wolverhampton Wanderers,2,1,3,1,H,1,1,3.5,3.25,2.2,2.5,1.53,10,15,4,3,1,7
2020-12-21,2020/21,Chelsea,West Ham United,3,0,3,3,H,0,1,1.44,5.0,6.25,1.57,2.37,11,6,7,0,5,4
2020-12-26,2020/21,Leicester City,Manchester United,2,2,4,0,D,1,1,2.9,3.6,2.3,1.66,2.2,10,9,2,4,5,0
2020-12-26,2020/21,Aston Villa,Crystal Palace,3,0,3,3,H,0,1,1.9,3.75,3.8,1.72,2.1,21,13,10,6,4,4
2020-12-26,2020/21,Fulham,Southampton,0,0,0,0,D,0,0,3.2,3.3,2.3,1.9,1.9,10,3,1,2,6,3
2020-12-26,2020/21,Arsenal,Chelsea,3,1,4,2,H,1,1,4.0,3.6,1.9,1.95,1.95,15,19,7,3,7,9
2020-12-26,2020/21,Manchester City,Newcastle United,2,0,2,2,H,0,0,1.11,10.0,19.0,1.36,3.2,11,7,6,2,7,3
2020-12-26,2020/21,Sheffield United,Everton,0,1,1,-1,A,0,0,4.2,3.6,1.85,2.01,1.89,10,7,2,3,6,3
2020-12-27,2020/21,Wolverhampton Wanderers,Tottenham Hotspur,1,1,2,0,D,1,0,3.6,3.25,2.15,2.2,1.66,11,6,6,3,9,2
2020-12-27,2020/21,Leeds United,Burnley,1,0,1,1,H,0,0,1.72,4.0,4.33,1.57,2.37,11,14,4,6,4,12
2020-12-27,2020/21,West Ham United,Brighton & Hove Albion,2,2,4,0,D,1,1,2.3,3.4,3.1,1.99,1.91,11,13,4,4,5,4
2020-12-27,2020/21,Liverpool,West Bromwich Albion,1,1,2,0,D,1,0,1.11,10.0,19.0,1.36,3.2,17,5,2,3,8,3
2020-12-28,2020/21,Chelsea,Aston Villa,1,1,2,0,D,1,0,1.61,4.2,5.0,1.53,2.5,16,10,5,2,11,4
2020-12-28,2020/21,Crystal Palace,Leicester City,1,1,2,0,D,1,0,3.75,3.5,2.0,1.9,1.9,4,17,1,3,2,5
2020-12-29,2020/21,Brighton & Hove Albion,Arsenal,0,1,1,-1,A,0,0,3.25,3.5,2.2,2.0,1.8,13,11,2,3,5,4
2020-12-29,2020/21,Burnley,Sheffield United,1,0,1,1,H,0,0,2.37,3.1,3.25,2.37,1.57,5,7,3,3,3,5
2020-12-29,2020/21,Southampton,West Ham United,0,0,0,0,D,0,0,2.1,3.6,3.4,1.94,1.96,8,8,3,3,4,3
2020-12-29,2020/21,West Bromwich Albion,Leeds United,0,5,5,-5,A,0,1,3.6,3.6,2.0,1.57,2.37,4,14,1,6,3,10
2020-12-29,2020/21,Manchester United,Wolverhampton Wanderers,1,0,1,1,H,0,0,1.53,4.2,6.25,1.96,1.94,11,9,3,5,2,2
2020-12-30,2020/21,Newcastle United,Liverpool,0,0,0,0,D,0,0,12.0,6.0,1.25,1.5,2.62,8,11,2,4,5,12
2021-01-01,2020/21,Everton,West Ham United,0,1,1,-1,A,0,0,2.1,3.5,3.5,1.9,1.9,10,11,2,5,5,4
2021-01-01,2020/21,Manchester United,Aston Villa,2,1,3,1,H,1,1,1.72,4.2,4.2,1.53,2.5,19,5,9,5,5,10
2021-01-02,2020/21,Tottenham Hotspur,Leeds United,3,0,3,3,H,0,1,1.75,4.1,4.2,1.44,2.75,20,18,7,5,3,5
2021-01-02,2020/21,Crystal Palace,Sheffield United,2,0,2,2,H,0,0,1.95,3.5,3.9,2.3,1.61,9,7,4,2,3,6
2021-01-02,2020/21,Brighton & Hove Albion,Wolverhampton Wanderers,3,3,6,0,D,1,1,2.62,3.25,2.75,2.5,1.53,13,11,4,4,5,8
2021-01-02,2020/21,West Bromwich Albion,Arsenal,0,4,4,-4,A,0,1,5.75,4.0,1.57,1.9,1.9,7,21,3,12,3,5
2021-01-03,2020/21,Chelsea,Manchester City,1,3,4,-2,A,1,1,3.0,3.7,2.2,1.72,2.1,9,18,2,6,5,3
2021-01-03,2020/21,Newcastle United,Leicester City,1,2,3,-1,A,1,1,5.25,4.2,1.61,1.9,1.9,8,9,2,3,3,6
2021-01-04,2020/21,Southampton,Liverpool,1,0,1,1,H,0,0,5.0,4.33,1.61,1.61,2.3,7,17,3,1,1,10
2021-01-12,2020/21,Sheffield United,Newcastle United,1,0,1,1,H,0,0,2.45,3.1,3.1,2.5,1.53,17,7,4,3,5,2
2021-01-12,2020/21,Burnley,Manchester United,0,1,1,-1,A,0,0,7.0,4.5,1.45,1.72,2.1,11,13,0,7,3,4
2021-01-12,2020/21,Wolverhampton Wanderers,Everton,1,2,3,-1,A,1,1,2.45,3.1,3.1,2.37,1.57,12,5,3,3,6,5
2021-01-13,2020/21,Manchester City,Brighton & Hove Albion,1,0,1,1,H,0,0,1.14,8.5,16.0,1.5,2.62,16,5,6,1,8,4
2021-01-13,2020/21,Tottenham Hotspur,Fulham,1,1,2,0,D,1,0,1.36,5.0,8.5,1.66,2.2,15,15,6,4,6,5
2021-01-14,2020/21,Arsenal,Crystal Palace,0,0,0,0,D,0,0,1.53,4.0,6.5,1.9,1.9,11,12,4,2,7,3
2021-01-16,2020/21,Leicester City,Southampton,2,0,2,2,H,0,0,1.8,3.75,4.5,1.9,1.9,16,8,5,3,2,5
2021-01-16,2020/21,Wolverhampton Wanderers,West Bromwich Albion,2,3,5,-1,A,1,1,1.6,3.5,7.0,2.3,1.61,23,12,6,5,11,0
2021-01-16,2020/21,Leeds United,Brighton & Hove Albion,0,1,1,-1,A,0,0,2.1,3.5,3.4,1.61,2.3,7,7,2,2,5,2
2021-01-16,2020/21,West Ham United,Burnley,1,0,1,1,H,0,0,1.8,3.5,4.75,2.1,1.72,15,10,4,2,7,4
2021-01-16,2020/21,Fulham,Chelsea,0,1,1,-1,A,0,0,6.5,4.33,1.5,1.8,2.0,10,21,3,6,1,12
2021-01-17,2020/21,Manchester City,Crystal Palace,4,0,4,4,H,0,1,1.14,8.5,17.0,1.5,2.62,13,2,6,0,11,1
2021-01-17,2020/21,Liverpool,Manchester United,0,0,0,0,D,0,0,1.95,3.8,3.6,1.66,2.2,17,8,3,4,7,3
2021-01-17,2020/21,Sheffield United,Tottenham Hotspur,1,3,4,-2,A,1,1,6.25,3.75,1.6,2.0,1.8,15,14,5,5,5,7
2021-01-18,2020/21,Arsenal,Newcastle United,3,0,3,3,H,0,1,1.4,4.5,8.0,1.8,2.0,20,4,6,1,7,2
2021-01-19,2020/21,West Ham United,West Bromwich Albion,2,1,3,1,H,1,1,1.57,4.2,5.5,1.9,1.9,14,6,6,2,3,1
2021-01-19,2020/21,Leicester City,Chelsea,2,0,2,2,H,0,0,2.87,3.4,2.45,1.9,1.9,8,9,6,5,6,3
2021-01-20,2020/21,Manchester City,Aston Villa,2,0,2,2,H,0,0,1.22,6.5,12.0,1.44,2.75,28,11,9,4,16,2
2021-01-20,2020/21,Fulham,Manchester United,1,2,3,-1,A,1,1,6.0,4.33,1.53,1.72,2.1,12,15,5,5,2,8
2021-01-21,2020/21,Liverpool,Burnley,0,1,1,-1,A,0,0,1.18,7.5,15.0,1.53,2.5,27,6,6,4,12,0
2021-01-23,2020/21,Aston Villa,Newcastle United,2,0,2,2,H,0,0,1.45,4.75,6.5,1.66,2.2,14,7,5,1,5,4
2021-01-26,2020/21,Crystal Palace,West Ham United,2,3,5,-1,A,1,1,3.1,3.25,2.37,2.2,1.66,6,17,3,7,3,4
2021-01-26,2020/21,Newcastle United,Leeds United,1,2,3,-1,A,1,1,3.9,3.8,1.85,1.66,2.2,22,9,5,2,9,5
2021-01-26,2020/21,Southampton,Arsenal,1,3,4,-2,A,1,1,3.5,3.6,2.05,1.8,2.0,13,9,5,5,4,5
2021-01-26,2020/21,West Bromwich Albion,Manchester City,0,5,5,-5,A,0,1,15.0,7.5,1.18,1.57,2.37,4,18,1,7,3,8
2021-01-27,2020/21,Manchester United,Sheffield United,1,2,3,-1,A,1,1,1.25,6.0,11.0,1.66,2.2,16,5,4,3,7,2
2021-01-27,2020/21,Everton,Leicester City,1,1,2,0,D,1,0,2.8,3.3,2.55,2.0,1.8,8,19,2,6,5,11
2021-01-27,2020/21,Brighton & Hove Albion,Fulham,0,0,0,0,D,0,0,2.05,3.4,3.75,2.2,1.66,16,10,5,3,10,0
2021-01-27,2020/21,Chelsea,Wolverhampton Wanderers,0,0,0,0,D,0,0,1.6,4.2,5.25,1.9,1.9,14,4,5,0,13,1
2021-01-27,2020/21,Burnley,Aston Villa,3,2,5,1,H,1,1,3.8,3.5,1.95,1.9,1.9,10,18,5,10,2,4
2021-01-28,2020/21,Tottenham Hotspur,Liverpool,1,3,4,-2,A,1,1,3.2,3.6,2.2,1.8,2.0,3,14,2,7,1,2
2021-01-30,2020/21,Everton,Newcastle United,0,2,2,-2,A,0,0,1.55,4.0,6.5,2.0,1.8,11,13,3,3,7,12
2021-01-30,2020/21,Crystal Palace,Wolverhampton Wanderers,1,0,1,1,H,0,0,2.87,3.2,2.55,2.5,1.53,11,6,2,4,1,6
2021-01-30,2020/21,Manchester City,Sheffield United,1,0,1,1,H,0,0,1.12,9.0,18.0,1.5,2.62,10,4,5,1,10,0
2021-01-30,2020/21,West Bromwich Albion,Fulham,2,2,4,0,D,1,1,3.3,3.2,2.3,2.2,1.66,5,12,3,7,2,3
2021-01-30,2020/21,Arsenal,Manchester United,0,0,0,0,D,0,0,2.8,3.5,2.45,1.8,2.0,17,14,3,3,4,7
2021-01-30,2020/21,Southampton,Aston Villa,0,1,1,-1,A,0,0,2.8,3.6,2.37,1.72,2.1,20,8,5,4,7,1
2021-01-31,2020/21,Chelsea,Burnley,2,0,2,2,H,0,0,1.33,5.0,9.5,1.72,2.1,19,1,8,0,4,2
2021-01-31,2020/21,Leicester City,Leeds United,1,3,4,-2,A,1,1,1.8,4.0,4.2,1.57,2.37,18,8,8,7,6,4
2021-01-31,2020/21,West Ham United,Liverpool,1,3,4,-2,A,1,1,4.33,4.0,1.75,1.66,2.2,8,14,2,5,6,5
2021-01-31,2020/21,Brighton & Hove Albion,Tottenham Hotspur,1,0,1,1,H,0,0,3.2,3.4,2.25,2.08,1.82,16,8,5,4,9,2
2021-02-02,2020/21,Newcastle United,Crystal Palace,1,2,3,-1,A,1,1,2.8,3.2,2.6,2.3,1.61,21,6,5,3,9,1
2021-02-02,2020/21,Manchester United,Southampton,9,0,9,9,H,0,1,1.4,4.75,7.0,1.53,2.5,24,3,14,1,5,3
2021-02-02,2020/21,Sheffield United,West Bromwich Albion,2,1,3,1,H,1,1,2.0,3.3,4.0,2.3,1.61,14,8,6,4,9,2
2021-02-02,2020/21,Wolverhampton Wanderers,Arsenal,2,1,3,1,H,1,1,3.6,3.3,2.1,2.3,1.61,11,9,7,3,9,6
2021-02-03,2020/21,Burnley,Manchester City,0,2,2,-2,A,0,0,13.0,7.0,1.2,1.66,2.2,2,17,0,6,1,3
2021-02-03,2020/21,Fulham,Leicester City,0,2,2,-2,A,0,0,4.0,3.5,1.9,2.0,1.8,8,9,1,5,5,2
2021-02-03,2020/21,Leeds United,Everton,1,2,3,-1,A,1,1,2.5,3.5,2.7,1.66,2.2,16,10,7,6,7,1
2021-02-03,2020/21,Aston Villa,West Ham United,1,3,4,-2,A,1,1,2.2,3.4,3.25,1.72,2.1,9,20,2,10,7,3
2021-02-03,2020/21,Liverpool,Brighton & Hove Albion,0,1,1,-1,A,0,0,1.33,5.25,9.0,1.66,2.2,11,13,1,4,6,3
2021-02-04,2020/21,Tottenham Hotspur,Chelsea,0,1,1,-1,A,0,0,3.5,3.4,2.1,1.9,1.9,7,18,2,2,2,7
2021-02-06,2020/21,Aston Villa,Arsenal,1,0,1,1,H,0,0,2.62,3.5,2.6,1.66,2.2,12,14,8,3,3,7
2021-02-06,2020/21,Burnley,Brighton & Hove Albion,1,1,2,0,D,1,0,3.6,3.1,2.2,2.5,1.53,20,10,7,2,8,7
2021-02-06,2020/21,Newcastle United,Southampton,3,2,5,1,H,1,1,3.0,3.3,2.4,2.0,1.8,6,14,4,5,0,7
2021-02-06,2020/21,Fulham,West Ham United,0,0,0,0,D,0,0,3.6,3.5,2.05,2.0,1.8,20,8,2,1,7,3
2021-02-06,2020/21,Manchester United,Everton,3,3,6,0,D,1,1,1.53,4.2,6.0,1.66,2.2,14,6,5,3,5,1
2021-02-07,2020/21,Wolverhampton Wanderers,Leicester City,0,0,0,0,D,0,0,3.5,3.4,2.1,2.2,1.66,13,13,1,3,8,2
2021-02-07,2020/21,Sheffield United,Chelsea,1,2,3,-1,A,1,1,7.0,4.5,1.45,1.9,1.9,8,9,3,3,1,8
2021-02-07,2020/21,Tottenham Hotspur,West Bromwich Albion,2,0,2,2,H,0,0,1.45,4.5,7.0,1.72,2.1,13,4,6,1,8,0
2021-02-07,2020/21,Liverpool,Manchester City,1,4,5,-3,A,1,1,3.4,3.6,2.05,1.72,2.1,8,8,3,5,6,1
2021-02-08,2020/21,Leeds United,Crystal Palace,2,0,2,2,H,0,0,1.8,3.8,4.2,1.61,2.3,17,8,7,3,5,3
2021-02-13,2020/21,Leicester City,Liverpool,3,1,4,2,H,1,1,3.5,3.4,2.1,1.72,2.1,11,15,6,4,2,12
2021-02-13,2020/21,Crystal Palace,Burnley,0,3,3,-3,A,0,1,2.37,3.1,3.2,2.5,1.53,13,16,3,4,7,4
2021-02-13,2020/21,Manchester City,Tottenham Hotspur,3,0,3,3,H,0,1,1.28,5.75,9.5,1.61,2.3,15,7,6,3,4,2
2021-02-13,2020/21,Brighton & Hove Albion,Aston Villa,0,0,0,0,D,0,0,2.7,3.5,2.5,1.72,2.1,26,4,9,1,9,2
2021-02-14,2020/21,Arsenal,Leeds United,4,2,6,2,H,1,1,1.83,3.8,4.0,1.57,2.37,13,9,5,5,4,5
2021-02-14,2020/21,Southampton,Wolverhampton Wanderers,1,2,3,-1,A,1,1,2.37,3.2,3.1,2.3,1.61,7,10,3,4,4,6
2021-02-14,2020/21,West Bromwich Albion,Manchester United,1,1,2,0,D,1,0,10.0,5.5,1.3,1.53,2.5,7,10,3,7,4,5
2021-02-14,2020/21,Everton,Fulham,0,2,2,-2,A,0,0,1.85,3.6,4.2,2.0,1.8,7,12,2,3,5,4
2021-02-15,2020/21,West Ham United,Sheffield United,3,0,3,3,H,0,1,1.66,3.75,5.25,2.0,1.8,13,8,9,5,7,7
2021-02-15,2020/21,Chelsea,Newcastle United,2,0,2,2,H,0,0,1.22,6.5,12.0,1.57,2.37,18,10,5,4,10,5
2021-02-17,2020/21,Everton,Manchester City,1,3,4,-2,A,1,1,8.5,5.5,1.33,1.66,2.2,3,16,2,7,0,10
2021-02-17,2020/21,Burnley,Fulham,1,1,2,0,D,1,0,2.75,3.2,2.7,2.3,1.61,8,8,3,3,5,5
2021-02-19,2020/21,Wolverhampton Wanderers,Leeds United,1,0,1,1,H,0,0,2.37,3.3,3.0,1.9,1.9,15,18,5,7,7,9
2021-02-20,2020/21,Southampton,Chelsea,1,1,2,0,D,1,0,5.0,3.8,1.7,1.9,1.9,4,9,1,3,3,6
2021-02-20,2020/21,Burnley,West Bromwich Albion,0,0,0,0,D,0,0,2.0,3.3,4.0,2.2,1.66,6,10,1,3,5,5
2021-02-20,2020/21,Liverpool,Everton,0,2,2,-2,A,0,0,1.44,4.5,7.0,1.57,2.37,15,9,6,6,7,2
2021-02-20,2020/21,Fulham,Sheffield United,1,0,1,1,H,0,0,2.15,3.2,3.6,2.3,1.61,15,4,7,2,6,4
2021-02-21,2020/21,West Ham United,Tottenham Hotspur,2,1,3,1,H,1,1,2.62,3.4,2.7,1.9,1.9,4,20,4,4,5,7
2021-02-21,2020/21,Aston Villa,Leicester City,1,2,3,-1,A,1,1,2.87,3.5,2.4,1.72,2.1,11,16,2,7,7,8
2021-02-21,2020/21,Arsenal,Manchester City,0,1,1,-1,A,0,0,6.5,4.33,1.5,1.72,2.1,7,15,1,3,1,3
2021-02-21,2020/21,Manchester United,Newcastle United,3,1,4,2,H,1,1,1.28,5.5,10.0,1.57,2.37,15,10,7,6,6,4
2021-02-22,2020/21,Brighton & Hove Albion,Crystal Palace,1,2,3,-1,A,1,1,1.7,3.5,5.5,2.2,1.66,25,3,5,2,13,0
2021-02-23,2020/21,Leeds United,Southampton,3,0,3,3,H,0,1,2.25,3.5,3.1,1.66,2.2,11,13,7,5,2,4
2021-02-27,2020/21,Leeds United,Aston Villa,0,1,1,-1,A,0,0,2.15,3.6,3.2,1.57,2.37,13,9,3,4,7,5
2021-02-27,2020/21,Newcastle United,Wolverhampton Wanderers,1,1,2,0,D,1,0,3.5,3.2,2.2,2.37,1.57,19,14,7,4,3,5
2021-02-27,2020/21,Manchester City,West Ham United,2,1,3,1,H,1,1,1.22,6.5,12.0,1.53,2.5,10,9,3,3,4,2
2021-02-27,2020/21,West Bromwich Albion,Brighton & Hove Albion,1,0,1,1,H,0,0,4.2,3.3,1.95,2.1,1.72,6,15,2,6,7,4
2021-02-28,2020/21,Crystal Palace,Fulham,0,0,0,0,D,0,0,3.5,3.2,2.2,2.3,1.61,3,16,0,4,1,3
2021-02-28,2020/21,Leicester City,Arsenal,1,3,4,-2,A,1,1,2.5,3.4,2.8,2.02,1.88,8,12,3,4,2,7
2021-02-28,2020/21,Tottenham Hotspur,Burnley,4,0,4,4,H,0,1,1.53,4.0,6.5,1.91,1.99,16,10,7,3,3,4
2021-02-28,2020/21,Chelsea,Manchester United,0,0,0,0,D,0,0,2.15,3.4,3.4,1.99,1.91,18,11,6,4,3,4
2021-02-28,2020/21,Sheffield United,Liverpool,0,2,2,-2,A,0,0,8.0,5.0,1.36,1.66,2.2,8,16,2,8,4,3
2021-03-01,2020/21,Everton,Southampton,1,0,1,1,H,0,0,2.15,3.5,3.3,2.0,1.9,7,9,1,1,4,10
2021-03-02,2020/21,Manchester City,Wolverhampton Wanderers,4,1,5,3,H,1,1,1.18,7.0,15.0,1.72,2.1,22,6,10,1,10,2
2021-03-03,2020/21,Burnley,Leicester City,1,1,2,0,D,1,0,4.0,3.25,2.0,2.1,1.72,12,15,7,4,5,8
2021-03-03,2020/21,Sheffield United,Aston Villa,1,0,1,1,H,0,0,3.75,3.4,2.05,2.1,1.72,9,16,2,4,2,7
2021-03-03,2020/21,Crystal Palace,Manchester United,0,0,0,0,D,0,0,8.0,4.75,1.4,1.72,2.1,8,11,2,1,4,6
2021-03-04,2020/21,Fulham,Tottenham Hotspur,0,1,1,-1,A,0,0,4.0,3.6,1.9,2.0,1.8,11,9,3,2,4,1
2021-03-04,2020/21,West Bromwich Albion,Everton,0,1,1,-1,A,0,0,4.33,3.6,1.83,1.9,1.9,11,11,3,3,3,3
2021-03-04,2020/21,Liverpool,Chelsea,0,1,1,-1,A,0,0,2.25,3.6,3.0,1.8,2.0,7,11,1,5,5,2
2021-03-06,2020/21,Brighton & Hove Albion,Leicester City,1,2,3,-1,A,1,1,2.55,3.25,2.8,2.2,1.66,7,8,2,4,6,6
2021-03-06,2020/21,Aston Villa,Wolverhampton Wanderers,0,0,0,0,D,0,0,2.37,3.25,3.1,2.1,1.72,9,10,1,2,5,3
2021-03-06,2020/21,Burnley,Arsenal,1,1,2,0,D,1,0,5.5,4.0,1.61,1.97,1.93,9,15,5,3,2,4
2021-03-06,2020/21,Sheffield United,Southampton,0,2,2,-2,A,0,0,3.6,3.5,2.0,2.3,1.61,8,15,2,5,7,3
2021-03-07,2020/21,West Bromwich Albion,Newcastle United,0,0,0,0,D,0,0,2.37,3.2,3.1,2.2,1.66,13,9,3,5,9,7
2021-03-07,2020/21,Liverpool,Fulham,0,1,1,-1,A,0,0,1.36,5.0,8.5,1.72,2.1,16,10,3,3,9,4
2021-03-07,2020/21,Manchester City,Manchester United,0,2,2,-2,A,0,0,1.45,4.5,7.0,1.72,2.1,23,8,6,6,6,2
2021-03-07,2020/21,Tottenham Hotspur,Crystal Palace,4,1,5,3,H,1,1,1.45,4.5,7.0,1.9,1.9,12,5,5,1,1,5
2021-03-08,2020/21,Chelsea,Everton,2,0,2,2,H,0,0,1.53,4.0,6.5,1.98,1.92,19,7,9,1,7,3
2021-03-08,2020/21,West Ham United,Leeds United,2,0,2,2,H,0,0,2.05,3.6,3.5,1.66,2.2,16,17,5,2,6,6
2021-03-10,2020/21,Manchester City,Southampton,5,2,7,3,H,1,1,1.18,7.5,15.0,1.53,2.5,17,11,10,6,5,5
2021-03-12,2020/21,Newcastle United,Aston Villa,1,1,2,0,D,1,0,3.8,3.3,2.05,2.3,1.61,12,15,3,6,2,2
2021-03-13,2020/21,Fulham,Manchester City,0,3,3,-3,A,0,1,10.0,5.0,1.33,1.8,2.0,3,8,0,7,4,2
2021-03-13,2020/21,Leeds United,Chelsea,0,0,0,0,D,0,0,4.75,4.0,1.7,1.8,2.0,7,15,4,8,8,5
2021-03-13,2020/21,Crystal Palace,West Bromwich Albion,1,0,1,1,H,0,0,2.15,3.2,3.6,2.37,1.57,6,12,4,1,3,2
2021-03-13,2020/21,Everton,Burnley,1,2,3,-1,A,1,1,1.83,3.5,4.5,2.1,1.72,14,14,4,5,7,4
2021-03-14,2020/21,Manchester United,West Ham United,1,0,1,1,H,0,0,1.83,3.6,4.33,1.9,1.9,15,7,4,0,6,3
2021-03-14,2020/21,Arsenal,Tottenham Hotspur,2,1,3,1,H,1,1,2.55,3.4,2.75,1.9,1.9,13,6,3,3,6,3
2021-03-14,2020/21,Southampton,Brighton & Hove Albion,1,2,3,-1,A,1,1,2.9,3.1,2.5,2.3,1.61,9,8,4,6,4,5
2021-03-14,2020/21,Leicester City,Sheffield United,5,0,5,5,H,0,1,1.5,4.2,6.5,1.9,1.9,19,1,10,0,9,1
2021-03-15,2020/21,Wolverhampton Wanderers,Liverpool,0,1,1,-1,A,0,0,4.75,3.75,1.72,1.9,1.9,10,12,5,4,3,2
2021-03-19,2020/21,Fulham,Leeds United,1,2,3,-1,A,1,1,2.37,3.4,3.0,2.0,1.8,13,13,6,4,13,7
2021-03-20,2020/21,Brighton & Hove Albion,Newcastle United,3,0,3,3,H,0,1,1.66,3.5,6.0,2.3,1.61,11,3,6,1,3,1
2021-03-21,2020/21,West Ham United,Arsenal,3,3,6,0,D,1,1,2.8,3.5,2.45,1.9,1.9,15,16,5,7,3,5
2021-03-21,2020/21,Aston Villa,Tottenham Hotspur,0,2,2,-2,A,0,0,2.9,3.3,2.45,1.9,1.9,8,9,1,3,5,8
2021-04-03,2020/21,Leicester City,Manchester City,0,2,2,-2,A,0,0,6.0,4.2,1.53,1.9,1.9,5,11,2,4,1,1
2021-04-03,2020/21,Chelsea,West Bromwich Albion,2,5,7,-3,A,1,1,1.22,6.0,15.0,1.72,2.1,18,14,8,7,10,3
2021-04-03,2020/21,Leeds United,Sheffield United,2,1,3,1,H,1,1,1.5,4.33,6.5,1.8,2.0,23,9,8,1,5,7
2021-04-03,2020/21,Arsenal,Liverpool,0,3,3,-3,A,0,1,3.1,3.7,2.15,1.72,2.1,3,16,2,7,1,2
2021-04-04,2020/21,Manchester United,Brighton & Hove Albion,2,1,3,1,H,1,1,1.61,4.0,5.5,1.9,1.9,15,5,7,3,5,6
2021-04-04,2020/21,Aston Villa,Fulham,3,1,4,2,H,1,1,2.25,3.3,3.3,2.2,1.66,14,15,4,7,4,4
2021-04-04,2020/21,Southampton,Burnley,3,2,5,1,H,1,1,2.05,3.3,3.8,2.1,1.72,24,7,9,5,6,7
2021-04-04,2020/21,Newcastle United,Tottenham Hotspur,2,2,4,0,D,1,1,5.5,4.0,1.6,1.9,1.9,22,11,6,5,7,3
2021-04-05,2020/21,Everton,Crystal Palace,1,1,2,0,D,1,0,1.75,3.5,5.0,2.3,1.61,15,13,7,6,3,4
2021-04-05,2020/21,Wolverhampton Wanderers,West Ham United,2,3,5,-1,A,1,1,2.87,3.2,2.55,2.5,1.53,20,9,5,6,4,2
2021-04-09,2020/21,Fulham,Wolverhampton Wanderers,0,1,1,-1,A,0,0,2.5,3.0,3.1,2.5,1.53,14,7,3,3,3,4
2021-04-10,2020/21,Manchester City,Leeds United,1,2,3,-1,A,1,1,1.28,5.75,10.0,1.44,2.75,29,2,7,2,9,3
2021-04-10,2020/21,Liverpool,Aston Villa,2,1,3,1,H,1,1,1.5,4.33,6.5,1.61,2.3,23,9,10,5,7,0
2021-04-10,2020/21,Crystal Palace,Chelsea,1,4,5,-3,A,1,1,7.0,3.8,1.53,2.1,1.72,1,23,1,10,0,8
2021-04-11,2020/21,Burnley,Newcastle United,1,2,3,-1,A,1,1,2.3,3.1,3.4,2.5,1.53,24,10,4,5,13,3
2021-04-11,2020/21,West Ham United,Leicester City,3,2,5,1,H,1,1,3.0,3.3,2.37,1.9,1.9,4,15,4,5,1,9
2021-04-11,2020/21,Tottenham Hotspur,Manchester United,1,3,4,-2,A,1,1,2.87,3.4,2.45,1.9,1.9,12,12,3,7,7,5
2021-04-11,2020/21,Sheffield United,Arsenal,0,3,3,-3,A,0,1,6.5,3.75,1.57,2.0,1.8,7,14,2,5,2,4
2021-04-12,2020/21,West Bromwich Albion,Southampton,3,0,3,3,H,0,1,3.6,3.3,2.1,2.0,1.8,15,14,6,4,5,10
2021-04-12,2020/21,Brighton & Hove Albion,Everton,0,0,0,0,D,0,0,2.25,3.3,3.3,2.2,1.66,23,8,3,1,10,3
2021-04-16,2020/21,Everton,Tottenham Hotspur,2,2,4,0,D,1,1,3.4,3.5,2.1,1.9,1.9,18,12,7,3,6,3
2021-04-17,2020/21,Wolverhampton Wanderers,Sheffield United,1,0,1,1,H,0,0,1.66,3.5,5.75,2.3,1.61,10,8,5,2,3,3
2021-04-17,2020/21,Newcastle United,West Ham United,3,2,5,1,H,1,1,3.5,3.5,2.05,1.9,1.9,16,16,8,6,3,8
2021-04-18,2020/21,Arsenal,Fulham,1,1,2,0,D,1,0,1.7,3.8,4.8,2.0,1.8,18,3,5,1,11,1
2021-04-18,2020/21,Manchester United,Burnley,3,1,4,2,H,1,1,1.33,5.25,9.0,1.72,2.1,17,10,9,3,8,3
2021-04-19,2020/21,Leeds United,Liverpool,1,1,2,0,D,1,0,4.5,4.33,1.66,1.53,2.5,12,17,5,7,10,8
2021-04-20,2020/21,Chelsea,Brighton & Hove Albion,0,0,0,0,D,0,0,1.57,4.0,6.0,2.2,1.66,7,11,4,2,0,3
2021-04-21,2020/21,Tottenham Hotspur,Southampton,2,1,3,1,H,1,1,1.75,3.8,4.5,1.72,2.1,12,10,3,5,5,5
2021-04-21,2020/21,Aston Villa,Manchester City,1,2,3,-1,A,1,1,9.0,4.75,1.36,1.66,2.2,8,13,3,3,1,11
2021-04-22,2020/21,Leicester City,West Bromwich Albion,3,0,3,3,H,0,1,1.53,3.8,6.0,1.9,1.9,17,4,7,1,7,3
2021-04-23,2020/21,Arsenal,Everton,0,1,1,-1,A,0,0,2.0,3.5,3.75,2.0,1.8,14,8,3,1,7,3
2021-04-24,2020/21,Liverpool,Newcastle United,1,1,2,0,D,1,0,1.22,6.5,12.0,1.53,2.5,22,7,9,4,6,3
2021-04-24,2020/21,West Ham United,Chelsea,0,1,1,-1,A,0,0,4.75,3.6,1.75,2.0,1.8,9,17,2,6,4,2
2021-04-24,2020/21,Sheffield United,Brighton & Hove Albion,1,0,1,1,H,0,0,5.25,3.4,1.75,2.37,1.57,7,17,3,4,2,12
2021-04-25,2020/21,Aston Villa,West Bromwich Albion,2,2,4,0,D,1,1,1.85,3.6,4.2,1.9,1.9,24,10,11,4,11,4
2021-04-25,2020/21,Leeds United,Manchester United,0,0,0,0,D,0,0,4.0,4.2,1.75,1.57,2.37,6,16,3,4,2,6
2021-04-25,2020/21,Wolverhampton Wanderers,Burnley,0,4,4,-4,A,0,1,2.0,3.4,3.9,2.3,1.61,12,14,2,7,8,5
2021-04-26,2020/21,Leicester City,Crystal Palace,2,1,3,1,H,1,1,1.4,4.33,8.5,2.0,1.8,13,4,5,2,7,2
2021-04-30,2020/21,Southampton,Leicester City,1,1,2,0,D,1,0,3.8,3.8,1.9,1.9,1.9,5,23,3,9,0,10
2021-05-01,2020/21,Crystal Palace,Manchester City,0,2,2,-2,A,0,0,10.0,5.0,1.33,1.72,2.1,9,20,4,3,2,6
2021-05-01,2020/21,Brighton & Hove Albion,Leeds United,2,0,2,2,H,0,0,2.05,3.5,3.5,1.9,1.9,17,11,5,2,2,9
2021-05-01,2020/21,Chelsea,Fulham,2,0,2,2,H,0,0,1.44,4.4,7.5,2.0,1.8,9,10,5,3,1,8
2021-05-01,2020/21,Everton,Aston Villa,1,2,3,-1,A,1,1,1.95,3.6,3.8,1.94,1.96,16,13,3,5,3,6
2021-05-02,2020/21,Newcastle United,Arsenal,0,2,2,-2,A,0,0,3.6,3.6,2.0,1.72,2.1,5,19,1,5,3,7
2021-05-02,2020/21,Tottenham Hotspur,Sheffield United,4,0,4,4,H,0,1,1.25,6.0,12.0,1.72,2.1,20,8,11,1,6,6
2021-05-03,2020/21,West Bromwich Albion,Wolverhampton Wanderers,1,1,2,0,D,1,0,2.9,3.2,2.5,2.2,1.66,10,20,4,10,5,6
2021-05-03,2020/21,Burnley,West Ham United,1,2,3,-1,A,1,1,3.1,3.6,2.2,1.9,1.9,8,22,3,4,5,4
2021-05-07,2020/21,Leicester City,Newcastle United,2,4,6,-2,A,1,1,1.4,4.75,8.0,1.72,2.1,25,14,9,6,9,6
2021-05-08,2020/21,Liverpool,Southampton,2,0,2,2,H,0,0,1.25,6.0,11.0,1.44,2.75,14,12,6,6,8,4
2021-05-08,2020/21,Manchester City,Chelsea,1,2,3,-1,A,1,1,1.9,3.4,4.2,2.2,1.66,16,12,4,5,6,2
2021-05-08,2020/21,Sheffield United,Crystal Palace,0,2,2,-2,A,0,0,3.0,3.2,2.45,2.3,1.61,7,21,0,8,5,11
2021-05-08,2020/21,Leeds United,Tottenham Hotspur,3,1,4,2,H,1,1,3.4,3.8,2.0,1.66,2.2,16,11,7,3,8,6
2021-05-09,2020/21,Wolverhampton Wanderers,Brighton & Hove Albion,2,1,3,1,H,1,1,3.3,3.3,2.2,2.3,1.61,16,5,6,3,10,5
2021-05-09,2020/21,Aston Villa,Manchester United,1,3,4,-2,A,1,1,4.2,3.8,1.8,1.72,2.1,11,18,5,7,5,6
2021-05-09,2020/21,West Ham United,Everton,0,1,1,-1,A,0,0,2.2,3.5,3.2,1.92,1.98,11,9,0,3,5,6
2021-05-09,2020/21,Arsenal,West Bromwich Albion,3,1,4,2,H,1,1,1.44,4.5,7.0,1.72,2.1,15,12,7,1,6,6
2021-05-10,2020/21,Fulham,Burnley,0,2,2,-2,A,0,0,2.2,3.4,3.3,2.0,1.8,21,14,3,5,8,4
2021-05-11,2020/21,Manchester United,Leicester City,1,2,3,-1,A,1,1,2.5,3.4,2.8,1.9,1.9,4,12,1,3,3,4
2021-05-11,2020/21,Southampton,Crystal Palace,3,1,4,2,H,1,1,2.05,3.6,3.5,1.9,1.9,13,11,6,4,12,8
2021-05-12,2020/21,Chelsea,Arsenal,0,1,1,-1,A,0,0,1.65,4.0,5.0,2.0,1.8,19,5,5,2,9,1
2021-05-13,2020/21,Aston Villa,Everton,0,0,0,0,D,0,0,2.7,3.4,2.6,1.86,2.04,13,15,2,5,9,1
2021-05-13,2020/21,Manchester United,Liverpool,2,4,6,-2,A,1,1,3.0,3.75,2.2,1.72,2.1,18,17,3,8,6,4
2021-05-14,2020/21,Newcastle United,Manchester City,3,4,7,-1,A,1,1,11.0,6.0,1.25,1.53,2.5,11,15,5,6,4,5
2021-05-15,2020/21,Brighton & Hove Albion,West Ham United,1,1,2,0,D,1,0,2.9,3.6,2.3,2.0,1.8,10,15,2,3,3,3
2021-05-15,2020/21,Southampton,Fulham,3,1,4,2,H,1,1,2.0,3.6,3.6,1.9,1.9,11,10,7,3,6,5
2021-05-15,2020/21,Burnley,Leeds United,0,4,4,-4,A,0,1,3.2,3.75,2.1,1.66,2.2,16,16,4,6,6,8
2021-05-16,2020/21,Crystal Palace,Aston Villa,3,2,5,1,H,1,1,3.0,3.6,2.25,1.9,1.9,23,19,8,5,7,7
2021-05-16,2020/21,Tottenham Hotspur,Wolverhampton Wanderers,2,0,2,2,H,0,0,1.5,4.33,6.5,1.8,2.0,24,15,13,3,10,3
2021-05-16,2020/21,West Bromwich Albion,Liverpool,1,2,3,-1,A,1,1,12.0,6.5,1.22,1.4,3.0,10,26,3,6,9,13
2021-05-16,2020/21,Everton,Sheffield United,0,1,1,-1,A,0,0,1.36,4.75,8.5,1.8,2.0,16,10,6,3,11,4
2021-05-18,2020/21,Manchester United,Fulham,1,1,2,0,D,1,0,1.28,6.0,9.0,1.57,2.37,13,8,6,5,6,1
2021-05-18,2020/21,Southampton,Leeds United,0,2,2,-2,A,0,0,2.55,3.9,2.5,1.5,2.62,18,15,3,7,4,5
2021-05-18,2020/21,Brighton & Hove Albion,Manchester City,3,2,5,1,H,1,1,7.0,4.5,1.45,1.72,2.1,19,8,6,4,5,3
2021-05-18,2020/21,Chelsea,Leicester City,2,1,3,1,H,1,1,1.7,3.75,5.0,2.1,1.72,17,7,6,3,6,5
2021-05-19,2020/21,Burnley,Liverpool,0,3,3,-3,A,0,1,11.0,7.0,1.22,1.33,3.4,10,20,4,3,6,7
2021-05-19,2020/21,Crystal Palace,Arsenal,1,3,4,-2,A,1,1,6.0,4.5,1.5,1.72,2.1,12,6,6,3,6,7
2021-05-19,2020/21,West Bromwich Albion,West Ham United,1,3,4,-2,A,1,1,5.0,4.33,1.6,1.57,2.37,14,21,4,9,6,8
2021-05-19,2020/21,Newcastle United,Sheffield United,1,0,1,1,H,0,0,1.72,3.8,4.75,1.8,2.0,16,11,5,1,5,2
2021-05-19,2020/21,Everton,Wolverhampton Wanderers,1,0,1,1,H,0,0,1.85,3.6,4.2,2.0,1.8,14,9,4,3,7,12
2021-05-19,2020/21,Tottenham Hotspur,Aston Villa,1,2,3,-1,A,1,1,1.5,4.5,6.0,1.53,2.5,10,20,4,4,4,5
2021-05-23,2020/21,Wolverhampton Wanderers,Manchester United,1,2,3,-1,A,1,1,2.5,3.5,2.7,1.72,2.1,14,9,4,4,6,2
2021-05-23,2020/21,West Ham United,Southampton,3,0,3,3,H,0,1,1.65,4.0,5.0,1.61,2.3,14,17,7,5,2,3
2021-05-23,2020/21,Sheffield United,Burnley,1,0,1,1,H,0,0,2.8,3.6,2.4,1.72,2.1,12,10,3,3,8,9
2021-05-23,2020/21,Manchester City,Everton,5,0,5,5,H,0,1,1.44,5.0,6.5,1.61,2.3,21,8,11,3,7,5
2021-05-23,2020/21,Liverpool,Crystal Palace,2,0,2,2,H,0,0,1.14,8.5,15.0,1.36,3.2,19,5,5,4,14,1
2021-05-23,2020/21,Leeds United,West Bromwich Albion,3,1,4,2,H,1,1,1.4,5.25,6.5,1.4,3.0,17,14,9,5,8,3
2021-05-23,2020/21,Fulham,Newcastle United,0,2,2,-2,A,0,0,2.05,3.8,3.3,1.61,2.3,14,10,0,4,5,4
2021-05-23,2020/21,Aston Villa,Chelsea,2,1,3,1,H,1,1,6.5,4.6,1.45,1.66,2.2,6,23,3,7,2,9
2021-05-23,2020/21,Arsenal,Brighton & Hove Albion,2,0,2,2,H,0,0,1.57,4.33,5.25,1.72,2.1,16,5,5,1,11,3
2021-05-23,2020/21,Leicester City,Tottenham Hotspur,2,4,6,-2,A,1,1,2.0,4.0,3.3,1.57,2.37,10,11,6,4,8,7
2021-08-13,2021/22,Brentford,Arsenal,2,0,2,2,H,0,0,4.0,3.4,1.95,2.1,1.72,8,22,3,4,2,5
2021-08-14,2021/22,Leicester City,Wolverhampton Wanderers,1,0,1,1,H,0,0,1.66,3.8,5.25,2.09,1.84,9,17,5,3,5,4
2021-08-14,2021/22,Norwich City,Liverpool,0,3,3,-3,A,0,1,9.0,5.75,1.3,1.53,2.5,14,19,3,8,3,11
2021-08-14,2021/22,Watford,Aston Villa,3,2,5,1,H,1,1,3.1,3.2,2.37,2.0,1.8,13,11,7,2,2,4
2021-08-14,2021/22,Everton,Southampton,3,1,4,2,H,1,1,1.9,3.5,4.0,2.0,1.8,14,6,6,3,6,8
2021-08-14,2021/22,Burnley,Brighton & Hove Albion,1,2,3,-1,A,1,1,3.1,3.1,2.45,2.5,1.53,14,14,3,8,7,6
2021-08-14,2021/22,Manchester United,Leeds United,5,1,6,4,H,1,1,1.53,4.5,5.75,1.61,2.3,16,10,8,3,5,4
2021-08-14,2021/22,Chelsea,Crystal Palace,3,0,3,3,H,0,1,1.25,5.75,13.0,1.8,2.0,13,4,6,1,5,2
2021-08-15,2021/22,Newcastle United,West Ham United,2,4,6,-2,A,1,1,3.2,3.5,2.2,1.99,1.94,17,8,3,9,7,6
2021-08-15,2021/22,Tottenham Hotspur,Manchester City,1,0,1,1,H,0,0,5.5,4.2,1.6,1.89,2.04,13,18,3,4,3,11
2021-08-21,2021/22,Liverpool,Burnley,2,0,2,2,H,0,0,1.18,7.5,13.0,1.53,2.5,27,9,9,3,8,4
2021-08-21,2021/22,Aston Villa,Newcastle United,2,0,2,2,H,0,0,1.8,3.75,4.33,1.72,2.1,10,9,2,1,3,4
2021-08-21,2021/22,Crystal Palace,Brentford,0,0,0,0,D,0,0,2.55,3.2,2.87,2.3,1.61,7,14,2,3,3,5
2021-08-21,2021/22,Leeds United,Everton,2,2,4,0,D,1,1,2.37,3.4,3.0,1.72,2.1,17,17,4,8,8,5
2021-08-21,2021/22,Manchester City,Norwich City,5,0,5,5,H,0,1,1.08,11.0,26.0,1.33,3.4,16,1,4,0,6,1
2021-08-21,2021/22,Brighton & Hove Albion,Watford,2,0,2,2,H,0,0,1.7,3.5,5.75,2.2,1.66,13,10,3,1,7,2
2021-08-22,2021/22,Arsenal,Chelsea,0,2,2,-2,A,0,0,4.75,3.75,1.72,2.1,1.72,6,22,3,5,9,8
2021-08-22,2021/22,Southampton,Manchester United,1,1,2,0,D,1,0,5.5,4.2,1.57,1.72,2.1,8,15,3,4,7,7
2021-08-22,2021/22,Wolverhampton Wanderers,Tottenham Hotspur,0,1,1,-1,A,0,0,3.2,3.2,2.35,2.2,1.66,25,8,6,6,5,4
2021-08-23,2021/22,West Ham United,Leicester City,4,1,5,3,H,1,1,2.5,3.5,2.75,1.8,2.0,13,5,7,1,10,0
2021-08-28,2021/22,Liverpool,Chelsea,1,1,2,0,D,1,0,2.45,3.3,2.9,2.0,1.8,24,6,7,3,12,3
2021-08-28,2021/22,Manchester City,Arsenal,5,0,5,5,H,0,1,1.25,6.0,12.0,1.57,2.37,25,1,10,0,14,0
2021-08-28,2021/22,Aston Villa,Brentford,1,1,2,0,D,1,0,1.95,3.6,3.8,1.9,1.9,7,9,5,2,3,2
2021-08-28,2021/22,Brighton & Hove Albion,Everton,0,2,2,-2,A,0,0,2.3,3.2,3.3,2.2,1.66,14,14,3,5,4,5
2021-08-28,2021/22,Newcastle United,Southampton,2,2,4,0,D,1,1,2.5,3.4,2.8,1.85,2.05,10,22,5,6,4,4
2021-08-28,2021/22,Norwich City,Leicester City,1,2,3,-1,A,1,1,4.5,3.5,1.85,1.8,2.0,14,9,4,3,9,9
2021-08-28,2021/22,West Ham United,Crystal Palace,2,2,4,0,D,1,1,1.55,4.0,6.5,1.9,1.9,14,9,4,2,5,3
2021-08-29,2021/22,Tottenham Hotspur,Watford,1,0,1,1,H,0,0,1.36,4.75,9.0,1.8,2.0,15,9,8,2,10,3
2021-08-29,2021/22,Wolverhampton Wanderers,Manchester United,0,1,1,-1,A,0,0,5.0,3.5,1.75,2.0,1.8,15,10,6,3,5,7
2021-08-29,2021/22,Burnley,Leeds United,1,1,2,0,D,1,0,3.1,3.5,2.25,1.72,2.1,12,12,3,2,5,5
2021-09-11,2021/22,Watford,Wolverhampton Wanderers,0,2,2,-2,A,0,0,3.4,3.2,2.25,2.3,1.61,6,14,2,5,6,8
2021-09-11,2021/22,Brentford,Brighton & Hove Albion,0,1,1,-1,A,0,0,2.8,3.2,2.62,2.5,1.53,7,4,1,2,1,6
2021-09-11,2021/22,Chelsea,Aston Villa,3,0,3,3,H,0,1,1.28,5.5,11.0,1.8,2.0,12,18,4,6,4,11
2021-09-11,2021/22,Southampton,West Ham United,0,0,0,0,D,0,0,2.9,3.5,2.4,1.72,2.1,11,13,3,3,5,4
2021-09-11,2021/22,Crystal Palace,Tottenham Hotspur,3,0,3,3,H,0,1,4.2,3.5,1.9,2.1,1.72,18,2,4,1,8,2
2021-09-11,2021/22,Leicester City,Manchester City,0,1,1,-1,A,0,0,6.0,4.0,1.57,1.72,2.1,6,25,1,8,5,8
2021-09-11,2021/22,Arsenal,Norwich City,1,0,1,1,H,0,0,1.5,4.6,6.0,1.72,2.1,30,10,7,1,8,4
2021-09-11,2021/22,Manchester United,Newcastle United,4,1,5,3,H,1,1,1.18,7.5,15.0,1.44,2.75,21,12,7,3,7,3
2021-09-12,2021/22,Leeds United,Liverpool,0,3,3,-3,A,0,1,4.33,4.0,1.75,1.57,2.37,9,30,4,9,2,11
2021-09-13,2021/22,Everton,Burnley,3,1,4,2,H,1,1,1.7,3.75,5.0,2.0,1.8,14,11,6,6,4,6
2021-09-17,2021/22,Newcastle United,Leeds United,1,1,2,0,D,1,0,3.0,3.6,2.3,1.61,2.3,17,22,7,9,4,5
2021-09-18,2021/22,Wolverhampton Wanderers,Brentford,0,2,2,-2,A,0,0,1.83,3.25,5.0,2.5,1.53,11,9,0,3,4,2
2021-09-18,2021/22,Burnley,Arsenal,0,1,1,-1,A,0,0,3.8,3.6,1.95,2.0,1.8,18,13,3,3,8,3
2021-09-18,2021/22,Liverpool,Crystal Palace,3,0,3,3,H,0,1,1.2,7.0,13.0,1.5,2.62,25,13,10,2,10,5
2021-09-18,2021/22,Manchester City,Southampton,0,0,0,0,D,0,0,1.12,9.5,17.0,1.36,3.2,18,10,1,2,8,5
2021-09-18,2021/22,Norwich City,Watford,1,3,4,-2,A,1,1,2.15,3.3,3.5,2.1,1.72,12,12,5,8,4,8
2021-09-18,2021/22,Aston Villa,Everton,3,0,3,3,H,0,1,2.4,3.3,3.0,2.0,1.8,15,11,3,1,5,4
2021-09-19,2021/22,Tottenham Hotspur,Chelsea,0,3,3,-3,A,0,1,5.0,3.8,1.7,2.0,1.8,8,20,2,10,5,11
2021-09-19,2021/22,West Ham United,Manchester United,1,2,3,-1,A,1,1,4.33,4.0,1.75,1.66,2.2,13,17,4,10,2,11
2021-09-19,2021/22,Brighton & Hove Albion,Leicester City,2,1,3,1,H,1,1,2.7,3.2,2.75,2.1,1.72,12,14,5,3,4,9
2021-09-25,2021/22,Chelsea,Manchester City,0,1,1,-1,A,0,0,2.62,3.2,2.75,2.1,1.72,5,15,0,4,4,13
2021-09-25,2021/22,Manchester United,Aston Villa,0,1,1,-1,A,0,0,1.36,5.25,8.0,1.57,2.37,28,7,4,3,5,5
2021-09-25,2021/22,Everton,Norwich City,2,0,2,2,H,0,0,1.61,3.8,5.75,1.9,1.9,11,10,4,2,6,4
2021-09-25,2021/22,Leeds United,West Ham United,1,2,3,-1,A,1,1,3.0,3.6,2.25,1.57,2.37,15,20,5,7,5,7
2021-09-25,2021/22,Leicester City,Burnley,2,2,4,0,D,1,1,1.57,4.0,6.0,1.9,1.9,22,9,5,3,8,4
2021-09-25,2021/22,Watford,Newcastle United,1,1,2,0,D,1,0,2.2,3.4,3.3,2.0,1.8,15,20,4,6,5,6
2021-09-25,2021/22,Brentford,Liverpool,3,3,6,0,D,1,1,7.0,4.5,1.45,1.72,2.1,12,16,4,6,2,11
2021-09-26,2021/22,Southampton,Wolverhampton Wanderers,0,1,1,-1,A,0,0,2.62,3.2,2.8,2.1,1.72,18,5,6,3,5,5
2021-09-26,2021/22,Arsenal,Tottenham Hotspur,3,1,4,2,H,1,1,2.15,3.3,3.5,2.0,1.8,12,10,7,4,4,4
2021-09-27,2021/22,Crystal Palace,Brighton & Hove Albion,1,1,2,0,D,1,0,3.1,3.2,2.45,2.3,1.61,8,8,3,4,6,5
2021-10-02,2021/22,Brighton & Hove Albion,Arsenal,0,0,0,0,D,0,0,3.0,3.25,2.4,2.0,1.8,21,8,2,2,8,5
2021-10-02,2021/22,Wolverhampton Wanderers,Newcastle United,2,1,3,1,H,1,1,1.61,4.2,5.25,1.9,1.9,7,8,3,2,0,4
2021-10-02,2021/22,Leeds United,Watford,1,0,1,1,H,0,0,1.7,4.0,4.75,1.66,2.2,20,5,4,1,6,3
2021-10-02,2021/22,Manchester United,Everton,1,1,2,0,D,1,0,1.45,4.33,7.5,1.8,2.0,13,12,6,2,10,1
2021-10-02,2021/22,Burnley,Norwich City,0,0,0,0,D,0,0,1.85,3.6,4.33,1.9,1.9,14,10,4,2,9,5
2021-10-02,2021/22,Chelsea,Southampton,3,1,4,2,H,1,1,1.36,4.75,9.0,1.8,2.0,20,6,9,2,7,2
2021-10-03,2021/22,Crystal Palace,Leicester City,2,2,4,0,D,1,1,3.1,3.4,2.3,2.0,1.8,18,9,4,5,1,3
2021-10-03,2021/22,Tottenham Hotspur,Aston Villa,2,1,3,1,H,1,1,2.1,3.6,3.4,1.9,1.9,17,14,8,3,5,8
2021-10-03,2021/22,West Ham United,Brentford,1,2,3,-1,A,1,1,1.75,3.75,4.75,1.9,1.9,18,13,5,6,11,6
2021-10-03,2021/22,Liverpool,Manchester City,2,2,4,0,D,1,1,2.87,3.5,2.4,1.72,2.1,6,12,4,3,3,4
2021-10-16,2021/22,Brentford,Chelsea,0,1,1,-1,A,0,0,6.5,3.8,1.57,2.0,1.8,17,5,7,1,5,5
2021-10-16,2021/22,Norwich City,Brighton & Hove Albion,0,0,0,0,D,0,0,3.6,3.4,2.1,2.1,1.72,15,11,3,3,8,4
2021-10-16,2021/22,Manchester City,Burnley,2,0,2,2,H,0,0,1.12,9.0,19.0,1.36,3.2,15,7,6,2,6,2
2021-10-16,2021/22,Southampton,Leeds United,1,0,1,1,H,0,0,2.3,3.5,3.0,1.72,2.1,19,3,5,0,8,1
2021-10-16,2021/22,Aston Villa,Wolverhampton Wanderers,2,3,5,-1,A,1,1,2.15,3.25,3.5,2.1,1.72,14,9,5,4,6,7
2021-10-16,2021/22,Watford,Liverpool,0,5,5,-5,A,0,1,8.5,5.5,1.33,1.57,2.37,6,19,2,8,1,9
2021-10-16,2021/22,Leicester City,Manchester United,4,2,6,2,H,1,1,3.5,3.6,2.05,1.72,2.1,22,18,11,6,4,3
2021-10-17,2021/22,Everton,West Ham United,0,1,1,-1,A,0,0,2.5,3.4,2.8,1.9,1.9,15,16,2,4,7,9
2021-10-17,2021/22,Newcastle United,Tottenham Hotspur,2,3,5,-1,A,1,1,3.5,3.6,2.05,1.8,2.0,7,14,1,4,2,9
2021-10-18,2021/22,Arsenal,Crystal Palace,2,2,4,0,D,1,1,1.6,3.8,6.0,1.97,1.93,17,9,6,6,6,4
2021-10-22,2021/22,Arsenal,Aston Villa,3,1,4,2,H,1,1,1.83,3.75,4.2,1.72,2.1,22,10,9,4,7,4
2021-10-23,2021/22,Southampton,Burnley,2,2,4,0,D,1,1,1.95,3.5,3.9,1.9,1.9,16,9,4,5,6,2
2021-10-23,2021/22,Chelsea,Norwich City,7,0,7,7,H,0,1,1.18,7.0,15.0,1.66,2.2,23,3,13,1,5,0
2021-10-23,2021/22,Crystal Palace,Newcastle United,1,1,2,0,D,1,0,1.9,3.6,4.0,1.9,1.9,15,6,3,2,3,7
2021-10-23,2021/22,Everton,Watford,2,5,7,-3,A,1,1,1.65,3.8,5.5,2.0,1.8,15,20,4,8,3,5
2021-10-23,2021/22,Leeds United,Wolverhampton Wanderers,1,1,2,0,D,1,0,2.4,3.4,2.87,1.9,1.9,18,8,4,4,6,3
2021-10-23,2021/22,Brighton & Hove Albion,Manchester City,1,4,5,-3,A,1,1,8.0,4.75,1.4,1.8,2.0,10,23,5,14,7,6
2021-10-24,2021/22,West Ham United,Tottenham Hotspur,1,0,1,1,H,0,0,2.3,3.5,3.0,1.72,2.1,13,7,4,4,2,4
2021-10-24,2021/22,Brentford,Leicester City,1,2,3,-1,A,1,1,2.62,3.3,2.7,1.9,1.9,15,10,5,6,9,2
2021-10-24,2021/22,Manchester United,Liverpool,0,5,5,-5,A,0,1,3.1,3.6,2.2,1.53,2.5,12,19,4,8,6,3
2021-10-30,2021/22,Newcastle United,Chelsea,0,3,3,-3,A,0,1,8.5,5.0,1.36,1.72,2.1,6,19,1,6,0,2
2021-10-30,2021/22,Tottenham Hotspur,Manchester United,0,3,3,-3,A,0,1,2.87,3.6,2.37,1.72,2.1,9,10,0,4,10,2
2021-10-30,2021/22,Manchester City,Crystal Palace,0,2,2,-2,A,0,0,1.14,8.0,19.0,1.44,2.75,14,8,3,3,7,1
2021-10-30,2021/22,Watford,Southampton,0,1,1,-1,A,0,0,3.2,3.3,2.3,1.9,1.9,10,12,4,1,5,8
2021-10-30,2021/22,Burnley,Brentford,3,1,4,2,H,1,1,2.6,3.3,2.75,2.2,1.66,15,12,6,5,4,2
2021-10-30,2021/22,Liverpool,Brighton & Hove Albion,2,2,4,0,D,1,1,1.22,6.5,13.0,1.53,2.5,14,9,3,6,5,3
2021-10-30,2021/22,Leicester City,Arsenal,0,2,2,-2,A,0,0,2.4,3.5,2.87,1.8,2.0,16,9,8,5,7,6
2021-10-31,2021/22,Norwich City,Leeds United,1,2,3,-1,A,1,1,3.4,3.5,2.1,1.72,2.1,14,13,3,6,5,0
2021-10-31,2021/22,Aston Villa,West Ham United,1,4,5,-3,A,1,1,2.8,3.5,2.45,1.8,2.0,9,21,3,9,3,6
2021-11-01,2021/22,Wolverhampton Wanderers,Everton,2,1,3,1,H,1,1,2.2,3.2,3.5,2.3,1.61,10,14,4,5,4,3
2021-11-05,2021/22,Southampton,Aston Villa,1,0,1,1,H,0,0,1.95,3.6,3.75,1.72,2.1,9,14,3,3,10,8
2021-11-06,2021/22,Manchester United,Manchester City,0,2,2,-2,A,0,0,4.75,4.0,1.7,1.57,2.37,5,16,1,5,1,9
2021-11-06,2021/22,Brentford,Norwich City,1,2,3,-1,A,1,1,1.6,4.0,5.75,2.0,1.8,19,9,7,5,6,2
2021-11-06,2021/22,Chelsea,Burnley,1,1,2,0,D,1,0,1.25,6.0,12.0,1.72,2.1,25,5,4,2,14,2
2021-11-06,2021/22,Crystal Palace,Wolverhampton Wanderers,2,0,2,2,H,0,0,2.45,3.2,3.0,2.37,1.57,13,4,6,2,4,6
2021-11-06,2021/22,Brighton & Hove Albion,Newcastle United,1,1,2,0,D,1,0,1.57,3.9,6.0,1.9,1.9,14,6,5,1,2,5
2021-11-07,2021/22,West Ham United,Liverpool,3,2,5,1,H,1,1,4.75,4.0,1.7,1.5,2.62,7,16,3,5,3,2
2021-11-07,2021/22,Leeds United,Leicester City,1,1,2,0,D,1,0,2.8,3.5,2.45,1.66,2.2,18,9,5,3,10,5
2021-11-07,2021/22,Everton,Tottenham Hotspur,0,0,0,0,D,0,0,3.1,3.25,2.37,2.0,1.8,12,8,2,0,4,2
2021-11-07,2021/22,Arsenal,Watford,1,0,1,1,H,0,0,1.36,4.75,8.5,1.57,2.37,14,7,6,1,4,2
2021-11-20,2021/22,Leicester City,Chelsea,0,3,3,-3,A,0,1,4.75,3.75,1.75,2.03,1.87,4,16,3,7,3,5
2021-11-20,2021/22,Aston Villa,Brighton & Hove Albion,2,0,2,2,H,0,0,2.45,3.3,2.9,2.1,1.72,9,6,5,2,5,7
2021-11-20,2021/22,Burnley,Crystal Palace,3,3,6,0,D,1,1,2.7,3.2,2.7,2.2,1.66,15,18,9,8,3,6
2021-11-20,2021/22,Newcastle United,Brentford,3,3,6,0,D,1,1,2.62,3.4,2.7,2.0,1.9,23,10,9,4,8,2
2021-11-20,2021/22,Norwich City,Southampton,2,1,3,1,H,1,1,3.6,3.5,2.05,2.03,1.87,8,17,4,5,5,7
2021-11-20,2021/22,Watford,Manchester United,4,1,5,3,H,1,1,6.5,4.75,1.45,1.66,2.2,20,9,7,3,9,3
2021-11-20,2021/22,Wolverhampton Wanderers,West Ham United,1,0,1,1,H,0,0,3.0,3.25,2.4,2.0,1.8,15,8,5,3,7,3
2021-11-20,2021/22,Liverpool,Arsenal,4,0,4,4,H,0,1,1.45,4.75,6.5,1.5,2.62,19,5,9,3,6,1
2021-11-21,2021/22,Manchester City,Everton,3,0,3,3,H,0,1,1.14,8.0,19.0,1.5,2.62,17,4,7,1,7,1
2021-11-21,2021/22,Tottenham Hotspur,Leeds United,2,1,3,1,H,1,1,1.7,4.2,4.5,1.72,2.1,13,18,4,7,4,8
2021-11-27,2021/22,Brighton & Hove Albion,Leeds United,0,0,0,0,D,0,0,2.05,3.4,3.75,1.98,1.95,20,11,4,4,6,1
2021-11-27,2021/22,Norwich City,Wolverhampton Wanderers,0,0,0,0,D,0,0,3.5,3.3,2.15,2.3,1.61,14,5,4,2,4,3
2021-11-27,2021/22,Liverpool,Southampton,4,0,4,4,H,0,1,1.28,6.0,9.0,1.4,3.0,20,7,6,3,5,7
2021-11-27,2021/22,Crystal Palace,Aston Villa,1,2,3,-1,A,1,1,2.2,3.4,3.3,2.07,1.86,8,10,3,3,7,3
2021-11-27,2021/22,Arsenal,Newcastle United,2,0,2,2,H,0,0,1.44,4.75,7.0,1.61,2.3,24,9,6,5,4,4
2021-11-28,2021/22,Brentford,Everton,1,0,1,1,H,0,0,2.25,3.2,3.4,2.1,1.72,6,14,4,5,3,3
2021-11-28,2021/22,Leicester City,Watford,4,2,6,2,H,1,1,1.61,4.0,5.5,1.66,2.2,18,16,8,5,8,6
2021-11-28,2021/22,Manchester City,West Ham United,2,1,3,1,H,1,1,1.28,5.75,10.0,1.5,2.62,19,5,9,3,8,4
2021-11-28,2021/22,Chelsea,Manchester United,1,1,2,0,D,1,0,1.57,4.0,6.0,1.8,2.0,24,3,6,2,15,2
2021-11-30,2021/22,Newcastle United,Norwich City,1,1,2,0,D,1,0,1.95,3.5,3.9,1.85,2.05,9,16,1,6,2,5
2021-11-30,2021/22,Leeds United,Crystal Palace,1,0,1,1,H,0,0,2.4,3.3,3.0,1.94,1.96,15,9,3,1,7,4
2021-12-01,2021/22,Southampton,Leicester City,2,2,4,0,D,1,1,2.37,3.5,2.87,1.72,2.1,15,15,7,6,2,4
2021-12-01,2021/22,Watford,Chelsea,1,2,3,-1,A,1,1,10.0,5.25,1.3,1.72,2.1,13,8,6,4,6,0
2021-12-01,2021/22,West Ham United,Brighton & Hove Albion,1,1,2,0,D,1,0,1.95,3.6,3.8,2.06,1.84,14,9,6,3,9,5
2021-12-01,2021/22,Wolverhampton Wanderers,Burnley,0,0,0,0,D,0,0,1.85,3.5,4.33,2.2,1.66,16,6,2,1,5,5
2021-12-01,2021/22,Aston Villa,Manchester City,1,2,3,-1,A,1,1,9.0,5.25,1.33,1.61,2.3,9,17,3,7,4,11
2021-12-01,2021/22,Everton,Liverpool,1,4,5,-3,A,1,1,7.5,5.25,1.36,1.57,2.37,8,16,2,7,3,11
2021-12-02,2021/22,Manchester United,Arsenal,3,2,5,1,H,1,1,1.95,3.75,3.75,1.8,2.0,14,17,10,8,3,8
2021-12-02,2021/22,Tottenham Hotspur,Brentford,2,0,2,2,H,0,0,1.6,4.2,5.25,1.92,1.98,11,6,6,2,11,5
2021-12-04,2021/22,West Ham United,Chelsea,3,2,5,1,H,1,1,4.75,3.6,1.75,2.0,1.8,11,19,5,7,1,9
2021-12-04,2021/22,Newcastle United,Burnley,1,0,1,1,H,0,0,2.3,3.3,3.2,1.96,1.94,19,10,4,1,10,3
2021-12-04,2021/22,Southampton,Brighton & Hove Albion,1,1,2,0,D,1,0,2.45,3.2,3.0,2.2,1.66,14,14,4,4,6,2
2021-12-04,2021/22,Wolverhampton Wanderers,Liverpool,0,1,1,-1,A,0,0,8.0,4.75,1.4,1.66,2.2,3,17,1,5,2,8
2021-12-04,2021/22,Watford,Manchester City,1,3,4,-2,A,1,1,12.0,7.0,1.2,1.44,2.75,11,26,4,13,5,11
2021-12-05,2021/22,Leeds United,Brentford,2,2,4,0,D,1,1,1.95,3.6,3.8,1.96,1.94,13,9,6,3,5,1
2021-12-05,2021/22,Manchester United,Crystal Palace,1,0,1,1,H,0,0,1.5,4.33,6.5,1.8,2.0,16,8,3,2,9,6
2021-12-05,2021/22,Tottenham Hotspur,Norwich City,3,0,3,3,H,0,1,1.36,5.0,8.5,1.87,2.03,17,10,7,1,6,4
2021-12-05,2021/22,Aston Villa,Leicester City,2,1,3,1,H,1,1,2.37,3.4,3.0,1.9,2.0,13,12,4,5,3,6
2021-12-06,2021/22,Everton,Arsenal,2,1,3,1,H,1,1,3.4,3.5,2.1,2.06,1.84,11,10,5,3,3,3
2021-12-10,2021/22,Brentford,Watford,2,1,3,1,H,1,1,2.25,3.3,3.3,2.01,1.89,14,6,5,2,8,2
2021-12-11,2021/22,Norwich City,Manchester United,0,1,1,-1,A,0,0,7.0,4.5,1.45,1.72,2.1,11,13,5,5,8,6
2021-12-11,2021/22,Chelsea,Leeds United,3,2,5,1,H,1,1,1.25,5.75,12.0,1.57,2.37,16,12,6,5,5,2
2021-12-11,2021/22,Liverpool,Aston Villa,1,0,1,1,H,0,0,1.2,7.0,13.0,1.4,3.0,20,4,5,0,11,3
2021-12-11,2021/22,Arsenal,Southampton,3,0,3,3,H,0,1,1.61,4.0,5.5,1.8,2.0,15,11,5,6,9,8
2021-12-11,2021/22,Manchester City,Wolverhampton Wanderers,1,0,1,1,H,0,0,1.14,8.0,19.0,1.53,2.5,24,2,10,1,14,1
2021-12-12,2021/22,Burnley,West Ham United,0,0,0,0,D,0,0,3.6,3.6,2.0,1.87,2.03,9,16,1,3,6,4
2021-12-12,2021/22,Leicester City,Newcastle United,4,0,4,4,H,0,1,1.66,4.1,4.75,1.57,2.37,8,12,5,3,4,6
2021-12-12,2021/22,Crystal Palace,Everton,3,1,4,2,H,1,1,2.3,3.2,3.3,2.3,1.61,17,12,6,6,8,2
2021-12-14,2021/22,Norwich City,Aston Villa,0,2,2,-2,A,0,0,3.3,3.3,2.25,2.1,1.72,7,17,3,6,7,10
2021-12-14,2021/22,Manchester City,Leeds United,7,0,7,7,H,0,1,1.14,8.5,15.0,1.36,3.2,31,6,15,3,6,2
2021-12-15,2021/22,Brighton & Hove Albion,Wolverhampton Wanderers,0,1,1,-1,A,0,0,2.25,3.1,3.5,2.5,1.53,12,8,2,5,7,4
2021-12-15,2021/22,Crystal Palace,Southampton,2,2,4,0,D,1,1,2.15,3.3,3.5,2.1,1.72,9,15,6,4,4,6
2021-12-15,2021/22,Arsenal,West Ham United,2,0,2,2,H,0,0,2.1,3.6,3.3,1.85,2.05,21,7,8,1,5,2
2021-12-16,2021/22,Chelsea,Everton,1,1,2,0,D,1,0,1.22,6.5,13.0,1.72,2.1,23,5,10,3,7,1
2021-12-16,2021/22,Liverpool,Newcastle United,3,1,4,2,H,1,1,1.12,9.0,19.0,1.33,3.4,23,4,8,2,11,0
2021-12-18,2021/22,Leeds United,Arsenal,1,4,5,-3,A,1,1,3.9,3.8,1.83,1.72,2.1,9,21,2,12,1,4
2021-12-19,2021/22,Wolverhampton Wanderers,Chelsea,0,0,0,0,D,0,0,7.0,4.2,1.5,2.1,1.72,4,8,1,1,4,9
2021-12-19,2021/22,Tottenham Hotspur,Liverpool,2,2,4,0,D,1,1,5.25,4.75,1.53,1.66,2.2,10,18,5,6,6,4
2021-12-19,2021/22,Newcastle United,Manchester City,0,4,4,-4,A,0,1,13.0,7.5,1.18,,,5,18,1,7,3,6
2021-12-26,2021/22,Manchester City,Leicester City,6,3,9,3,H,1,1,1.18,7.5,13.0,1.36,3.2,17,14,9,8,14,4
2021-12-26,2021/22,Norwich City,Arsenal,0,5,5,-5,A,0,1,8.0,4.75,1.4,1.72,2.1,4,16,2,6,3,5
2021-12-26,2021/22,Tottenham Hotspur,Crystal Palace,3,0,3,3,H,0,1,1.72,3.8,4.75,1.95,1.95,17,4,6,0,4,2
2021-12-26,2021/22,West Ham United,Southampton,2,3,5,-1,A,1,1,1.8,3.9,4.2,1.72,2.1,11,11,5,6,10,2
2021-12-26,2021/22,Aston Villa,Chelsea,1,3,4,-2,A,1,1,5.25,3.8,1.65,2.05,1.85,8,10,1,4,2,5
2021-12-26,2021/22,Brighton & Hove Albion,Brentford,2,0,2,2,H,0,0,1.9,3.4,4.2,2.2,1.66,15,16,5,6,6,9
2021-12-27,2021/22,Newcastle United,Manchester United,1,1,2,0,D,1,0,6.5,4.75,1.44,1.61,2.3,13,13,8,4,2,4
2021-12-28,2021/22,Crystal Palace,Norwich City,3,0,3,3,H,0,1,1.65,3.75,5.5,2.2,1.66,19,12,6,3,8,8
2021-12-28,2021/22,Southampton,Tottenham Hotspur,1,1,2,0,D,1,0,3.75,3.5,2.0,1.95,1.95,9,21,2,11,3,7
2021-12-28,2021/22,Watford,West Ham United,1,4,5,-3,A,1,1,3.4,3.6,2.1,1.72,2.1,14,13,5,6,4,5
2021-12-28,2021/22,Leicester City,Liverpool,1,0,1,1,H,0,0,8.0,5.5,1.33,1.3,3.5,6,21,1,4,1,12
2021-12-29,2021/22,Chelsea,Brighton & Hove Albion,1,1,2,0,D,1,0,1.4,4.5,7.5,1.93,1.97,11,18,5,6,10,8
2021-12-29,2021/22,Brentford,Manchester City,0,1,1,-1,A,0,0,19.0,8.0,1.14,1.5,2.62,6,12,2,3,3,5
2021-12-30,2021/22,Manchester United,Burnley,3,1,4,2,H,1,1,1.36,5.0,9.0,1.72,2.1,18,10,6,3,7,5
2022-01-01,2021/22,Crystal Palace,West Ham United,2,3,5,-1,A,1,1,3.1,3.4,2.3,1.87,2.03,22,10,6,5,9,1
2022-01-01,2021/22,Arsenal,Manchester City,1,2,3,-1,A,1,1,5.75,4.75,1.5,1.57,2.37,7,15,2,2,5,5
2022-01-01,2021/22,Watford,Tottenham Hotspur,0,1,1,-1,A,0,0,5.0,4.2,1.61,1.72,2.1,6,21,4,9,3,7
2022-01-02,2021/22,Brentford,Aston Villa,2,1,3,1,H,1,1,3.0,3.3,2.4,2.0,1.8,10,16,4,5,3,7
2022-01-02,2021/22,Everton,Brighton & Hove Albion,2,3,5,-1,A,1,1,2.75,3.2,2.62,2.2,1.66,17,12,6,5,8,5
2022-01-02,2021/22,Leeds United,Burnley,3,1,4,2,H,1,1,2.05,3.5,3.5,1.72,2.1,22,8,7,2,9,3
2022-01-02,2021/22,Chelsea,Liverpool,2,2,4,0,D,1,1,3.1,3.5,2.25,1.83,2.07,15,10,6,6,6,7
2022-01-03,2021/22,Manchester United,Wolverhampton Wanderers,0,1,1,-1,A,0,0,1.53,4.33,6.0,1.98,1.92,9,19,2,6,3,8
2022-01-11,2021/22,Southampton,Brentford,4,1,5,3,H,1,1,2.05,3.4,3.6,2.06,1.84,12,5,6,4,5,2
2022-01-12,2021/22,West Ham United,Norwich City,2,0,2,2,H,0,0,1.28,5.5,10.0,1.66,2.2,13,7,5,3,11,2
2022-01-14,2021/22,Brighton & Hove Albion,Crystal Palace,1,1,2,0,D,1,0,2.05,3.3,3.8,2.2,1.66,19,3,4,1,9,0
2022-01-15,2021/22,Wolverhampton Wanderers,Southampton,3,1,4,2,H,1,1,2.25,3.2,3.4,2.5,1.53,9,13,5,10,2,10
2022-01-15,2021/22,Aston Villa,Manchester United,2,2,4,0,D,1,1,2.87,3.5,2.4,1.89,2.01,13,13,9,6,3,6
2022-01-15,2021/22,Newcastle United,Watford,1,1,2,0,D,1,0,2.0,3.6,3.6,1.8,2.0,12,18,1,5,4,6
2022-01-15,2021/22,Manchester City,Chelsea,1,0,1,1,H,0,0,1.65,4.0,5.0,1.85,2.05,11,4,6,1,9,1
2022-01-15,2021/22,Norwich City,Everton,2,1,3,1,H,1,1,3.75,3.5,2.0,2.1,1.72,14,12,3,5,8,8
2022-01-16,2021/22,Liverpool,Brentford,3,0,3,3,H,0,1,1.3,5.5,10.0,1.66,2.2,27,6,13,1,9,0
2022-01-16,2021/22,West Ham United,Leeds United,2,3,5,-1,A,1,1,1.61,4.2,5.0,1.61,2.3,15,18,5,5,4,3
2022-01-18,2021/22,Brighton & Hove Albion,Chelsea,1,1,2,0,D,1,0,4.75,3.75,1.72,2.1,1.72,10,15,2,3,5,7
2022-01-19,2021/22,Leicester City,Tottenham Hotspur,2,3,5,-1,A,1,1,3.0,3.5,2.3,1.72,2.1,14,27,4,10,3,8
2022-01-19,2021/22,Brentford,Manchester United,1,3,4,-2,A,1,1,4.5,3.7,1.8,1.93,1.97,18,13,8,5,6,9
2022-01-21,2021/22,Watford,Norwich City,0,3,3,-3,A,0,1,2.0,3.5,3.75,1.94,1.96,15,7,4,2,5,1
2022-01-22,2021/22,Manchester United,West Ham United,1,0,1,1,H,0,0,1.85,3.8,4.0,1.66,2.2,18,6,3,1,3,3
2022-01-22,2021/22,Leeds United,Newcastle United,0,1,1,-1,A,0,0,2.0,3.5,3.75,1.66,2.2,13,15,4,3,6,7
2022-01-22,2021/22,Southampton,Manchester City,1,1,2,0,D,1,0,10.0,6.5,1.25,1.44,2.75,7,20,3,5,2,11
2022-01-22,2021/22,Everton,Aston Villa,0,1,1,-1,A,0,0,2.75,3.25,2.62,2.05,1.85,15,8,1,3,9,2
2022-01-22,2021/22,Brentford,Wolverhampton Wanderers,1,2,3,-1,A,1,1,3.2,2.8,2.6,2.5,1.53,11,7,1,2,6,3
2022-01-23,2021/22,Crystal Palace,Liverpool,1,3,4,-2,A,1,1,6.0,4.2,1.53,1.72,2.1,8,15,5,7,2,5
2022-01-23,2021/22,Leicester City,Brighton & Hove Albion,1,1,2,0,D,1,0,2.5,3.25,2.9,1.98,1.92,15,14,5,5,4,5
2022-01-23,2021/22,Arsenal,Burnley,0,0,0,0,D,0,0,1.36,4.75,9.0,1.8,2.0,20,10,5,1,12,4
2022-01-23,2021/22,Chelsea,Tottenham Hotspur,2,0,2,2,H,0,0,1.61,4.2,5.0,1.94,1.96,15,6,7,3,10,3
2022-02-05,2021/22,Burnley,Watford,0,0,0,0,D,0,0,2.2,3.25,3.5,2.1,1.72,13,11,2,5,4,7
2022-02-08,2021/22,Newcastle United,Everton,3,1,4,2,H,1,1,2.5,3.25,2.87,1.91,1.99,20,11,9,3,6,2
2022-02-08,2021/22,West Ham United,Watford,1,0,1,1,H,0,0,1.55,4.2,5.75,1.72,2.1,9,6,3,1,5,6
2022-02-08,2021/22,Burnley,Manchester United,1,1,2,0,D,1,0,5.5,4.0,1.61,1.85,2.05,9,22,3,5,2,10
2022-02-09,2021/22,Manchester City,Brentford,2,0,2,2,H,0,0,1.1,9.5,23.0,1.36,3.2,15,6,7,2,9,3
2022-02-09,2021/22,Norwich City,Crystal Palace,1,1,2,0,D,1,0,3.5,3.25,2.15,2.1,1.72,5,13,1,5,4,6
2022-02-09,2021/22,Tottenham Hotspur,Southampton,2,3,5,-1,A,1,1,1.6,4.0,5.5,1.8,2.0,8,23,3,10,2,8
2022-02-09,2021/22,Aston Villa,Leeds United,3,3,6,0,D,1,1,1.8,3.8,4.2,1.72,2.1,12,16,4,8,6,11
2022-02-10,2021/22,Liverpool,Leicester City,2,0,2,2,H,0,0,1.25,6.5,10.0,1.33,3.4,22,5,11,1,7,6
2022-02-10,2021/22,Wolverhampton Wanderers,Arsenal,0,1,1,-1,A,0,0,3.5,3.2,2.2,2.3,1.61,15,12,4,2,7,4
2022-02-12,2021/22,Manchester United,Southampton,1,1,2,0,D,1,0,1.6,4.0,5.5,1.72,2.1,12,13,8,4,1,4
2022-02-12,2021/22,Brentford,Crystal Palace,0,0,0,0,D,0,0,2.55,3.1,3.0,2.3,1.61,9,6,2,3,3,9
2022-02-12,2021/22,Everton,Leeds United,3,0,3,3,H,0,1,2.25,3.5,3.0,1.66,2.2,21,7,10,0,5,3
2022-02-12,2021/22,Watford,Brighton & Hove Albion,0,2,2,-2,A,0,0,3.5,3.3,2.05,2.3,1.61,9,11,1,6,4,5
2022-02-12,2021/22,Norwich City,Manchester City,0,4,4,-4,A,0,1,15.0,8.0,1.16,1.44,2.75,8,22,3,9,4,12
2022-02-13,2021/22,Leicester City,West Ham United,2,2,4,0,D,1,1,2.9,3.5,2.3,1.66,2.2,13,8,2,3,5,4
2022-02-13,2021/22,Tottenham Hotspur,Wolverhampton Wanderers,0,2,2,-2,A,0,0,1.7,3.6,5.5,2.2,1.66,17,11,7,7,7,3
2022-02-13,2021/22,Burnley,Liverpool,0,1,1,-1,A,0,0,10.0,5.25,1.28,1.57,2.37,8,12,5,4,5,8
2022-02-13,2021/22,Newcastle United,Aston Villa,1,0,1,1,H,0,0,2.7,3.3,2.62,1.85,2.05,10,11,2,1,3,6
2022-02-15,2021/22,Manchester United,Brighton & Hove Albion,2,0,2,2,H,0,0,1.72,3.75,4.75,1.92,1.98,19,10,7,3,10,2
2022-02-19,2021/22,West Ham United,Newcastle United,1,1,2,0,D,1,0,1.7,4.0,4.75,1.8,2.0,11,14,3,3,3,7
2022-02-19,2021/22,Arsenal,Brentford,2,1,3,1,H,1,1,1.44,4.2,8.0,1.97,1.93,24,6,8,2,14,0
2022-02-19,2021/22,Aston Villa,Watford,0,1,1,-1,A,0,0,1.65,3.6,5.75,2.01,1.89,20,8,1,4,10,5
2022-02-19,2021/22,Brighton & Hove Albion,Burnley,0,3,3,-3,A,0,1,1.66,3.5,6.0,2.2,1.66,11,10,1,4,4,4
2022-02-19,2021/22,Crystal Palace,Chelsea,0,1,1,-1,A,0,0,5.5,3.8,1.65,2.05,1.85,7,9,0,3,4,4
2022-02-19,2021/22,Liverpool,Norwich City,3,1,4,2,H,1,1,1.1,9.0,23.0,1.36,3.2,29,6,8,1,9,4
2022-02-19,2021/22,Southampton,Everton,2,0,2,2,H,0,0,2.1,3.5,3.5,1.72,2.1,19,9,11,0,4,4
2022-02-19,2021/22,Manchester City,Tottenham Hotspur,2,3,5,-1,A,1,1,1.28,6.0,10.0,1.57,2.37,21,6,4,5,10,0
2022-02-20,2021/22,Wolverhampton Wanderers,Leicester City,2,1,3,1,H,1,1,2.25,3.3,3.25,2.1,1.72,11,17,3,7,7,10
2022-02-20,2021/22,Leeds United,Manchester United,2,4,6,-2,A,1,1,3.9,3.8,1.85,1.61,2.3,16,15,6,9,3,3
2022-02-23,2021/22,Liverpool,Leeds United,6,0,6,6,H,0,1,1.16,8.0,15.0,1.28,3.75,23,3,15,2,4,0
2022-02-23,2021/22,Watford,Crystal Palace,1,4,5,-3,A,1,1,3.1,3.3,2.3,2.2,1.66,8,7,1,5,6,4
2022-02-23,2021/22,Burnley,Tottenham Hotspur,1,0,1,1,H,0,0,4.6,3.8,1.75,2.1,1.72,15,12,4,2,3,7
2022-02-24,2021/22,Arsenal,Wolverhampton Wanderers,2,1,3,1,H,1,1,1.65,3.8,5.5,2.2,1.66,26,6,5,2,5,4
2022-02-25,2021/22,Southampton,Norwich City,2,0,2,2,H,0,0,1.53,4.33,6.0,1.72,2.1,27,8,9,1,13,6
2022-02-26,2021/22,Leeds United,Tottenham Hotspur,0,4,4,-4,A,0,1,4.2,3.6,1.85,1.61,2.3,19,15,3,11,3,6
2022-02-26,2021/22,Brentford,Newcastle United,0,2,2,-2,A,0,0,2.5,3.2,3.0,2.3,1.61,6,26,1,11,6,6
2022-02-26,2021/22,Crystal Palace,Burnley,1,1,2,0,D,1,0,1.9,3.6,4.0,2.2,1.66,11,5,4,1,5,4
2022-02-26,2021/22,Manchester United,Watford,0,0,0,0,D,0,0,1.3,5.5,9.5,1.61,2.3,22,10,3,2,4,3
2022-02-26,2021/22,Brighton & Hove Albion,Aston Villa,0,2,2,-2,A,0,0,2.2,3.3,3.5,2.1,1.72,12,9,1,4,7,2
2022-02-26,2021/22,Everton,Manchester City,0,1,1,-1,A,0,0,10.0,5.75,1.28,1.57,2.37,6,13,2,8,3,4
2022-02-27,2021/22,West Ham United,Wolverhampton Wanderers,1,0,1,1,H,0,0,2.05,3.3,3.8,2.3,1.61,13,14,4,1,3,5
2022-03-01,2021/22,Burnley,Leicester City,0,2,2,-2,A,0,0,2.9,3.4,2.4,2.02,1.88,9,22,2,6,6,8
2022-03-05,2021/22,Liverpool,West Ham United,1,0,1,1,H,0,0,1.28,5.75,9.5,1.5,2.62,22,13,5,5,4,6
2022-03-05,2021/22,Wolverhampton Wanderers,Crystal Palace,0,2,2,-2,A,0,0,2.3,3.1,3.4,2.62,1.5,12,12,5,8,7,7
2022-03-05,2021/22,Newcastle United,Brighton & Hove Albion,2,1,3,1,H,1,1,2.75,3.2,2.62,2.3,1.61,10,15,4,4,4,7
2022-03-05,2021/22,Norwich City,Brentford,1,3,4,-2,A,1,1,2.9,3.1,2.5,2.3,1.61,15,10,7,6,5,5
2022-03-05,2021/22,Aston Villa,Southampton,4,0,4,4,H,0,1,2.3,3.5,3.0,1.86,2.04,14,11,9,1,4,7
2022-03-05,2021/22,Leicester City,Leeds United,1,0,1,1,H,0,0,1.75,4.0,4.2,1.53,2.5,7,19,4,4,5,10
2022-03-05,2021/22,Burnley,Chelsea,0,4,4,-4,A,0,1,6.5,4.33,1.5,2.1,1.72,6,11,1,5,5,2
2022-03-06,2021/22,Watford,Arsenal,2,3,5,-1,A,1,1,6.0,4.0,1.57,2.05,1.85,13,16,7,4,1,5
2022-03-06,2021/22,Manchester City,Manchester United,4,1,5,3,H,1,1,1.4,4.75,7.5,1.61,2.3,24,5,10,2,9,3
2022-03-07,2021/22,Tottenham Hotspur,Everton,5,0,5,5,H,0,1,1.57,3.8,5.75,1.72,2.1,14,6,7,0,5,2
2022-03-10,2021/22,Norwich City,Chelsea,1,3,4,-2,A,1,1,11.0,4.75,1.3,1.72,2.1,9,15,3,7,3,8
2022-03-10,2021/22,Southampton,Newcastle United,1,2,3,-1,A,1,1,2.0,3.75,3.5,1.8,2.0,14,8,5,4,12,5
2022-03-10,2021/22,Wolverhampton Wanderers,Watford,4,0,4,4,H,0,1,1.75,3.6,4.5,2.3,1.61,10,9,5,0,5,2
2022-03-10,2021/22,Leeds United,Aston Villa,0,3,3,-3,A,0,1,2.7,3.5,2.5,1.72,2.1,4,15,1,9,3,5
2022-03-12,2021/22,Brighton & Hove Albion,Liverpool,0,2,2,-2,A,0,0,6.0,4.33,1.5,1.72,2.1,8,18,3,9,7,6
2022-03-12,2021/22,Brentford,Burnley,2,0,2,2,H,0,0,2.15,3.2,3.6,2.3,1.61,13,7,4,1,2,9
2022-03-12,2021/22,Manchester United,Tottenham Hotspur,3,2,5,1,H,1,1,2.2,3.4,3.25,1.72,2.1,10,10,6,3,4,5
2022-03-13,2021/22,West Ham United,Aston Villa,2,1,3,1,H,1,1,2.25,3.3,3.3,2.01,1.89,11,13,4,7,5,7
2022-03-13,2021/22,Arsenal,Leicester City,2,0,2,2,H,0,0,1.5,4.5,6.0,1.61,2.3,21,6,8,3,2,6
2022-03-13,2021/22,Southampton,Watford,1,2,3,-1,A,1,1,1.6,4.2,5.25,1.8,2.0,13,9,7,5,11,3
2022-03-13,2021/22,Chelsea,Newcastle United,1,0,1,1,H,0,0,1.3,5.25,11.0,1.72,2.1,8,7,3,2,7,2
2022-03-13,2021/22,Everton,Wolverhampton Wanderers,0,1,1,-1,A,0,0,2.3,3.2,3.3,2.3,1.61,8,14,2,3,5,2
2022-03-13,2021/22,Leeds United,Norwich City,2,1,3,1,H,1,1,1.55,4.2,5.75,1.66,2.2,13,12,7,4,6,2
2022-03-14,2021/22,Crystal Palace,Manchester City,0,0,0,0,D,0,0,10.0,5.0,1.33,1.72,2.1,7,18,1,4,2,6
2022-03-16,2021/22,Brighton & Hove Albion,Tottenham Hotspur,0,2,2,-2,A,0,0,3.3,3.3,2.25,2.0,1.8,15,17,0,7,6,3
2022-03-16,2021/22,Arsenal,Liverpool,0,2,2,-2,A,0,0,3.5,4.0,1.9,1.72,2.1,9,9,2,3,1,6
2022-03-17,2021/22,Everton,Newcastle United,1,0,1,1,H,0,0,2.4,3.25,3.1,1.9,2.0,9,17,3,6,5,7
2022-03-18,2021/22,Wolverhampton Wanderers,Leeds United,2,3,5,-1,A,1,1,2.1,3.5,3.4,1.99,1.91,14,15,8,6,2,5
2022-03-19,2021/22,Aston Villa,Arsenal,0,1,1,-1,A,0,0,3.0,3.3,2.4,1.92,1.98,8,10,1,3,6,5
2022-03-20,2021/22,Leicester City,Brentford,2,1,3,1,H,1,1,2.15,3.4,3.4,1.91,1.99,12,15,4,6,2,5
2022-03-20,2021/22,Tottenham Hotspur,West Ham United,3,1,4,2,H,1,1,1.72,3.8,4.75,1.72,2.1,17,6,4,1,5,3
2022-04-02,2021/22,Manchester United,Leicester City,1,1,2,0,D,1,0,1.5,4.5,6.0,1.57,2.37,11,11,5,3,6,5
2022-04-02,2021/22,Chelsea,Brentford,1,4,5,-3,A,1,1,1.33,5.0,10.0,1.91,1.99,21,17,8,6,12,7
2022-04-02,2021/22,Wolverhampton Wanderers,Aston Villa,2,1,3,1,H,1,1,3.0,3.1,2.55,2.37,1.57,11,15,5,5,4,9
2022-04-02,2021/22,Brighton & Hove Albion,Norwich City,0,0,0,0,D,0,0,1.5,4.0,7.0,2.0,1.8,31,6,4,0,11,2
2022-04-02,2021/22,Liverpool,Watford,2,0,2,2,H,0,0,1.12,9.5,17.0,1.36,3.2,20,5,3,2,9,3
2022-04-02,2021/22,Burnley,Manchester City,0,2,2,-2,A,0,0,15.0,6.5,1.2,1.57,2.37,3,18,1,6,1,8
2022-04-02,2021/22,Leeds United,Southampton,1,1,2,0,D,1,0,2.37,3.75,2.75,1.61,2.3,12,14,3,6,4,7
2022-04-03,2021/22,West Ham United,Everton,2,1,3,1,H,1,1,1.75,3.8,4.5,2.0,1.9,11,13,5,2,2,4
2022-04-03,2021/22,Tottenham Hotspur,Newcastle United,5,1,6,4,H,1,1,1.5,4.33,6.5,1.8,2.0,19,8,6,1,2,3
2022-04-04,2021/22,Crystal Palace,Arsenal,3,0,3,3,H,0,1,4.0,3.4,1.95,2.1,1.72,6,12,5,3,0,2
2022-04-06,2021/22,Burnley,Everton,3,2,5,1,H,1,1,2.62,3.1,2.87,2.2,1.66,13,16,4,4,9,6
2022-04-08,2021/22,Newcastle United,Wolverhampton Wanderers,1,0,1,1,H,0,0,2.25,3.1,3.4,2.37,1.57,12,5,4,2,1,2
2022-04-09,2021/22,Everton,Manchester United,1,0,1,1,H,0,0,4.6,3.75,1.75,1.85,2.05,7,12,3,4,5,7
2022-04-09,2021/22,Arsenal,Brighton & Hove Albion,1,2,3,-1,A,1,1,1.61,3.8,5.75,2.04,1.86,20,8,4,3,11,2
2022-04-09,2021/22,Southampton,Chelsea,0,6,6,-6,A,0,1,3.8,3.6,1.95,1.95,1.95,4,24,1,14,3,3
2022-04-09,2021/22,Watford,Leeds United,0,3,3,-3,A,0,1,2.7,3.4,2.55,1.72,2.1,8,10,1,5,3,8
2022-04-09,2021/22,Aston Villa,Tottenham Hotspur,0,4,4,-4,A,0,1,3.2,3.4,2.25,1.86,2.04,9,11,8,5,9,3
2022-04-10,2021/22,Norwich City,Burnley,2,0,2,2,H,0,0,2.87,3.2,2.55,2.3,1.61,17,18,6,4,6,7
2022-04-10,2021/22,Manchester City,Liverpool,2,2,4,0,D,1,1,2.0,3.75,3.5,1.72,2.1,11,6,5,4,4,1
2022-04-10,2021/22,Leicester City,Crystal Palace,2,1,3,1,H,1,1,2.37,3.3,2.9,1.99,1.91,12,11,3,3,3,4
2022-04-10,2021/22,Brentford,West Ham United,2,0,2,2,H,0,0,2.62,3.3,2.62,2.1,1.72,15,5,7,1,4,6
2022-04-16,2021/22,Tottenham Hotspur,Brighton & Hove Albion,0,1,1,-1,A,0,0,1.53,4.0,6.5,1.9,2.0,5,12,0,5,4,4
2022-04-16,2021/22,Manchester United,Norwich City,3,2,5,1,H,1,1,1.25,6.5,10.0,1.5,2.62,20,15,9,4,6,7
2022-04-16,2021/22,Southampton,Arsenal,1,0,1,1,H,0,0,3.8,3.6,1.95,1.9,2.0,9,23,3,6,6,8
2022-04-16,2021/22,Watford,Brentford,1,2,3,-1,A,1,1,2.7,3.3,2.55,2.1,1.72,17,16,4,5,6,5
2022-04-17,2021/22,Newcastle United,Leicester City,2,1,3,1,H,1,1,2.2,3.4,3.3,1.99,1.91,16,8,7,2,3,5
2022-04-17,2021/22,West Ham United,Burnley,1,1,2,0,D,1,0,1.7,3.8,5.0,1.95,1.95,21,9,8,1,13,4
2022-04-19,2021/22,Liverpool,Manchester United,4,0,4,4,H,0,1,1.4,5.0,7.0,1.5,2.62,14,2,5,1,10,2
2022-04-20,2021/22,Manchester City,Brighton & Hove Albion,3,0,3,3,H,0,1,1.16,7.0,17.0,1.61,2.3,17,2,5,1,7,4
2022-04-20,2021/22,Chelsea,Arsenal,2,4,6,-2,A,1,1,1.83,3.6,4.33,2.1,1.8,11,14,2,4,6,1
2022-04-20,2021/22,Everton,Leicester City,1,1,2,0,D,1,0,2.25,3.4,3.25,1.92,1.98,13,11,3,3,5,4
2022-04-20,2021/22,Newcastle United,Crystal Palace,1,0,1,1,H,0,0,2.25,3.4,3.25,2.2,1.66,13,10,4,2,2,5
2022-04-21,2021/22,Burnley,Southampton,2,0,2,2,H,0,0,2.75,3.25,2.62,1.98,1.92,16,11,6,3,10,10
2022-04-23,2021/22,Brentford,Tottenham Hotspur,0,0,0,0,D,0,0,4.33,3.5,1.85,1.89,2.01,15,9,2,0,12,8
2022-04-23,2021/22,Norwich City,Newcastle United,0,3,3,-3,A,0,1,3.5,3.3,2.15,1.98,1.92,5,13,2,7,2,3
2022-04-23,2021/22,Arsenal,Manchester United,3,1,4,2,H,1,1,2.05,3.5,3.5,1.81,2.09,14,14,7,5,1,7
2022-04-23,2021/22,Leicester City,Aston Villa,0,0,0,0,D,0,0,2.8,3.4,2.5,1.85,2.05,5,11,2,3,7,6
2022-04-23,2021/22,Manchester City,Watford,5,1,6,4,H,1,1,1.1,10.0,26.0,1.36,3.2,21,5,8,2,11,4
2022-04-24,2021/22,Brighton & Hove Albion,Southampton,2,2,4,0,D,1,1,2.1,3.4,3.6,2.02,1.88,8,18,5,5,6,6
2022-04-24,2021/22,Burnley,Wolverhampton Wanderers,1,0,1,1,H,0,0,2.7,3.0,2.87,2.37,1.57,14,10,5,4,3,6
2022-04-24,2021/22,Chelsea,West Ham United,1,0,1,1,H,0,0,1.5,4.33,6.5,1.83,2.07,26,6,5,2,3,1
2022-04-24,2021/22,Liverpool,Everton,2,0,2,2,H,0,0,1.18,7.0,15.0,1.44,2.75,18,9,4,1,13,1
2022-04-25,2021/22,Crystal Palace,Leeds United,0,0,0,0,D,0,0,2.05,3.5,3.5,1.88,2.02,17,9,7,2,6,3
2022-04-28,2021/22,Manchester United,Chelsea,1,1,2,0,D,1,0,3.2,3.4,2.25,1.86,2.04,6,21,3,6,2,9
2022-04-30,2021/22,Wolverhampton Wanderers,Brighton & Hove Albion,0,3,3,-3,A,0,1,2.7,3.2,2.75,2.5,1.53,11,17,1,9,7,3
2022-04-30,2021/22,Leeds United,Manchester City,0,4,4,-4,A,0,1,8.5,6.0,1.3,1.5,2.62,7,19,2,6,3,6
2022-04-30,2021/22,Watford,Burnley,1,2,3,-1,A,1,1,2.6,3.3,2.75,2.1,1.72,13,17,1,6,5,6
2022-04-30,2021/22,Newcastle United,Liverpool,0,1,1,-1,A,0,0,8.5,5.0,1.36,1.66,2.2,4,24,2,10,0,6
2022-04-30,2021/22,Aston Villa,Norwich City,2,0,2,2,H,0,0,1.4,4.5,9.0,1.66,2.2,21,9,6,3,2,3
2022-04-30,2021/22,Southampton,Crystal Palace,1,2,3,-1,A,1,1,2.4,3.3,3.1,2.03,1.87,8,14,3,5,6,7
2022-05-01,2021/22,Everton,Chelsea,1,0,1,1,H,0,0,5.0,3.6,1.75,2.02,1.88,9,17,4,5,3,8
2022-05-01,2021/22,Tottenham Hotspur,Leicester City,3,1,4,2,H,1,1,1.44,4.75,7.0,1.57,2.37,13,6,7,2,7,3
2022-05-01,2021/22,West Ham United,Arsenal,1,2,3,-1,A,1,1,4.33,3.8,1.8,1.89,2.01,8,13,3,7,3,7
2022-05-02,2021/22,Manchester United,Brentford,3,0,3,3,H,0,1,1.72,4.0,4.5,1.72,2.1,9,12,5,4,3,8
2022-05-07,2021/22,Brentford,Southampton,3,0,3,3,H,0,1,2.15,3.5,3.3,1.95,1.95,18,19,5,4,4,7
2022-05-07,2021/22,Burnley,Aston Villa,1,3,4,-2,A,1,1,3.0,3.3,2.4,2.07,1.83,14,12,6,7,4,5
2022-05-07,2021/22,Chelsea,Wolverhampton Wanderers,2,2,4,0,D,1,1,1.33,5.0,9.5,1.93,1.97,19,14,6,4,9,3
2022-05-07,2021/22,Crystal Palace,Watford,1,0,1,1,H,0,0,1.65,4.0,5.0,1.99,1.91,15,6,7,1,8,5
2022-05-07,2021/22,Brighton & Hove Albion,Manchester United,4,0,4,4,H,0,1,2.8,3.5,2.45,1.95,1.95,17,15,6,5,7,6
2022-05-07,2021/22,Liverpool,Tottenham Hotspur,1,1,2,0,D,1,0,1.4,5.0,7.0,1.53,2.5,22,8,3,3,11,5
2022-05-08,2021/22,Manchester City,Newcastle United,5,0,5,5,H,0,1,1.16,7.0,17.0,1.5,2.62,21,7,9,3,8,2
2022-05-08,2021/22,Norwich City,West Ham United,0,4,4,-4,A,0,1,4.5,3.8,1.75,1.85,2.05,8,13,2,5,9,5
2022-05-08,2021/22,Arsenal,Leeds United,2,1,3,1,H,1,1,1.45,4.5,7.0,1.61,2.3,19,3,9,2,8,2
2022-05-08,2021/22,Leicester City,Everton,1,2,3,-1,A,1,1,2.6,3.3,2.75,2.01,1.89,16,10,9,4,6,1
2022-05-10,2021/22,Aston Villa,Liverpool,1,2,3,-1,A,1,1,7.5,4.75,1.4,1.61,2.3,9,17,4,6,2,3
2022-05-11,2021/22,Leeds United,Chelsea,0,3,3,-3,A,0,1,4.75,4.2,1.65,1.61,2.3,5,17,0,4,1,5
2022-05-11,2021/22,Leicester City,Norwich City,3,0,3,3,H,0,1,1.44,4.75,7.0,1.61,2.3,20,9,8,5,10,2
2022-05-11,2021/22,Watford,Everton,0,0,0,0,D,0,0,4.2,3.6,1.83,1.94,1.96,6,16,0,5,1,13
2022-05-11,2021/22,Wolverhampton Wanderers,Manchester City,1,5,6,-4,A,1,1,11.0,6.0,1.25,1.66,2.2,7,16,3,5,6,2
2022-05-12,2021/22,Tottenham Hotspur,Arsenal,3,0,3,3,H,0,1,2.05,3.75,3.5,1.8,2.0,16,8,6,4,2,2
2022-05-15,2021/22,West Ham United,Manchester City,2,2,4,0,D,1,1,7.5,5.0,1.4,1.53,2.5,6,31,2,8,4,9
2022-05-15,2021/22,Wolverhampton Wanderers,Norwich City,1,1,2,0,D,1,0,1.45,4.75,6.5,1.86,2.04,17,11,4,2,5,3
2022-05-15,2021/22,Watford,Leicester City,1,5,6,-4,A,1,1,3.8,3.5,1.95,1.72,2.1,13,13,5,7,7,3
2022-05-15,2021/22,Everton,Brentford,2,3,5,-1,A,1,1,2.05,3.6,3.5,2.03,1.87,10,18,5,7,5,2
2022-05-15,2021/22,Aston Villa,Crystal Palace,1,1,2,0,D,1,0,2.0,3.5,3.75,1.93,1.97,13,16,4,4,1,5
2022-05-15,2021/22,Tottenham Hotspur,Burnley,1,0,1,1,H,0,0,1.33,5.25,9.0,1.57,2.37,21,8,8,1,8,2
2022-05-15,2021/22,Leeds United,Brighton & Hove Albion,1,1,2,0,D,1,0,2.62,3.5,2.62,1.84,2.06,19,16,5,6,8,1
2022-05-16,2021/22,Newcastle United,Arsenal,2,0,2,2,H,0,0,4.33,3.6,1.83,1.9,2.0,16,11,4,2,12,8
2022-05-17,2021/22,Southampton,Liverpool,1,2,3,-1,A,1,1,7.5,5.5,1.33,1.44,2.75,4,24,2,5,1,9
2022-05-19,2021/22,Everton,Crystal Palace,3,2,5,1,H,1,1,1.9,3.4,4.33,2.0,1.8,12,7,6,5,4,5
2022-05-19,2021/22,Aston Villa,Burnley,1,1,2,0,D,1,0,2.05,3.5,3.6,1.99,1.91,22,10,9,5,13,6
2022-05-19,2021/22,Chelsea,Leicester City,1,1,2,0,D,1,0,1.4,4.75,8.0,1.61,2.3,20,2,7,1,6,0
2022-05-22,2021/22,Norwich City,Tottenham Hotspur,0,5,5,-5,A,0,1,9.5,6.5,1.25,1.44,2.75,9,19,0,13,3,2
2022-05-22,2021/22,Manchester City,Aston Villa,3,2,5,1,H,1,1,1.16,8.0,17.0,1.44,2.75,24,4,5,2,13,1
2022-05-22,2021/22,Leicester City,Southampton,4,1,5,3,H,1,1,1.85,4.0,3.8,1.57,2.37,12,7,6,2,3,3
2022-05-22,2021/22,Crystal Palace,Manchester United,1,0,1,1,H,0,0,3.0,3.6,2.25,1.72,2.1,6,10,3,4,3,6
2022-05-22,2021/22,Liverpool,Wolverhampton Wanderers,3,1,4,2,H,1,1,1.14,8.5,15.0,1.44,2.75,29,7,8,5,5,3
2022-05-22,2021/22,Burnley,Newcastle United,1,2,3,-1,A,1,1,2.25,3.4,3.2,1.94,1.96,12,8,5,6,8,2
2022-05-22,2021/22,Brighton & Hove Albion,West Ham United,3,1,4,2,H,1,1,2.37,3.5,2.9,1.72,2.1,18,7,7,2,5,6
2022-05-22,2021/22,Brentford,Leeds United,1,2,3,-1,A,1,1,2.45,3.8,2.62,1.57,2.37,14,14,5,6,3,2
2022-05-22,2021/22,Arsenal,Everton,5,1,6,4,H,1,1,1.36,4.75,9.0,1.57,2.37,26,6,9,2,12,2
2022-05-22,2021/22,Chelsea,Watford,2,1,3,1,H,1,1,1.18,7.5,15.0,1.44,2.75,19,8,8,3,3,3
2022-08-05,2022/23,Crystal Palace,Arsenal,0,2,2,-2,A,0,0,4.2,3.6,1.85,2.1,1.72,10,10,2,2,3,5
2022-08-06,2022/23,Everton,Chelsea,0,1,1,-1,A,0,0,5.5,4.0,1.61,2.02,1.88,8,15,4,6,4,16
2022-08-06,2022/23,Tottenham Hotspur,Southampton,4,1,5,3,H,1,1,1.33,5.5,8.5,1.61,2.3,18,10,8,2,10,2
2022-08-06,2022/23,Newcastle United,Nottingham Forest,2,0,2,2,H,0,0,1.66,3.8,5.25,2.05,1.85,23,5,10,0,11,1
2022-08-06,2022/23,Leeds United,Wolverhampton Wanderers,2,1,3,1,H,1,1,2.25,3.4,3.2,2.05,1.85,12,15,4,6,6,4
2022-08-06,2022/23,Fulham,Liverpool,2,2,4,0,D,1,1,11.0,6.0,1.25,1.5,2.62,9,11,3,4,4,4
2022-08-06,2022/23,AFC Bournemouth,Aston Villa,2,0,2,2,H,0,0,3.75,3.5,2.0,2.0,1.8,7,15,3,2,5,5
2022-08-07,2022/23,Leicester City,Brentford,2,2,4,0,D,1,1,2.0,3.75,3.5,1.72,2.1,14,8,5,3,5,6
2022-08-07,2022/23,Manchester United,Brighton & Hove Albion,1,2,3,-1,A,1,1,1.6,4.2,5.25,1.92,1.98,17,15,5,4,6,2
2022-08-07,2022/23,West Ham United,Manchester City,0,2,2,-2,A,0,0,8.0,5.0,1.36,1.53,2.5,6,14,1,2,1,4
2022-08-13,2022/23,Wolverhampton Wanderers,Fulham,0,0,0,0,D,0,0,2.3,3.3,3.2,2.1,1.72,7,9,1,3,5,3
2022-08-13,2022/23,Brentford,Manchester United,4,0,4,4,H,0,1,3.75,3.5,2.0,1.8,2.0,13,15,7,4,8,2
2022-08-13,2022/23,Southampton,Leeds United,2,2,4,0,D,1,1,2.25,3.5,3.1,1.72,2.1,14,13,4,5,2,5
2022-08-13,2022/23,Brighton & Hove Albion,Newcastle United,0,0,0,0,D,0,0,2.45,3.2,3.0,2.1,1.72,13,4,7,1,7,3
2022-08-13,2022/23,Manchester City,AFC Bournemouth,4,0,4,4,H,0,1,1.06,13.0,29.0,1.33,3.4,19,3,7,1,11,1
2022-08-13,2022/23,Arsenal,Leicester City,4,2,6,2,H,1,1,1.53,4.33,5.75,1.66,2.2,19,6,7,2,6,2
2022-08-13,2022/23,Aston Villa,Everton,2,1,3,1,H,1,1,1.8,3.5,4.75,2.1,1.72,12,15,4,4,5,8
2022-08-14,2022/23,Nottingham Forest,West Ham United,1,0,1,1,H,0,0,4.2,3.6,1.85,1.92,1.98,13,19,6,5,6,7
2022-08-14,2022/23,Chelsea,Tottenham Hotspur,2,2,4,0,D,1,1,2.25,3.4,3.2,1.98,1.92,16,10,3,5,8,5
2022-08-15,2022/23,Liverpool,Crystal Palace,1,1,2,0,D,1,0,1.18,6.75,16.0,1.57,2.37,24,7,4,3,4,2
2022-08-20,2022/23,Tottenham Hotspur,Wolverhampton Wanderers,1,0,1,1,H,0,0,1.4,4.75,7.5,1.72,2.1,11,20,4,3,8,6
2022-08-20,2022/23,Crystal Palace,Aston Villa,3,1,4,2,H,1,1,2.5,3.25,2.9,2.2,1.66,17,13,9,5,4,2
2022-08-20,2022/23,Everton,Nottingham Forest,1,1,2,0,D,1,0,1.9,3.6,4.0,2.1,1.72,19,14,8,5,6,2
2022-08-20,2022/23,Fulham,Brentford,3,2,5,1,H,1,1,2.45,3.4,2.9,1.96,1.94,18,13,9,5,6,3
2022-08-20,2022/23,Leicester City,Southampton,1,2,3,-1,A,1,1,1.83,4.0,4.0,1.61,2.3,6,9,1,3,2,5
2022-08-20,2022/23,AFC Bournemouth,Arsenal,0,3,3,-3,A,0,1,8.0,4.75,1.4,1.72,2.1,6,14,1,6,3,4
2022-08-21,2022/23,Newcastle United,Manchester City,3,3,6,0,D,1,1,7.5,5.0,1.36,1.66,2.2,12,21,6,10,5,5
2022-08-21,2022/23,West Ham United,Brighton & Hove Albion,0,2,2,-2,A,0,0,2.3,3.4,3.1,1.99,1.91,13,11,3,2,5,4
2022-08-21,2022/23,Leeds United,Chelsea,3,0,3,3,H,0,1,5.75,4.5,1.53,1.66,2.2,12,14,6,3,4,6
2022-08-22,2022/23,Manchester United,Liverpool,2,1,3,1,H,1,1,5.25,4.33,1.6,1.5,2.62,12,17,4,5,6,8
2022-08-27,2022/23,Southampton,Manchester United,0,1,1,-1,A,0,0,4.2,4.0,1.8,1.57,2.37,17,11,5,6,5,3
2022-08-27,2022/23,Brentford,Everton,1,1,2,0,D,1,0,2.0,3.5,3.75,2.06,1.84,19,14,5,7,8,5
2022-08-27,2022/23,Brighton & Hove Albion,Leeds United,1,0,1,1,H,0,0,1.9,3.8,3.8,1.88,2.02,13,10,4,2,5,3
2022-08-27,2022/23,Chelsea,Leicester City,2,1,3,1,H,1,1,1.4,5.0,7.0,1.61,2.3,7,17,3,5,3,11
2022-08-27,2022/23,Liverpool,AFC Bournemouth,9,0,9,9,H,0,1,1.1,10.0,26.0,1.36,3.2,19,5,12,2,8,1
2022-08-27,2022/23,Manchester City,Crystal Palace,4,2,6,2,H,1,1,1.18,7.5,13.0,1.44,2.75,18,2,5,2,6,1
2022-08-27,2022/23,Arsenal,Fulham,2,1,3,1,H,1,1,1.3,5.75,9.0,1.5,2.62,22,11,8,3,9,2
2022-08-28,2022/23,Aston Villa,West Ham United,0,1,1,-1,A,0,0,2.3,3.4,3.1,1.91,1.99,9,7,3,2,3,2
2022-08-28,2022/23,Wolverhampton Wanderers,Newcastle United,1,1,2,0,D,1,0,2.7,3.3,2.7,2.1,1.72,10,21,4,6,4,13
2022-08-28,2022/23,Nottingham Forest,Tottenham Hotspur,0,2,2,-2,A,0,0,7.0,4.6,1.44,1.72,2.1,17,18,1,7,6,1
2022-08-30,2022/23,Leeds United,Everton,1,1,2,0,D,1,0,2.15,3.5,3.3,1.87,2.03,14,7,5,2,10,2
2022-08-30,2022/23,Fulham,Brighton & Hove Albion,2,1,3,1,H,1,1,3.1,3.3,2.3,2.01,1.89,10,7,3,4,3,3
2022-08-30,2022/23,Crystal Palace,Brentford,1,1,2,0,D,1,0,2.05,3.4,3.6,2.1,1.72,13,9,4,3,4,6
2022-08-30,2022/23,Southampton,Chelsea,2,1,3,1,H,1,1,5.25,4.0,1.61,1.72,2.1,9,10,7,4,5,3
2022-08-31,2022/23,Arsenal,Aston Villa,2,1,3,1,H,1,1,1.45,4.5,6.0,1.72,2.1,22,4,9,3,10,3
2022-08-31,2022/23,AFC Bournemouth,Wolverhampton Wanderers,0,0,0,0,D,0,0,3.5,3.3,2.15,2.1,1.72,5,17,2,4,2,5
2022-08-31,2022/23,Manchester City,Nottingham Forest,6,0,6,6,H,0,1,1.06,13.0,29.0,1.22,4.33,17,8,9,1,10,1
2022-08-31,2022/23,West Ham United,Tottenham Hotspur,1,1,2,0,D,1,0,3.6,3.8,1.95,1.72,2.1,14,13,4,4,3,4
2022-08-31,2022/23,Liverpool,Newcastle United,2,1,3,1,H,1,1,1.33,5.25,9.0,1.5,2.62,23,5,6,2,13,0
2022-09-01,2022/23,Leicester City,Manchester United,0,1,1,-1,A,0,0,3.4,3.75,2.05,1.66,2.2,10,9,2,2,1,3
2022-09-03,2022/23,Nottingham Forest,AFC Bournemouth,2,3,5,-1,A,1,1,1.95,3.5,3.8,2.1,1.72,11,8,3,3,4,6
2022-09-03,2022/23,Aston Villa,Manchester City,1,1,2,0,D,1,0,8.0,5.5,1.33,1.53,2.5,3,13,1,4,1,4
2022-09-03,2022/23,Wolverhampton Wanderers,Southampton,1,0,1,1,H,0,0,2.2,3.4,3.25,2.04,1.86,7,12,2,1,5,6
2022-09-03,2022/23,Tottenham Hotspur,Fulham,2,1,3,1,H,1,1,1.5,4.5,6.5,1.61,2.3,23,9,10,3,10,3
2022-09-03,2022/23,Newcastle United,Crystal Palace,0,0,0,0,D,0,0,2.0,3.5,3.75,2.0,1.8,23,19,6,9,13,5
2022-09-03,2022/23,Chelsea,West Ham United,2,1,3,1,H,1,1,1.55,4.5,5.5,1.72,2.1,8,6,3,3,10,3
2022-09-03,2022/23,Brentford,Leeds United,5,2,7,3,H,1,1,2.1,3.5,3.4,1.72,2.1,14,17,8,6,2,6
2022-09-03,2022/23,Everton,Liverpool,0,0,0,0,D,0,0,7.0,4.75,1.4,1.57,2.37,14,23,3,8,7,9
2022-09-04,2022/23,Brighton & Hove Albion,Leicester City,5,2,7,3,H,1,1,1.83,3.5,4.5,2.01,1.89,23,6,11,4,10,1
2022-09-04,2022/23,Manchester United,Arsenal,3,1,4,2,H,1,1,2.5,3.5,2.7,1.66,2.2,10,16,6,3,2,5
2022-09-16,2022/23,Aston Villa,Southampton,1,0,1,1,H,0,0,2.1,3.5,3.5,1.88,2.02,11,7,3,1,6,3
2022-09-16,2022/23,Nottingham Forest,Fulham,2,3,5,-1,A,1,1,2.75,3.3,2.62,1.93,1.97,11,15,3,7,2,10
2022-09-17,2022/23,Wolverhampton Wanderers,Manchester City,0,3,3,-3,A,0,1,9.5,5.0,1.33,1.57,2.37,6,16,1,7,5,7
2022-09-17,2022/23,Newcastle United,AFC Bournemouth,1,1,2,0,D,1,0,1.44,4.4,7.5,1.87,2.03,20,10,7,3,8,1
2022-09-17,2022/23,Tottenham Hotspur,Leicester City,6,2,8,4,H,1,1,1.45,4.5,7.0,1.57,2.37,16,19,11,7,6,1
2022-09-18,2022/23,Brentford,Arsenal,0,3,3,-3,A,0,1,4.2,3.8,1.8,1.66,2.2,5,13,2,7,3,3
2022-09-18,2022/23,Everton,West Ham United,1,0,1,1,H,0,0,2.9,3.25,2.5,2.06,1.84,7,14,2,4,5,14
2022-10-01,2022/23,Liverpool,Brighton & Hove Albion,3,3,6,0,D,1,1,1.33,5.25,8.5,1.53,2.5,15,6,7,6,9,2
2022-10-01,2022/23,Southampton,Everton,1,2,3,-1,A,1,1,2.15,3.4,3.4,2.04,1.86,22,12,6,5,7,6
2022-10-01,2022/23,Fulham,Newcastle United,1,4,5,-3,A,1,1,3.0,3.4,2.37,1.91,1.99,3,19,1,10,1,8
2022-10-01,2022/23,West Ham United,Wolverhampton Wanderers,2,0,2,2,H,0,0,1.95,3.5,4.2,2.2,1.66,18,15,5,4,1,6
2022-10-01,2022/23,AFC Bournemouth,Brentford,0,0,0,0,D,0,0,3.3,3.4,2.2,2.02,1.88,7,13,1,4,7,8
2022-10-01,2022/23,Crystal Palace,Chelsea,1,2,3,-1,A,1,1,4.2,3.6,1.85,2.1,1.72,7,13,3,3,5,2
2022-10-01,2022/23,Arsenal,Tottenham Hotspur,3,1,4,2,H,1,1,2.05,3.75,3.3,1.72,2.1,22,7,9,3,5,2
2022-10-02,2022/23,Manchester City,Manchester United,6,3,9,3,H,1,1,1.33,5.75,7.5,1.44,2.75,22,12,10,8,5,1
2022-10-02,2022/23,Leeds United,Aston Villa,0,0,0,0,D,0,0,2.35,3.4,3.0,1.8,2.0,9,19,1,7,2,9
2022-10-03,2022/23,Leicester City,Nottingham Forest,4,0,4,4,H,0,1,1.75,4.0,4.33,1.66,2.2,17,10,7,3,6,6
2022-10-08,2022/23,AFC Bournemouth,Leicester City,2,1,3,1,H,1,1,3.6,3.4,2.05,1.8,2.0,10,9,4,5,7,2
2022-10-08,2022/23,Chelsea,Wolverhampton Wanderers,3,0,3,3,H,0,1,1.4,4.5,8.0,1.87,2.03,20,8,7,2,4,2
2022-10-08,2022/23,Manchester City,Southampton,4,0,4,4,H,0,1,1.11,10.0,17.0,1.25,4.0,21,5,8,0,9,1
2022-10-08,2022/23,Newcastle United,Brentford,5,1,6,4,H,1,1,1.83,3.8,4.2,1.72,2.1,16,6,6,3,9,5
2022-10-08,2022/23,Brighton & Hove Albion,Tottenham Hotspur,0,1,1,-1,A,0,0,2.8,3.4,2.5,1.88,2.02,14,8,4,3,6,2
2022-10-09,2022/23,Everton,Manchester United,1,2,3,-1,A,1,1,3.6,3.5,2.05,1.88,2.02,11,12,2,4,5,4
2022-10-09,2022/23,Crystal Palace,Leeds United,2,1,3,1,H,1,1,2.05,3.5,3.6,1.86,2.04,13,10,5,4,5,3
2022-10-09,2022/23,West Ham United,Fulham,3,1,4,2,H,1,1,1.72,3.8,4.75,1.8,2.0,17,8,8,2,4,2
2022-10-09,2022/23,Arsenal,Liverpool,3,2,5,1,H,1,1,2.5,3.6,2.62,1.57,2.37,11,8,7,3,4,3
2022-10-10,2022/23,Nottingham Forest,Aston Villa,1,1,2,0,D,1,0,3.3,3.4,2.2,2.03,1.87,6,12,3,2,1,4
2022-10-14,2022/23,Brentford,Brighton & Hove Albion,2,0,2,2,H,0,0,3.1,3.4,2.3,1.97,1.93,7,21,3,7,2,11
2022-10-15,2022/23,Leicester City,Crystal Palace,0,0,0,0,D,0,0,2.3,3.4,3.1,1.89,2.01,14,8,5,1,9,2
2022-10-15,2022/23,Fulham,AFC Bournemouth,2,2,4,0,D,1,1,1.85,3.75,4.0,1.96,1.94,19,10,4,6,5,6
2022-10-15,2022/23,Wolverhampton Wanderers,Nottingham Forest,1,0,1,1,H,0,0,1.7,3.75,5.0,2.06,1.84,9,10,2,2,4,5
2022-10-15,2022/23,Tottenham Hotspur,Everton,2,0,2,2,H,0,0,1.5,4.5,6.5,1.72,2.1,21,4,7,0,7,1
2022-10-16,2022/23,Aston Villa,Chelsea,0,2,2,-2,A,0,0,4.33,3.75,1.8,2.03,1.87,18,8,7,4,7,1
2022-10-16,2022/23,Leeds United,Arsenal,0,1,1,-1,A,0,0,6.0,4.2,1.55,1.61,2.3,16,9,4,4,6,3
2022-10-16,2022/23,Manchester United,Newcastle United,0,0,0,0,D,0,0,1.95,3.8,3.5,1.72,2.1,15,9,2,2,4,4
2022-10-16,2022/23,Southampton,West Ham United,1,1,2,0,D,1,0,2.9,3.4,2.4,2.0,1.9,10,25,8,4,4,14
2022-10-16,2022/23,Liverpool,Manchester City,1,0,1,1,H,0,0,3.6,4.0,1.9,1.44,2.75,13,16,2,6,5,6
2022-10-18,2022/23,Brighton & Hove Albion,Nottingham Forest,0,0,0,0,D,0,0,1.4,4.75,7.0,1.72,2.1,19,3,7,0,9,1
2022-10-18,2022/23,Crystal Palace,Wolverhampton Wanderers,2,1,3,1,H,1,1,2.25,3.1,3.4,2.5,1.53,14,10,4,4,4,3
2022-10-19,2022/23,Newcastle United,Everton,1,0,1,1,H,0,0,1.6,3.8,5.75,1.92,1.98,16,1,4,0,8,2
2022-10-19,2022/23,Manchester United,Tottenham Hotspur,2,0,2,2,H,0,0,2.45,3.5,2.75,1.72,2.1,28,9,10,2,8,3
2022-10-19,2022/23,Liverpool,West Ham United,1,0,1,1,H,0,0,1.4,5.0,7.0,1.5,2.62,22,8,7,3,8,3
2022-10-19,2022/23,AFC Bournemouth,Southampton,0,1,1,-1,A,0,0,2.62,3.3,2.62,2.0,1.8,15,9,3,3,7,3
2022-10-19,2022/23,Brentford,Chelsea,0,0,0,0,D,0,0,4.75,3.8,1.72,1.88,2.02,8,14,5,5,6,2
2022-10-20,2022/23,Fulham,Aston Villa,3,0,3,3,H,0,1,2.9,3.3,2.5,2.0,1.9,18,12,8,6,9,7
2022-10-20,2022/23,Leicester City,Leeds United,2,0,2,2,H,0,0,2.25,3.6,3.0,1.72,2.1,5,14,1,2,2,9
2022-10-22,2022/23,Nottingham Forest,Liverpool,1,0,1,1,H,0,0,11.0,6.0,1.25,1.5,2.62,10,15,7,7,2,11
2022-10-22,2022/23,Everton,Crystal Palace,3,0,3,3,H,0,1,2.6,3.2,2.87,2.2,1.66,9,9,6,2,3,4
2022-10-22,2022/23,Manchester City,Brighton & Hove Albion,3,1,4,2,H,1,1,1.2,7.0,13.0,1.44,2.75,10,8,4,2,7,3
2022-10-22,2022/23,Chelsea,Manchester United,1,1,2,0,D,1,0,2.05,3.5,3.5,1.91,1.99,6,13,2,6,6,4
2022-10-23,2022/23,Tottenham Hotspur,Newcastle United,1,2,3,-1,A,1,1,2.05,3.5,3.5,1.92,1.98,17,13,5,5,6,7
2022-10-23,2022/23,Wolverhampton Wanderers,Leicester City,0,4,4,-4,A,0,1,2.25,3.25,3.25,2.0,1.9,21,5,5,4,9,2
2022-10-23,2022/23,Aston Villa,Brentford,4,0,4,4,H,0,1,2.1,3.5,3.5,1.94,1.96,19,12,11,3,7,6
2022-10-23,2022/23,Leeds United,Fulham,2,3,5,-1,A,1,1,2.05,3.5,3.6,1.72,2.1,14,11,5,5,3,6
2022-10-23,2022/23,Southampton,Arsenal,1,1,2,0,D,1,0,6.0,4.0,1.57,1.66,2.2,10,12,3,3,9,4
2022-10-24,2022/23,West Ham United,AFC Bournemouth,2,0,2,2,H,0,0,1.55,4.0,6.0,2.01,1.89,20,5,4,3,5,0
2022-10-29,2022/23,Newcastle United,Aston Villa,4,0,4,4,H,0,1,1.8,3.75,4.5,1.94,1.96,20,3,7,0,3,0
2022-10-29,2022/23,Fulham,Everton,0,0,0,0,D,0,0,2.37,3.4,3.0,1.87,2.03,24,9,6,4,13,4
2022-10-29,2022/23,Liverpool,Leeds United,1,2,3,-1,A,1,1,1.3,6.0,9.0,1.36,3.2,22,14,10,6,14,5
2022-10-29,2022/23,Crystal Palace,Southampton,1,0,1,1,H,0,0,1.9,3.6,4.0,2.06,1.84,12,14,3,4,8,4
2022-10-29,2022/23,AFC Bournemouth,Tottenham Hotspur,2,3,5,-1,A,1,1,5.0,3.8,1.7,1.96,1.94,6,23,4,7,2,19
2022-10-29,2022/23,Brentford,Wolverhampton Wanderers,1,1,2,0,D,1,0,2.2,3.4,3.3,2.01,1.89,12,14,3,4,3,6
2022-10-29,2022/23,Leicester City,Manchester City,0,1,1,-1,A,0,0,10.0,6.5,1.25,1.44,2.75,10,15,5,5,3,10
2022-10-29,2022/23,Brighton & Hove Albion,Chelsea,4,1,5,3,H,1,1,3.0,3.3,2.4,2.1,1.72,19,15,9,7,8,7
2022-10-30,2022/23,Arsenal,Nottingham Forest,5,0,5,5,H,0,1,1.2,7.0,12.0,1.5,2.62,24,5,10,2,9,4
2022-10-30,2022/23,Manchester United,West Ham United,1,0,1,1,H,0,0,1.66,4.0,4.8,1.86,2.04,16,13,3,5,5,10
2022-11-05,2022/23,Leeds United,AFC Bournemouth,4,3,7,1,H,1,1,1.72,3.8,4.75,1.8,2.0,18,9,4,6,13,3
2022-11-05,2022/23,Manchester City,Fulham,2,1,3,1,H,1,1,1.11,9.5,19.0,1.28,3.75,16,4,5,2,9,0
2022-11-05,2022/23,Nottingham Forest,Brentford,2,2,4,0,D,1,1,2.75,3.3,2.6,2.03,1.87,15,6,7,2,3,3
2022-11-05,2022/23,Wolverhampton Wanderers,Brighton & Hove Albion,2,3,5,-1,A,1,1,3.3,3.3,2.25,2.1,1.72,8,19,5,8,4,9
2022-11-05,2022/23,Everton,Leicester City,0,2,2,-2,A,0,0,2.4,3.3,3.0,2.0,1.8,12,22,2,8,8,3
2022-11-06,2022/23,Tottenham Hotspur,Liverpool,1,2,3,-1,A,1,1,3.3,3.6,2.1,1.66,2.2,14,13,5,6,5,3
2022-11-06,2022/23,West Ham United,Crystal Palace,1,2,3,-1,A,1,1,1.9,3.4,4.2,2.1,1.72,5,15,2,6,2,5
2022-11-06,2022/23,Chelsea,Arsenal,0,1,1,-1,A,0,0,2.55,3.4,2.7,1.93,1.97,5,14,1,2,4,6
2022-11-06,2022/23,Aston Villa,Manchester United,3,1,4,2,H,1,1,3.3,3.8,2.1,1.94,1.96,6,8,4,3,3,5
2022-11-06,2022/23,Southampton,Newcastle United,1,4,5,-3,A,1,1,4.0,3.6,1.9,1.95,1.95,16,7,5,4,8,2
2022-11-12,2022/23,Manchester City,Brentford,1,2,3,-1,A,1,1,1.14,8.0,17.0,1.36,3.2,29,10,6,8,10,2
2022-11-12,2022/23,AFC Bournemouth,Everton,3,0,3,3,H,0,1,2.8,3.25,2.6,2.1,1.72,16,15,9,3,3,5
2022-11-12,2022/23,Liverpool,Southampton,3,1,4,2,H,1,1,1.25,6.5,11.0,1.4,3.0,15,9,7,5,6,0
2022-11-12,2022/23,Nottingham Forest,Crystal Palace,1,0,1,1,H,0,0,3.1,3.1,2.45,2.2,1.66,9,8,2,0,1,5
2022-11-12,2022/23,Tottenham Hotspur,Leeds United,4,3,7,1,H,1,1,1.65,4.2,4.75,1.61,2.3,14,12,8,5,9,2
2022-11-12,2022/23,West Ham United,Leicester City,0,2,2,-2,A,0,0,2.05,3.4,3.75,1.99,1.91,18,9,6,6,7,2
2022-11-12,2022/23,Newcastle United,Chelsea,1,0,1,1,H,0,0,2.35,3.4,3.0,1.98,1.92,10,5,3,2,5,3
2022-11-12,2022/23,Wolverhampton Wanderers,Arsenal,0,2,2,-2,A,0,0,6.0,4.2,1.55,1.8,2.0,11,14,2,4,6,4
2022-11-13,2022/23,Brighton & Hove Albion,Aston Villa,1,2,3,-1,A,1,1,1.83,3.75,4.2,1.96,1.94,7,8,2,2,11,4
2022-11-13,2022/23,Fulham,Manchester United,1,2,3,-1,A,1,1,3.8,3.8,1.9,1.61,2.3,14,14,7,9,10,3
2022-12-26,2022/23,Arsenal,West Ham United,3,1,4,2,H,1,1,1.5,4.33,6.5,1.73,2.1,16,8,5,4,7,5
2022-12-26,2022/23,Aston Villa,Liverpool,1,3,4,-2,A,1,1,4.75,4.0,1.7,1.67,2.2,12,16,6,9,0,6
2022-12-26,2022/23,Southampton,Brighton & Hove Albion,1,3,4,-2,A,1,1,3.3,3.5,2.15,1.94,1.96,14,7,4,4,4,2
2022-12-26,2022/23,Brentford,Tottenham Hotspur,2,2,4,0,D,1,1,4.0,3.6,1.91,1.8,2.0,9,16,5,8,6,5
2022-12-26,2022/23,Everton,Wolverhampton Wanderers,1,2,3,-1,A,1,1,2.3,3.25,3.2,2.2,1.67,12,7,6,4,2,2
2022-12-26,2022/23,Crystal Palace,Fulham,0,3,3,-3,A,0,1,2.05,3.6,3.5,2.02,1.88,4,23,0,11,1,8
2022-12-26,2022/23,Leicester City,Newcastle United,0,3,3,-3,A,0,1,3.25,3.5,2.2,1.86,2.04,8,12,2,5,5,5
2022-12-27,2022/23,Chelsea,AFC Bournemouth,2,0,2,2,H,0,0,1.3,5.5,10.0,1.67,2.2,15,9,5,4,6,8
2022-12-27,2022/23,Manchester United,Nottingham Forest,3,0,3,3,H,0,1,1.29,5.5,11.0,1.67,2.2,17,8,8,3,9,9
2022-12-28,2022/23,Leeds United,Manchester City,1,3,4,-2,A,1,1,9.5,6.0,1.29,1.44,2.75,9,26,1,9,3,5
2022-12-30,2022/23,West Ham United,Brentford,0,2,2,-2,A,0,0,2.0,3.6,3.6,1.98,1.95,20,9,5,6,8,1
2022-12-30,2022/23,Liverpool,Leicester City,2,1,3,1,H,1,1,1.29,6.0,9.5,1.44,2.75,21,7,5,2,4,5
2022-12-31,2022/23,Brighton & Hove Albion,Arsenal,2,4,6,-2,A,1,1,3.4,3.5,2.1,1.89,2.04,9,14,5,7,7,4
2022-12-31,2022/23,Manchester City,Everton,1,1,2,0,D,1,0,1.13,9.0,19.0,1.36,3.2,16,2,3,1,7,1
2022-12-31,2022/23,Newcastle United,Leeds United,0,0,0,0,D,0,0,1.45,4.5,7.0,1.62,2.3,16,8,5,1,9,3
2022-12-31,2022/23,AFC Bournemouth,Crystal Palace,0,2,2,-2,A,0,0,2.8,3.3,2.5,2.1,1.73,6,15,2,6,2,7
2022-12-31,2022/23,Wolverhampton Wanderers,Manchester United,0,1,1,-1,A,0,0,4.0,3.6,1.91,2.03,1.9,10,16,3,6,7,5
2022-12-31,2022/23,Fulham,Southampton,2,1,3,1,H,1,1,1.95,3.6,3.75,1.73,2.1,8,9,2,3,4,4
2023-01-01,2022/23,Tottenham Hotspur,Aston Villa,0,2,2,-2,A,0,0,1.67,4.0,5.0,1.8,2.0,6,13,2,4,5,3
2023-01-01,2022/23,Nottingham Forest,Chelsea,1,1,2,0,D,1,0,5.0,3.8,1.7,2.02,1.91,12,7,5,2,1,2
2023-01-02,2022/23,Brentford,Liverpool,3,1,4,2,H,1,1,5.5,4.33,1.55,1.57,2.38,10,16,7,6,4,9
2023-01-03,2022/23,Arsenal,Newcastle United,0,0,0,0,D,0,0,1.8,3.8,4.33,1.8,2.0,17,8,4,1,5,5
2023-01-03,2022/23,Everton,Brighton & Hove Albion,1,4,5,-3,A,1,1,3.5,3.5,2.1,2.02,1.88,10,19,4,8,5,2
2023-01-03,2022/23,Leicester City,Fulham,0,1,1,-1,A,0,0,2.2,3.6,3.1,1.73,2.1,15,11,6,2,6,3
2023-01-03,2022/23,Manchester United,AFC Bournemouth,3,0,3,3,H,0,1,1.29,5.5,11.0,1.53,2.5,18,7,6,4,6,5
2023-01-04,2022/23,Southampton,Nottingham Forest,0,1,1,-1,A,0,0,2.0,3.5,3.8,2.06,1.84,8,11,0,1,6,2
2023-01-04,2022/23,Leeds United,West Ham United,2,2,4,0,D,1,1,2.6,3.5,2.6,1.8,2.0,14,15,6,2,8,1
2023-01-04,2022/23,Aston Villa,Wolverhampton Wanderers,1,1,2,0,D,1,0,1.95,3.6,4.0,2.08,1.82,13,10,4,3,7,8
2023-01-04,2022/23,Crystal Palace,Tottenham Hotspur,0,4,4,-4,A,0,1,3.4,3.5,2.15,1.92,1.98,19,14,4,6,10,4
2023-01-05,2022/23,Chelsea,Manchester City,0,1,1,-1,A,0,0,5.0,4.0,1.67,1.8,2.0,8,12,2,3,3,2
2023-01-12,2022/23,Fulham,Chelsea,2,1,3,1,H,1,1,3.3,3.5,2.15,1.87,2.03,8,20,3,10,5,7
2023-01-13,2022/23,Aston Villa,Leeds United,2,1,3,1,H,1,1,1.91,3.6,4.0,1.8,2.0,11,16,5,4,0,11
2023-01-14,2022/23,Manchester United,Manchester City,2,1,3,1,H,1,1,4.2,3.6,1.85,1.73,2.1,8,5,4,1,1,2
2023-01-14,2022/23,Brighton & Hove Albion,Liverpool,3,0,3,3,H,0,1,3.4,3.6,2.1,1.57,2.38,16,6,9,2,7,1
2023-01-14,2022/23,Everton,Southampton,1,2,3,-1,A,1,1,2.25,3.25,3.3,2.1,1.73,12,13,4,5,6,4
2023-01-14,2022/23,Nottingham Forest,Leicester City,2,0,2,2,H,0,0,2.7,3.3,2.63,2.03,1.87,15,6,5,1,3,5
2023-01-14,2022/23,Wolverhampton Wanderers,West Ham United,1,0,1,1,H,0,0,2.63,3.3,2.7,2.2,1.67,17,16,4,4,4,3
2023-01-14,2022/23,Brentford,AFC Bournemouth,2,0,2,2,H,0,0,1.65,4.0,5.25,1.8,2.0,12,7,4,2,5,3
2023-01-15,2022/23,Chelsea,Crystal Palace,1,0,1,1,H,0,0,1.62,4.0,5.25,2.02,1.88,15,10,5,5,11,7
2023-01-15,2022/23,Newcastle United,Fulham,1,0,1,1,H,0,0,1.5,4.33,6.5,1.73,2.1,20,5,5,0,10,5
2023-01-15,2022/23,Tottenham Hotspur,Arsenal,0,2,2,-2,A,0,0,3.1,3.6,2.2,1.8,2.0,17,14,7,5,4,3
2023-01-18,2022/23,Crystal Palace,Manchester United,1,1,2,0,D,1,0,4.5,3.6,1.8,1.97,1.93,10,15,5,4,3,3
2023-01-19,2022/23,Manchester City,Tottenham Hotspur,4,2,6,2,H,1,1,1.36,5.0,8.5,1.53,2.5,16,9,6,3,8,3
2023-01-21,2022/23,Crystal Palace,Newcastle United,0,0,0,0,D,0,0,4.4,3.5,1.85,2.1,1.73,6,16,1,7,3,15
2023-01-21,2022/23,West Ham United,Everton,2,0,2,2,H,0,0,1.8,3.75,4.75,2.1,1.73,11,5,4,2,4,9
2023-01-21,2022/23,Southampton,Aston Villa,0,1,1,-1,A,0,0,2.88,3.25,2.55,2.1,1.73,8,16,5,5,2,2
2023-01-21,2022/23,Liverpool,Chelsea,0,0,0,0,D,0,0,1.85,3.75,4.0,1.73,2.1,15,11,3,2,5,5
2023-01-21,2022/23,AFC Bournemouth,Nottingham Forest,1,1,2,0,D,1,0,2.75,3.1,2.75,2.3,1.62,16,20,4,5,4,6
2023-01-21,2022/23,Leicester City,Brighton & Hove Albion,2,2,4,0,D,1,1,3.6,3.5,2.05,1.86,2.04,9,13,2,4,5,6
2023-01-22,2022/23,Leeds United,Brentford,0,0,0,0,D,0,0,2.38,3.6,2.88,1.67,2.2,9,6,5,0,2,3
2023-01-22,2022/23,Manchester City,Wolverhampton Wanderers,3,0,3,3,H,0,1,1.2,8.0,11.0,1.5,2.63,13,10,7,1,5,7
2023-01-22,2022/23,Arsenal,Manchester United,3,2,5,1,H,1,1,1.8,3.8,4.2,1.73,2.1,25,6,5,4,12,4
2023-01-23,2022/23,Fulham,Tottenham Hotspur,0,1,1,-1,A,0,0,3.3,3.6,2.1,1.73,2.1,10,10,5,3,3,8
2023-02-03,2022/23,Chelsea,Fulham,0,0,0,0,D,0,0,1.62,4.0,5.25,1.91,1.99,12,10,3,4,6,2
2023-02-04,2022/23,Everton,Arsenal,1,0,1,1,H,0,0,8.5,4.5,1.4,1.87,2.03,12,15,4,3,7,5
2023-02-04,2022/23,Aston Villa,Leicester City,2,4,6,-2,A,1,1,1.95,3.6,3.8,1.94,1.96,19,9,4,5,11,3
2023-02-04,2022/23,Brentford,Southampton,3,0,3,3,H,0,1,1.85,3.6,4.2,2.04,1.86,14,14,4,6,4,4
2023-02-04,2022/23,Brighton & Hove Albion,AFC Bournemouth,1,0,1,1,H,0,0,1.33,5.25,8.5,1.73,2.1,20,12,6,2,7,3
2023-02-04,2022/23,Manchester United,Crystal Palace,2,1,3,1,H,1,1,1.4,4.75,8.0,1.88,2.02,14,10,5,3,5,5
2023-02-04,2022/23,Wolverhampton Wanderers,Liverpool,3,0,3,3,H,0,1,4.0,3.8,1.85,1.8,2.0,12,22,6,4,2,7
2023-02-04,2022/23,Newcastle United,West Ham United,1,1,2,0,D,1,0,1.6,3.8,6.0,2.0,1.8,8,10,2,1,4,2
2023-02-05,2022/23,Nottingham Forest,Leeds United,1,0,1,1,H,0,0,2.63,3.3,2.7,1.94,1.96,6,10,2,4,0,2
2023-02-05,2022/23,Tottenham Hotspur,Manchester City,1,0,1,1,H,0,0,4.33,4.2,1.73,1.67,2.2,12,15,3,5,4,6
2023-02-08,2022/23,Manchester United,Leeds United,2,2,4,0,D,1,1,1.45,5.0,6.0,1.57,2.38,24,8,7,2,6,5
2023-02-11,2022/23,West Ham United,Chelsea,1,1,2,0,D,1,0,3.3,3.3,2.25,2.2,1.67,10,12,2,4,5,6
2023-02-11,2022/23,Arsenal,Brentford,1,1,2,0,D,1,0,1.44,4.75,7.0,1.73,2.1,23,9,7,2,7,4
2023-02-11,2022/23,Crystal Palace,Brighton & Hove Albion,1,1,2,0,D,1,0,3.8,3.5,2.0,2.0,1.8,6,17,1,7,1,6
2023-02-11,2022/23,Fulham,Nottingham Forest,2,0,2,2,H,0,0,1.91,3.5,4.33,2.1,1.73,16,10,3,1,5,4
2023-02-11,2022/23,Leicester City,Tottenham Hotspur,4,1,5,3,H,1,1,3.4,3.6,2.1,1.73,2.1,15,11,7,4,1,5
2023-02-11,2022/23,Southampton,Wolverhampton Wanderers,1,2,3,-1,A,1,1,2.9,3.2,2.55,2.3,1.62,17,11,2,2,5,2
2023-02-11,2022/23,AFC Bournemouth,Newcastle United,1,1,2,0,D,1,0,6.5,4.0,1.53,2.04,1.86,11,15,5,7,4,6
2023-02-12,2022/23,Leeds United,Manchester United,0,2,2,-2,A,0,0,3.75,3.8,1.91,1.67,2.2,16,11,6,5,7,3
2023-02-12,2022/23,Manchester City,Aston Villa,3,1,4,2,H,1,1,1.25,6.5,11.0,1.5,2.63,17,6,9,2,8,4
2023-02-13,2022/23,Liverpool,Everton,2,0,2,2,H,0,0,1.5,4.33,6.5,1.73,2.1,15,6,6,1,3,3
2023-02-15,2022/23,Arsenal,Manchester City,1,3,4,-2,A,1,1,2.9,3.5,2.35,1.88,2.02,10,9,1,6,1,3
2023-02-18,2022/23,Newcastle United,Liverpool,0,2,2,-2,A,0,0,2.5,3.5,2.7,1.8,2.0,14,13,4,7,6,7
2023-02-18,2022/23,Wolverhampton Wanderers,AFC Bournemouth,0,1,1,-1,A,0,0,1.67,3.6,6.0,2.1,1.73,15,5,4,1,12,2
2023-02-18,2022/23,Nottingham Forest,Manchester City,1,1,2,0,D,1,0,8.5,5.5,1.3,1.62,2.3,4,26,1,6,0,10
2023-02-18,2022/23,Everton,Leeds United,1,0,1,1,H,0,0,2.4,3.3,3.0,2.1,1.73,15,8,6,0,6,4
2023-02-18,2022/23,Chelsea,Southampton,0,1,1,-1,A,0,0,1.4,4.75,8.5,1.98,1.92,17,8,5,5,8,2
2023-02-18,2022/23,Brighton & Hove Albion,Fulham,0,1,1,-1,A,0,0,1.65,3.8,5.5,1.73,2.1,21,5,7,2,10,2
2023-02-18,2022/23,Brentford,Crystal Palace,1,1,2,0,D,1,0,1.83,3.5,4.5,2.1,1.73,12,10,5,4,2,6
2023-02-18,2022/23,Aston Villa,Arsenal,2,4,6,-2,A,1,1,4.5,3.6,1.5,2.02,1.88,7,20,5,5,2,9
2023-02-19,2022/23,Manchester United,Leicester City,3,0,3,3,H,0,1,1.62,4.33,5.25,1.62,2.3,26,19,8,3,6,6
2023-02-19,2022/23,Tottenham Hotspur,West Ham United,2,0,2,2,H,0,0,1.75,3.6,4.75,1.88,2.02,16,6,6,1,4,7
2023-02-24,2022/23,Fulham,Wolverhampton Wanderers,1,1,2,0,D,1,0,2.5,3.2,3.0,2.2,1.67,10,8,5,2,4,3
2023-02-25,2022/23,Everton,Aston Villa,0,2,2,-2,A,0,0,2.5,3.2,3.0,2.3,1.62,15,9,5,5,5,1
2023-02-25,2022/23,Leeds United,Southampton,1,0,1,1,H,0,0,1.95,3.5,4.0,2.05,1.85,14,8,4,2,9,2
2023-02-25,2022/23,Leicester City,Arsenal,0,1,1,-1,A,0,0,4.75,4.0,1.7,1.67,2.2,1,10,0,2,0,8
2023-02-25,2022/23,West Ham United,Nottingham Forest,4,0,4,4,H,0,1,1.75,3.6,5.0,2.2,1.67,18,8,5,3,12,3
2023-02-25,2022/23,AFC Bournemouth,Manchester City,1,4,5,-3,A,1,1,10.0,5.75,1.29,1.57,2.38,13,20,2,5,4,6
2023-02-25,2022/23,Crystal Palace,Liverpool,0,0,0,0,D,0,0,4.75,3.8,1.73,1.85,2.05,6,12,0,4,5,3
2023-02-26,2022/23,Tottenham Hotspur,Chelsea,2,0,2,2,H,0,0,2.55,3.25,2.9,2.08,1.82,8,10,3,2,4,4
2023-03-01,2022/23,Liverpool,Wolverhampton Wanderers,2,0,2,2,H,0,0,1.5,4.75,6.0,1.73,2.1,15,4,6,1,5,2
2023-03-01,2022/23,Arsenal,Everton,4,0,4,4,H,0,1,1.36,4.75,10.0,1.85,2.05,15,8,5,5,5,1
2023-03-04,2022/23,Manchester City,Newcastle United,2,0,2,2,H,0,0,1.45,4.5,7.0,1.73,2.1,11,5,3,2,8,4
2023-03-04,2022/23,Arsenal,AFC Bournemouth,3,2,5,1,H,1,1,1.22,7.0,12.0,1.57,2.38,31,4,9,4,17,1
2023-03-04,2022/23,Aston Villa,Crystal Palace,1,0,1,1,H,0,0,2.05,3.3,3.8,2.3,1.62,8,3,1,0,2,4
2023-03-04,2022/23,Brighton & Hove Albion,West Ham United,4,0,4,4,H,0,1,1.8,3.6,4.5,1.95,1.95,20,3,9,2,7,3
2023-03-04,2022/23,Chelsea,Leeds United,1,0,1,1,H,0,0,1.62,4.0,5.5,1.95,1.95,13,11,3,2,5,7
2023-03-04,2022/23,Wolverhampton Wanderers,Tottenham Hotspur,1,0,1,1,H,0,0,3.3,3.4,2.2,2.1,1.73,8,21,5,6,4,8
2023-03-04,2022/23,Southampton,Leicester City,1,0,1,1,H,0,0,2.75,3.3,2.6,2.06,1.84,11,11,5,0,3,4
2023-03-05,2022/23,Nottingham Forest,Everton,2,2,4,0,D,1,1,2.7,3.0,2.88,2.5,1.53,10,10,4,3,3,3
2023-03-05,2022/23,Liverpool,Manchester United,7,0,7,7,H,0,1,2.38,3.6,2.88,1.67,2.2,18,8,8,4,4,3
2023-03-06,2022/23,Brentford,Fulham,3,2,5,1,H,1,1,1.95,3.6,3.75,1.94,1.96,14,9,6,5,2,3
2023-03-11,2022/23,Crystal Palace,Manchester City,0,1,1,-1,A,0,0,9.0,4.75,1.36,1.8,2.0,4,14,0,4,2,6
2023-03-11,2022/23,Tottenham Hotspur,Nottingham Forest,3,1,4,2,H,1,1,1.44,4.75,7.0,1.88,2.05,15,9,7,5,2,10
2023-03-11,2022/23,Leicester City,Chelsea,1,3,4,-2,A,1,1,3.75,3.5,1.95,2.02,1.91,17,12,7,6,2,5
2023-03-11,2022/23,Leeds United,Brighton & Hove Albion,2,2,4,0,D,1,1,3.75,3.6,1.95,1.89,2.04,12,14,4,2,4,7
2023-03-11,2022/23,Everton,Brentford,1,0,1,1,H,0,0,2.7,3.25,2.7,2.2,1.67,13,12,6,4,5,8
2023-03-11,2022/23,AFC Bournemouth,Liverpool,1,0,1,1,H,0,0,7.5,5.0,1.4,1.62,2.3,5,15,2,6,3,8
2023-03-12,2022/23,Fulham,Arsenal,0,3,3,-3,A,0,1,6.0,4.0,1.57,1.85,2.08,12,15,2,7,4,8
2023-03-12,2022/23,Manchester United,Southampton,0,0,0,0,D,0,0,1.36,5.0,9.0,1.62,2.3,10,17,4,4,7,8
2023-03-12,2022/23,West Ham United,Aston Villa,1,1,2,0,D,1,0,2.2,3.3,3.4,2.08,1.85,17,12,6,4,13,2
2023-03-12,2022/23,Newcastle United,Wolverhampton Wanderers,2,1,3,1,H,1,1,1.65,3.75,5.5,2.2,1.67,19,7,8,4,10,3
2023-03-15,2022/23,Brighton & Hove Albion,Crystal Palace,1,0,1,1,H,0,0,1.44,4.2,8.0,1.93,1.97,11,11,5,3,1,4
2023-03-15,2022/23,Southampton,Brentford,0,2,2,-2,A,0,0,2.88,3.25,2.5,2.1,1.73,7,11,1,5,3,3
2023-03-17,2022/23,Nottingham Forest,Newcastle United,1,2,3,-1,A,1,1,5.5,3.8,1.62,2.07,1.83,5,15,3,4,3,7
2023-03-18,2022/23,Chelsea,Everton,2,2,4,0,D,1,1,1.5,4.2,7.5,2.1,1.73,20,12,7,3,8,2
2023-03-18,2022/23,Southampton,Tottenham Hotspur,3,3,6,0,D,1,1,4.75,3.6,1.75,2.06,1.84,19,17,7,3,10,3
2023-03-18,2022/23,Wolverhampton Wanderers,Leeds United,2,4,6,-2,A,1,1,2.25,3.2,3.3,2.2,1.67,23,11,8,4,5,4
2023-03-18,2022/23,Aston Villa,AFC Bournemouth,3,0,3,3,H,0,1,1.7,3.8,5.0,1.97,1.93,20,10,9,3,9,6
2023-03-18,2022/23,Brentford,Leicester City,1,1,2,0,D,1,0,1.91,3.6,3.75,1.89,2.01,11,14,2,1,8,4
2023-03-19,2022/23,Arsenal,Crystal Palace,4,1,5,3,H,1,1,1.25,5.5,15.0,1.73,2.1,15,8,5,4,5,4
2023-04-01,2022/23,Manchester City,Liverpool,4,1,5,3,H,1,1,1.62,4.2,5.0,1.67,2.2,17,4,8,1,7,1
2023-04-01,2022/23,Arsenal,Leeds United,4,1,5,3,H,1,1,1.29,6.0,9.0,1.53,2.5,13,7,6,5,4,3
2023-04-01,2022/23,AFC Bournemouth,Fulham,2,1,3,1,H,1,1,2.55,3.3,2.8,2.0,1.8,12,10,7,2,4,3
2023-04-01,2022/23,Brighton & Hove Albion,Brentford,3,3,6,0,D,1,1,1.67,4.0,5.0,1.73,2.1,33,7,15,5,14,0
2023-04-01,2022/23,Crystal Palace,Leicester City,2,1,3,1,H,1,1,2.5,3.25,2.9,2.1,1.73,31,3,9,2,10,1
2023-04-01,2022/23,Nottingham Forest,Wolverhampton Wanderers,1,1,2,0,D,1,0,3.0,3.1,2.55,2.38,1.57,17,8,7,1,4,3
2023-04-01,2022/23,Chelsea,Aston Villa,0,2,2,-2,A,0,0,1.67,3.8,5.25,1.97,1.93,27,5,8,2,13,2
2023-04-02,2022/23,West Ham United,Southampton,1,0,1,1,H,0,0,1.73,3.6,5.0,2.0,1.8,12,9,2,3,5,3
2023-04-02,2022/23,Newcastle United,Manchester United,2,0,2,2,H,0,0,2.4,3.4,2.9,1.95,1.95,22,6,6,1,7,4
2023-04-03,2022/23,Everton,Tottenham Hotspur,1,1,2,0,D,1,0,3.4,3.3,2.2,2.1,1.73,15,8,6,2,3,3
2023-04-04,2022/23,Leicester City,Aston Villa,1,2,3,-1,A,1,1,2.55,3.3,2.75,1.99,1.91,9,15,4,5,4,8
2023-04-04,2022/23,Chelsea,Liverpool,0,0,0,0,D,0,0,2.2,3.4,3.25,1.95,1.95,12,7,3,4,3,5
2023-04-04,2022/23,AFC Bournemouth,Brighton & Hove Albion,0,2,2,-2,A,0,0,6.0,4.2,1.53,1.8,2.0,14,16,3,6,5,5
2023-04-04,2022/23,Leeds United,Nottingham Forest,2,1,3,1,H,1,1,1.7,3.75,5.0,1.98,1.92,21,13,6,1,11,4
2023-04-05,2022/23,Manchester United,Brentford,1,0,1,1,H,0,0,1.65,4.0,5.0,1.73,2.1,18,6,3,1,12,3
2023-04-05,2022/23,West Ham United,Newcastle United,1,5,6,-4,A,1,1,3.6,3.25,2.15,2.1,1.73,7,15,2,8,7,6
2023-04-08,2022/23,Southampton,Manchester City,1,4,5,-3,A,1,1,11.0,6.0,1.25,1.62,2.3,4,13,1,8,0,10
2023-04-08,2022/23,Wolverhampton Wanderers,Chelsea,1,0,1,1,H,0,0,4.2,3.5,1.91,2.2,1.67,9,13,4,1,8,8
2023-04-08,2022/23,Tottenham Hotspur,Brighton & Hove Albion,2,1,3,1,H,1,1,2.55,3.5,2.7,1.85,2.05,9,17,3,4,3,7
2023-04-08,2022/23,Leicester City,AFC Bournemouth,0,1,1,-1,A,0,0,1.83,3.75,4.2,1.88,2.02,14,19,4,7,6,6
2023-04-08,2022/23,Brentford,Newcastle United,1,2,3,-1,A,1,1,3.6,3.4,2.05,2.03,1.87,12,10,6,4,6,5
2023-04-08,2022/23,Aston Villa,Nottingham Forest,2,0,2,2,H,0,0,1.6,4.2,5.25,1.94,1.96,8,6,3,2,1,8
2023-04-08,2022/23,Manchester United,Everton,2,0,2,2,H,0,0,1.5,4.33,6.5,1.86,2.04,29,15,11,1,10,4
2023-04-08,2022/23,Fulham,West Ham United,0,1,1,-1,A,0,0,2.8,3.25,2.63,2.2,1.67,16,9,3,5,11,4
2023-04-09,2022/23,Leeds United,Crystal Palace,1,5,6,-4,A,1,1,2.1,3.4,3.6,2.1,1.73,11,16,7,8,2,4
2023-04-09,2022/23,Liverpool,Arsenal,2,2,4,0,D,1,1,2.88,3.6,2.38,1.62,2.3,21,9,6,5,5,4
2023-04-15,2022/23,Manchester City,Leicester City,3,1,4,2,H,1,1,1.14,8.5,15.0,1.33,3.4,12,10,4,4,6,2
2023-04-15,2022/23,Wolverhampton Wanderers,Brentford,2,0,2,2,H,0,0,2.45,3.1,3.0,2.2,1.67,11,10,9,3,5,2
2023-04-15,2022/23,Tottenham Hotspur,AFC Bournemouth,2,3,5,-1,A,1,1,1.45,4.5,7.0,1.67,2.2,24,6,8,6,8,1
2023-04-15,2022/23,Chelsea,Brighton & Hove Albion,1,2,3,-1,A,1,1,2.63,3.4,2.63,1.94,1.96,8,26,2,10,2,8
2023-04-15,2022/23,Everton,Fulham,1,3,4,-2,A,1,1,2.05,3.4,3.7,2.2,1.67,15,21,7,7,4,8
2023-04-15,2022/23,Aston Villa,Newcastle United,3,0,3,3,H,0,1,3.6,3.4,2.05,2.07,1.83,16,8,6,2,7,2
2023-04-15,2022/23,Southampton,Crystal Palace,0,2,2,-2,A,0,0,2.8,3.1,2.7,2.3,1.62,11,9,4,2,6,2
2023-04-16,2022/23,West Ham United,Arsenal,2,2,4,0,D,1,1,6.0,4.2,1.55,1.8,2.0,16,11,3,5,7,2
2023-04-16,2022/23,Nottingham Forest,Manchester United,0,2,2,-2,A,0,0,5.5,4.0,1.62,1.8,2.0,6,22,0,8,4,9
2023-04-17,2022/23,Leeds United,Liverpool,1,6,7,-5,A,1,1,4.2,4.2,1.73,1.57,2.38,13,13,3,7,4,2
2023-04-21,2022/23,Arsenal,Southampton,3,3,6,0,D,1,1,1.2,7.0,13.0,1.5,2.63,25,8,6,6,7,2
2023-04-22,2022/23,Liverpool,Nottingham Forest,3,2,5,1,H,1,1,1.17,7.5,17.0,1.44,2.75,18,11,6,5,9,3
2023-04-22,2022/23,Fulham,Leeds United,2,1,3,1,H,1,1,2.3,3.4,3.1,1.92,1.98,12,10,5,2,8,6
2023-04-22,2022/23,Brentford,Aston Villa,1,1,2,0,D,1,0,2.5,3.25,2.88,2.0,1.9,6,14,5,2,8,4
2023-04-22,2022/23,Crystal Palace,Everton,0,0,0,0,D,0,0,2.05,3.2,3.75,2.3,1.62,12,10,2,5,8,1
2023-04-22,2022/23,Leicester City,Wolverhampton Wanderers,2,1,3,1,H,1,1,2.38,3.3,3.0,2.1,1.73,15,16,8,3,1,7
2023-04-23,2022/23,Newcastle United,Tottenham Hotspur,6,1,7,5,H,1,1,1.83,3.75,4.2,1.86,2.04,25,11,8,3,9,3
2023-04-23,2022/23,AFC Bournemouth,West Ham United,0,4,4,-4,A,0,1,2.88,3.2,2.55,2.1,1.73,17,18,5,10,8,5
2023-04-25,2022/23,Wolverhampton Wanderers,Crystal Palace,2,0,2,2,H,0,0,2.45,3.2,3.0,2.5,1.53,9,14,3,4,6,11
2023-04-25,2022/23,Aston Villa,Fulham,1,0,1,1,H,0,0,1.75,4.0,4.2,1.81,2.09,14,1,3,0,8,2
2023-04-25,2022/23,Leeds United,Leicester City,1,1,2,0,D,1,0,2.3,3.5,3.0,1.73,2.1,13,15,3,3,3,6
2023-04-26,2022/23,Nottingham Forest,Brighton & Hove Albion,3,1,4,2,H,1,1,6.0,4.2,1.53,1.73,2.1,12,17,5,7,2,7
2023-04-26,2022/23,Chelsea,Brentford,0,2,2,-2,A,0,0,1.7,4.0,4.75,2.0,1.9,15,7,4,1,5,2
2023-04-26,2022/23,West Ham United,Liverpool,1,2,3,-1,A,1,1,3.9,3.9,1.85,1.67,2.2,7,20,2,4,3,6
2023-04-26,2022/23,Manchester City,Arsenal,4,1,5,3,H,1,1,1.55,4.5,5.25,1.62,2.3,14,8,9,2,1,3
2023-04-27,2022/23,Everton,Newcastle United,1,4,5,-3,A,1,1,4.75,3.6,1.73,2.0,1.8,13,15,5,8,3,14
2023-04-27,2022/23,Southampton,AFC Bournemouth,0,1,1,-1,A,0,0,2.25,3.4,3.2,2.03,1.87,11,16,2,2,6,4
2023-04-27,2022/23,Tottenham Hotspur,Manchester United,2,2,4,0,D,1,1,2.8,3.6,2.4,1.67,2.2,18,17,7,8,6,8
2023-04-29,2022/23,Crystal Palace,West Ham United,4,3,7,1,H,1,1,2.63,3.25,2.75,2.2,1.67,16,8,6,4,8,5
2023-04-29,2022/23,Brentford,Nottingham Forest,2,1,3,1,H,1,1,1.65,3.8,5.5,1.99,1.91,14,5,8,3,6,0
2023-04-29,2022/23,Brighton & Hove Albion,Wolverhampton Wanderers,6,0,6,6,H,0,1,1.5,4.33,6.5,1.85,2.05,22,10,8,2,2,5
2023-04-30,2022/23,Liverpool,Tottenham Hotspur,4,3,7,1,H,1,1,1.53,4.5,5.75,1.5,2.63,12,10,4,7,5,2
2023-04-30,2022/23,Newcastle United,Southampton,3,1,4,2,H,1,1,1.3,5.25,10.0,1.73,2.1,22,4,5,3,11,2
2023-04-30,2022/23,Manchester United,Aston Villa,1,0,1,1,H,0,0,1.73,3.9,4.6,1.67,2.2,14,7,6,1,1,4
2023-04-30,2022/23,Fulham,Manchester City,1,2,3,-1,A,1,1,12.0,6.0,1.25,1.53,2.5,4,12,1,9,2,5
2023-04-30,2022/23,AFC Bournemouth,Leeds United,4,1,5,3,H,1,1,2.55,3.5,2.7,1.8,2.0,12,15,7,6,2,6
2023-05-01,2022/23,Leicester City,Everton,2,2,4,0,D,1,1,2.0,3.5,3.75,2.07,1.83,15,23,6,8,2,9
2023-05-02,2022/23,Arsenal,Chelsea,3,1,4,2,H,1,1,1.6,4.0,5.5,1.73,2.1,16,7,10,4,7,2
2023-05-03,2022/23,Liverpool,Fulham,1,0,1,1,H,0,0,1.25,5.75,11.0,1.44,2.75,15,9,3,3,7,5
2023-05-03,2022/23,Manchester City,West Ham United,3,0,3,3,H,0,1,1.2,7.0,13.0,1.44,2.75,16,6,7,2,6,3
2023-05-04,2022/23,Brighton & Hove Albion,Manchester United,1,0,1,1,H,0,0,1.95,3.5,3.75,1.57,2.38,22,16,6,5,8,6
2023-05-06,2022/23,AFC Bournemouth,Chelsea,1,3,4,-2,A,1,1,3.3,3.5,2.15,1.99,1.91,10,11,4,5,7,7
2023-05-06,2022/23,Manchester City,Leeds United,2,1,3,1,H,1,1,1.17,8.5,15.0,1.3,3.5,18,4,6,2,10,1
2023-05-06,2022/23,Tottenham Hotspur,Crystal Palace,1,0,1,1,H,0,0,1.8,3.8,4.2,1.73,2.1,8,7,3,2,8,4
2023-05-06,2022/23,Wolverhampton Wanderers,Aston Villa,1,0,1,1,H,0,0,2.88,3.3,2.5,2.2,1.67,6,16,2,3,5,6
2023-05-06,2022/23,Liverpool,Brentford,1,0,1,1,H,0,0,1.44,5.0,6.0,1.5,2.63,15,5,5,1,7,3
2023-05-07,2022/23,Newcastle United,Arsenal,0,2,2,-2,A,0,0,2.45,3.75,2.63,1.62,2.3,12,10,5,6,9,4
2023-05-07,2022/23,West Ham United,Manchester United,1,0,1,1,H,0,0,3.4,3.75,2.05,1.73,2.1,15,19,4,4,5,6
2023-05-08,2022/23,Nottingham Forest,Southampton,4,3,7,1,H,1,1,2.1,3.6,3.4,2.03,1.87,9,19,4,5,2,11
2023-05-08,2022/23,Fulham,Leicester City,5,3,8,2,H,1,1,2.63,3.5,2.6,1.86,2.04,17,18,7,9,2,7
2023-05-08,2022/23,Brighton & Hove Albion,Everton,1,5,6,-4,A,1,1,1.33,5.25,9.0,1.57,2.38,23,10,5,5,15,1
2023-05-13,2022/23,Leeds United,Newcastle United,2,2,4,0,D,1,1,4.33,4.2,1.7,1.62,2.3,9,18,4,5,2,6
2023-05-13,2022/23,Aston Villa,Tottenham Hotspur,2,1,3,1,H,1,1,2.25,3.6,2.9,1.73,2.1,8,5,4,2,8,3
2023-05-13,2022/23,Chelsea,Nottingham Forest,2,2,4,0,D,1,1,1.5,4.5,6.0,1.86,2.04,14,11,6,2,2,5
2023-05-13,2022/23,Crystal Palace,AFC Bournemouth,2,0,2,2,H,0,0,1.83,3.6,4.2,1.94,1.96,17,5,5,0,11,2
2023-05-13,2022/23,Manchester United,Wolverhampton Wanderers,2,0,2,2,H,0,0,1.36,5.0,7.5,1.67,2.2,27,5,9,0,11,7
2023-05-13,2022/23,Southampton,Fulham,0,2,2,-2,A,0,0,2.75,3.3,2.5,1.91,1.99,5,9,1,4,1,8
2023-05-14,2022/23,Brentford,West Ham United,2,0,2,2,H,0,0,2.0,3.5,3.6,2.0,1.9,24,4,10,4,7,5
2023-05-14,2022/23,Everton,Manchester City,0,3,3,-3,A,0,1,9.0,4.75,1.36,1.67,2.2,7,9,3,4,8,6
2023-05-14,2022/23,Arsenal,Brighton & Hove Albion,0,3,3,-3,A,0,1,1.73,4.2,4.2,1.53,2.5,14,12,2,6,5,2
2023-05-15,2022/23,Leicester City,Liverpool,0,3,3,-3,A,0,1,5.25,4.33,1.57,1.5,2.63,4,16,4,5,4,4
2023-05-18,2022/23,Newcastle United,Brighton & Hove Albion,4,1,5,3,H,1,1,2.0,3.8,3.5,1.62,2.3,22,8,9,2,6,1
2023-05-20,2022/23,Fulham,Crystal Palace,2,2,4,0,D,1,1,2.45,3.4,2.9,2.05,1.85,11,11,4,5,7,4
2023-05-20,2022/23,Nottingham Forest,Arsenal,1,0,1,1,H,0,0,5.25,4.33,1.57,1.57,2.38,6,11,2,3,3,6
2023-05-20,2022/23,Wolverhampton Wanderers,Everton,1,1,2,0,D,1,0,2.75,3.3,2.6,2.1,1.73,13,19,5,4,1,7
2023-05-20,2022/23,Tottenham Hotspur,Brentford,1,3,4,-2,A,1,1,1.83,3.9,4.0,1.73,2.1,22,11,8,4,8,2
2023-05-20,2022/23,AFC Bournemouth,Manchester United,0,1,1,-1,A,0,0,6.0,4.75,1.5,1.57,2.38,10,20,4,5,3,6
2023-05-20,2022/23,Liverpool,Aston Villa,1,1,2,0,D,1,0,1.45,5.0,6.25,1.53,2.5,10,6,5,3,9,4
2023-05-21,2022/23,West Ham United,Leeds United,3,1,4,2,H,1,1,2.4,3.5,2.88,1.8,2.0,19,12,9,3,9,5
2023-05-21,2022/23,Brighton & Hove Albion,Southampton,3,1,4,2,H,1,1,1.22,7.0,11.0,1.4,3.0,26,5,8,1,4,3
2023-05-21,2022/23,Manchester City,Chelsea,1,0,1,1,H,0,0,1.25,6.0,11.0,1.5,2.63,15,13,2,6,5,2
2023-05-22,2022/23,Newcastle United,Leicester City,0,0,0,0,D,0,0,1.36,5.5,7.0,1.5,2.63,23,1,4,1,12,1
2023-05-24,2022/23,Brighton & Hove Albion,Manchester City,1,1,2,0,D,1,0,4.0,4.33,1.75,1.53,2.5,20,13,7,4,5,1
2023-05-25,2022/23,Manchester United,Chelsea,4,1,5,3,H,1,1,1.6,4.33,5.0,1.57,2.38,18,14,9,5,3,4
2023-05-28,2022/23,Leicester City,West Ham United,2,1,3,1,H,1,1,1.91,3.8,3.6,1.67,2.2,13,16,4,3,3,5
2023-05-28,2022/23,Leeds United,Tottenham Hotspur,1,4,5,-3,A,1,1,2.75,3.8,2.3,1.5,2.63,19,11,2,7,12,3
2023-05-28,2022/23,Southampton,Liverpool,4,4,8,0,D,1,1,6.5,4.75,1.44,1.4,3.0,15,30,10,8,2,9
2023-05-28,2022/23,Manchester United,Fulham,2,1,3,1,H,1,1,1.5,4.33,6.0,1.5,2.63,21,10,8,3,5,4
2023-05-28,2022/23,Everton,AFC Bournemouth,1,0,1,1,H,0,0,1.5,4.5,6.5,1.67,2.2,13,7,6,2,9,3
2023-05-28,2022/23,Brentford,Manchester City,1,0,1,1,H,0,0,3.8,4.0,1.83,1.62,2.3,11,17,4,3,3,4
2023-05-28,2022/23,Chelsea,Newcastle United,1,1,2,0,D,1,0,2.9,3.5,2.38,1.73,2.1,22,13,5,4,10,3
2023-05-28,2022/23,Arsenal,Wolverhampton Wanderers,5,0,5,5,H,0,1,1.36,5.25,8.0,1.44,2.75,14,6,8,0,8,4
2023-05-28,2022/23,Crystal Palace,Nottingham Forest,1,1,2,0,D,1,0,1.67,4.0,5.0,1.67,2.2,16,7,4,4,5,4
2023-05-28,2022/23,Aston Villa,Brighton & Hove Albion,2,1,3,1,H,1,1,2.0,3.6,3.5,1.53,2.5,12,8,5,4,4,3
2023-08-11,2023/24,Burnley,Manchester City,0,3,3,-3,A,0,1,8.0,5.5,1.33,1.67,2.2,6,17,1,8,6,5
2023-08-12,2023/24,Arsenal,Nottingham Forest,2,1,3,1,H,1,1,1.18,7.0,15.0,1.44,2.75,15,6,7,2,8,3
2023-08-12,2023/24,AFC Bournemouth,West Ham United,1,1,2,0,D,1,0,2.7,3.4,2.55,1.9,2.0,14,16,5,3,10,4
2023-08-12,2023/24,Brighton & Hove Albion,Luton Town,4,1,5,3,H,1,1,1.33,5.5,9.0,1.62,2.3,27,9,12,3,6,7
2023-08-12,2023/24,Everton,Fulham,0,1,1,-1,A,0,0,2.2,3.4,3.3,2.01,1.89,19,9,9,2,10,4
2023-08-12,2023/24,Sheffield United,Crystal Palace,0,1,1,-1,A,0,0,3.0,3.3,2.38,2.2,1.67,8,24,1,8,5,5
2023-08-12,2023/24,Newcastle United,Aston Villa,5,1,6,4,H,1,1,1.75,3.75,4.6,1.73,2.1,17,16,13,6,6,5
2023-08-13,2023/24,Chelsea,Liverpool,1,1,2,0,D,1,0,2.9,3.4,2.38,1.67,2.2,10,13,4,1,4,4
2023-08-13,2023/24,Brentford,Tottenham Hotspur,2,2,4,0,D,1,1,2.75,3.4,2.45,1.73,2.1,11,18,6,6,3,6
2023-08-14,2023/24,Manchester United,Wolverhampton Wanderers,1,0,1,1,H,0,0,1.33,5.5,9.0,1.62,2.3,15,23,3,6,8,7
2023-08-18,2023/24,Nottingham Forest,Sheffield United,2,1,3,1,H,1,1,1.95,3.4,4.0,2.2,1.67,16,7,4,3,6,7
2023-08-19,2023/24,Fulham,Brentford,0,3,3,-3,A,0,1,2.7,3.3,2.63,1.96,1.94,10,17,2,8,5,5
2023-08-19,2023/24,Liverpool,AFC Bournemouth,3,1,4,2,H,1,1,1.2,7.0,13.0,1.33,3.4,26,13,10,5,10,2
2023-08-19,2023/24,Wolverhampton Wanderers,Brighton & Hove Albion,1,4,5,-3,A,1,1,4.0,3.8,1.85,1.73,2.1,16,16,5,8,5,3
2023-08-19,2023/24,Tottenham Hotspur,Manchester United,2,0,2,2,H,0,0,2.8,3.6,2.38,1.57,2.38,17,22,6,6,5,6
2023-08-19,2023/24,Manchester City,Newcastle United,1,0,1,1,H,0,0,1.67,4.0,5.0,1.73,2.1,14,7,4,1,3,0
2023-08-20,2023/24,Aston Villa,Everton,4,0,4,4,H,0,1,1.7,4.0,4.5,1.92,1.98,13,9,7,2,7,6
2023-08-20,2023/24,West Ham United,Chelsea,3,1,4,2,H,1,1,3.75,3.5,2.0,1.96,1.94,12,17,6,4,3,9
2023-08-21,2023/24,Crystal Palace,Arsenal,0,1,1,-1,A,0,0,5.5,4.0,1.6,1.94,1.96,14,14,2,3,1,8
2023-08-25,2023/24,Chelsea,Luton Town,3,0,3,3,H,0,1,1.29,5.5,11.0,1.67,2.2,19,11,8,1,6,4
2023-08-26,2023/24,Manchester United,Nottingham Forest,3,2,5,1,H,1,1,1.3,6.0,8.0,1.5,2.63,18,9,9,4,11,3
2023-08-26,2023/24,Brighton & Hove Albion,West Ham United,1,3,4,-2,A,1,1,1.53,4.75,5.25,1.5,2.63,25,12,10,3,17,4
2023-08-26,2023/24,Everton,Wolverhampton Wanderers,0,1,1,-1,A,0,0,2.3,3.3,3.2,2.1,1.73,15,11,7,2,7,0
2023-08-26,2023/24,Arsenal,Fulham,2,2,4,0,D,1,1,1.2,7.0,13.0,1.44,2.75,19,8,11,3,8,3
2023-08-26,2023/24,AFC Bournemouth,Tottenham Hotspur,0,2,2,-2,A,0,0,3.8,3.75,1.91,1.53,2.5,11,17,3,6,6,2
2023-08-26,2023/24,Brentford,Crystal Palace,1,1,2,0,D,1,0,2.15,3.4,3.5,2.1,1.73,12,15,1,5,8,6
2023-08-27,2023/24,Burnley,Aston Villa,1,3,4,-2,A,1,1,3.4,3.4,2.15,1.86,2.04,9,16,2,6,4,6
2023-08-27,2023/24,Sheffield United,Manchester City,1,2,3,-1,A,1,1,13.0,8.0,1.17,1.57,2.38,6,30,2,9,1,12
2023-08-27,2023/24,Newcastle United,Liverpool,1,2,3,-1,A,1,1,2.2,3.75,3.0,1.5,2.63,23,9,8,4,5,9
2023-09-01,2023/24,Luton Town,West Ham United,1,2,3,-1,A,1,1,4.75,3.8,1.73,1.87,2.03,16,9,1,3,9,6
2023-09-02,2023/24,Sheffield United,Everton,2,2,4,0,D,1,1,2.9,3.25,2.5,2.2,1.67,13,16,8,6,4,6
2023-09-02,2023/24,Brentford,AFC Bournemouth,2,2,4,0,D,1,1,1.73,3.8,4.75,1.73,2.1,21,12,7,5,5,2
2023-09-02,2023/24,Burnley,Tottenham Hotspur,2,5,7,-3,A,1,1,3.6,4.0,1.85,1.62,2.3,16,20,4,10,7,4
2023-09-02,2023/24,Chelsea,Nottingham Forest,0,1,1,-1,A,0,0,1.4,4.5,8.5,1.62,2.3,21,7,2,3,8,0
2023-09-02,2023/24,Manchester City,Fulham,5,1,6,4,H,1,1,1.17,8.0,15.0,1.4,3.0,7,6,5,4,4,5
2023-09-02,2023/24,Brighton & Hove Albion,Newcastle United,3,1,4,2,H,1,1,2.5,3.8,2.55,1.5,2.63,15,9,6,2,5,3
2023-09-03,2023/24,Arsenal,Manchester United,3,1,4,2,H,1,1,1.75,3.8,4.5,1.57,2.38,17,10,5,2,12,3
2023-09-03,2023/24,Crystal Palace,Wolverhampton Wanderers,3,2,5,1,H,1,1,1.91,3.3,4.33,2.2,1.67,16,12,11,4,4,2
2023-09-03,2023/24,Liverpool,Aston Villa,3,0,3,3,H,0,1,1.65,4.5,4.5,1.4,3.0,17,9,4,3,7,3
2023-09-16,2023/24,Wolverhampton Wanderers,Liverpool,1,3,4,-2,A,1,1,6.0,5.0,1.45,1.44,2.75,11,16,2,6,4,4
2023-09-16,2023/24,Aston Villa,Crystal Palace,3,1,4,2,H,1,1,1.91,3.6,4.0,1.89,2.01,16,6,5,3,4,2
2023-09-16,2023/24,Fulham,Luton Town,1,0,1,1,H,0,0,1.67,3.75,5.5,1.89,2.01,13,7,2,2,6,2
2023-09-16,2023/24,Manchester United,Brighton & Hove Albion,1,3,4,-2,A,1,1,2.15,4.0,2.88,1.44,2.75,14,10,4,8,8,1
2023-09-16,2023/24,Tottenham Hotspur,Sheffield United,2,1,3,1,H,1,1,1.29,5.5,11.0,1.5,2.63,28,7,10,5,15,2
2023-09-16,2023/24,West Ham United,Manchester City,1,3,4,-2,A,1,1,7.0,4.5,1.45,1.62,2.3,6,29,3,15,4,11
2023-09-16,2023/24,Newcastle United,Brentford,1,0,1,1,H,0,0,1.53,4.2,6.0,1.67,2.2,9,11,2,2,8,3
2023-09-17,2023/24,AFC Bournemouth,Chelsea,0,0,0,0,D,0,0,4.33,3.75,1.8,1.67,2.2,13,14,4,6,1,7
2023-09-17,2023/24,Everton,Arsenal,0,1,1,-1,A,0,0,6.0,4.5,1.5,1.67,2.2,8,13,1,4,1,11
2023-09-18,2023/24,Nottingham Forest,Burnley,1,1,2,0,D,1,0,2.2,3.5,3.25,1.92,1.98,14,10,4,3,5,4
2023-09-23,2023/24,Burnley,Manchester United,0,1,1,-1,A,0,0,4.2,4.2,1.73,1.62,2.3,12,11,4,4,9,5
2023-09-23,2023/24,Brentford,Everton,1,3,4,-2,A,1,1,1.8,3.8,4.2,1.95,1.95,12,18,2,6,1,4
2023-09-23,2023/24,Luton Town,Wolverhampton Wanderers,1,1,2,0,D,1,0,3.25,3.4,2.2,2.02,1.88,20,3,4,3,10,1
2023-09-23,2023/24,Crystal Palace,Fulham,0,0,0,0,D,0,0,1.91,3.4,4.2,2.0,1.8,7,10,3,5,3,2
2023-09-23,2023/24,Manchester City,Nottingham Forest,2,0,2,2,H,0,0,1.14,8.5,15.0,1.4,3.0,7,10,4,3,6,6
2023-09-24,2023/24,Arsenal,Tottenham Hotspur,2,2,4,0,D,1,1,1.67,4.33,4.33,1.5,2.63,13,13,6,5,11,4
2023-09-24,2023/24,Brighton & Hove Albion,AFC Bournemouth,3,1,4,2,H,1,1,1.36,5.25,7.5,1.36,3.2,13,12,4,4,4,4
2023-09-24,2023/24,Chelsea,Aston Villa,0,1,1,-1,A,0,0,1.91,3.75,3.8,1.73,2.1,10,15,4,7,5,11
2023-09-24,2023/24,Liverpool,West Ham United,3,1,4,2,H,1,1,1.4,5.0,7.0,1.4,3.0,22,11,7,4,7,4
2023-09-24,2023/24,Sheffield United,Newcastle United,0,8,8,-8,A,0,1,7.0,4.75,1.44,1.67,2.2,9,22,1,15,2,6
2023-09-30,2023/24,Aston Villa,Brighton & Hove Albion,6,1,7,5,H,1,1,2.55,3.75,2.55,1.44,2.75,19,11,9,3,1,3
2023-09-30,2023/24,AFC Bournemouth,Arsenal,0,4,4,-4,A,0,1,5.5,4.5,1.53,1.53,2.5,8,15,1,8,6,6
2023-09-30,2023/24,Everton,Luton Town,1,2,3,-1,A,1,1,1.57,3.8,6.5,2.05,1.85,23,9,5,2,3,6
2023-09-30,2023/24,Manchester United,Crystal Palace,0,1,1,-1,A,0,0,1.55,4.2,5.75,1.8,2.0,19,8,4,2,10,4
2023-09-30,2023/24,Newcastle United,Burnley,2,0,2,2,H,0,0,1.3,5.75,9.0,1.53,2.5,20,8,8,2,5,3
2023-09-30,2023/24,West Ham United,Sheffield United,2,0,2,2,H,0,0,1.45,4.5,7.0,1.67,2.2,20,16,9,2,7,4
2023-09-30,2023/24,Wolverhampton Wanderers,Manchester City,2,1,3,1,H,1,1,8.0,5.75,1.33,1.53,2.5,3,23,1,8,0,6
2023-09-30,2023/24,Tottenham Hotspur,Liverpool,2,1,3,1,H,1,1,2.9,4.0,2.15,1.36,3.2,24,12,8,4,12,5
2023-10-01,2023/24,Nottingham Forest,Brentford,1,1,2,0,D,1,0,2.75,3.1,2.7,2.1,1.73,6,18,1,5,1,11
2023-10-02,2023/24,Fulham,Chelsea,0,2,2,-2,A,0,0,3.6,3.5,2.05,1.98,1.92,10,11,3,4,8,1
2023-10-03,2023/24,Luton Town,Burnley,1,2,3,-1,A,1,1,2.9,3.0,2.63,2.2,1.65,18,14,3,4,7,6
2023-10-07,2023/24,Luton Town,Tottenham Hotspur,0,1,1,-1,A,0,0,6.0,4.75,1.45,1.53,2.4,12,15,2,4,5,6
2023-10-07,2023/24,Burnley,Chelsea,1,4,5,-3,A,1,1,4.5,3.8,1.73,1.85,2.05,10,9,3,5,7,3
2023-10-07,2023/24,Everton,AFC Bournemouth,3,0,3,3,H,0,1,1.91,3.6,3.8,1.85,2.05,25,11,8,4,8,7
2023-10-07,2023/24,Fulham,Sheffield United,3,1,4,2,H,1,1,1.62,3.8,6.0,1.96,1.94,20,5,6,2,9,4
2023-10-07,2023/24,Manchester United,Brentford,2,1,3,1,H,1,1,1.67,4.2,4.75,1.65,2.2,21,11,8,3,7,5
2023-10-07,2023/24,Crystal Palace,Nottingham Forest,0,0,0,0,D,0,0,2.2,3.1,3.6,2.25,1.62,8,16,2,5,3,7
2023-10-08,2023/24,Brighton & Hove Albion,Liverpool,2,2,4,0,D,1,1,3.0,3.8,2.2,1.36,3.1,14,14,3,4,8,1
2023-10-08,2023/24,West Ham United,Newcastle United,2,2,4,0,D,1,1,3.2,3.75,2.1,1.7,2.1,5,10,3,3,4,2
2023-10-08,2023/24,Wolverhampton Wanderers,Aston Villa,1,1,2,0,D,1,0,3.5,3.4,2.1,1.75,2.05,8,18,3,4,2,10
2023-10-08,2023/24,Arsenal,Manchester City,1,0,1,1,H,0,0,2.9,3.3,2.4,1.75,2.05,12,4,2,1,5,4
2023-10-21,2023/24,Sheffield United,Manchester United,1,2,3,-1,A,1,1,6.5,5.25,1.4,1.53,2.4,12,14,6,5,5,4
2023-10-21,2023/24,Chelsea,Arsenal,2,2,4,0,D,1,1,3.2,3.4,2.25,1.98,1.92,11,13,5,3,2,7
2023-10-21,2023/24,Nottingham Forest,Luton Town,2,2,4,0,D,1,1,1.67,3.75,5.5,2.08,1.82,19,13,8,4,4,2
2023-10-21,2023/24,Newcastle United,Crystal Palace,4,0,4,4,H,0,1,1.45,4.5,7.0,1.85,2.05,10,17,7,3,6,8
2023-10-21,2023/24,AFC Bournemouth,Wolverhampton Wanderers,1,2,3,-1,A,1,1,2.38,3.4,3.0,1.85,2.05,7,20,4,7,3,12
2023-10-21,2023/24,Brentford,Burnley,3,0,3,3,H,0,1,1.83,3.75,4.2,1.95,1.95,23,6,10,1,5,5
2023-10-21,2023/24,Liverpool,Everton,2,0,2,2,H,0,0,1.33,5.75,7.5,1.4,2.88,26,6,6,1,12,4
2023-10-21,2023/24,Manchester City,Brighton & Hove Albion,2,1,3,1,H,1,1,1.4,5.25,6.5,1.36,3.1,10,5,6,3,2,2
2023-10-22,2023/24,Aston Villa,West Ham United,4,1,5,3,H,1,1,1.85,3.6,4.0,1.57,2.35,15,14,7,4,8,7
2023-10-23,2023/24,Tottenham Hotspur,Fulham,2,0,2,2,H,0,0,1.5,4.5,6.0,1.5,2.5,15,10,5,3,3,5
2023-10-27,2023/24,Crystal Palace,Tottenham Hotspur,1,2,3,-1,A,1,1,4.5,3.75,1.75,1.94,1.96,13,10,3,1,11,2
2023-10-28,2023/24,Chelsea,Brentford,0,2,2,-2,A,0,0,1.65,4.0,5.25,1.8,2.0,17,7,2,5,10,1
2023-10-28,2023/24,Arsenal,Sheffield United,5,0,5,5,H,0,1,1.13,8.5,19.0,1.36,3.1,13,2,8,0,6,1
2023-10-28,2023/24,AFC Bournemouth,Burnley,2,1,3,1,H,1,1,2.15,3.5,3.3,1.75,2.05,13,6,6,3,10,5
2023-10-28,2023/24,Wolverhampton Wanderers,Newcastle United,2,2,4,0,D,1,1,4.2,4.0,1.75,1.75,2.05,11,13,6,5,8,7
2023-10-29,2023/24,Manchester United,Manchester City,0,3,3,-3,A,0,1,5.0,3.8,1.67,1.7,2.1,7,21,3,10,7,12
2023-10-29,2023/24,Brighton & Hove Albion,Fulham,1,1,2,0,D,1,0,1.55,4.2,5.5,1.5,2.5,18,10,7,5,7,3
2023-10-29,2023/24,Liverpool,Nottingham Forest,3,0,3,3,H,0,1,1.29,5.75,11.0,1.4,2.88,21,9,8,1,8,3
2023-10-29,2023/24,West Ham United,Everton,0,1,1,-1,A,0,0,2.15,3.5,3.3,1.73,2.08,12,10,2,4,4,3
2023-10-29,2023/24,Aston Villa,Luton Town,3,1,4,2,H,1,1,1.25,6.5,9.5,1.48,2.6,17,7,6,1,6,4
2023-11-04,2023/24,Fulham,Manchester United,0,1,1,-1,A,0,0,3.2,3.6,2.2,1.75,2.05,18,12,3,5,9,4
2023-11-04,2023/24,Brentford,West Ham United,3,2,5,1,H,1,1,2.05,3.6,3.5,1.73,2.08,16,12,4,2,4,3
2023-11-04,2023/24,Burnley,Crystal Palace,0,2,2,-2,A,0,0,2.75,3.25,2.6,2.2,1.65,17,4,5,3,12,1
2023-11-04,2023/24,Everton,Brighton & Hove Albion,1,1,2,0,D,1,0,3.1,3.6,2.2,1.57,2.35,10,7,4,2,3,3
2023-11-04,2023/24,Manchester City,AFC Bournemouth,6,1,7,5,H,1,1,1.1,11.0,19.0,1.29,3.6,21,5,8,1,12,1
2023-11-04,2023/24,Sheffield United,Wolverhampton Wanderers,2,1,3,1,H,1,1,3.8,3.5,2.0,1.91,1.99,11,10,2,3,4,4
2023-11-04,2023/24,Newcastle United,Arsenal,1,0,1,1,H,0,0,2.8,3.2,2.6,1.95,1.95,9,14,2,1,0,11
2023-11-05,2023/24,Nottingham Forest,Aston Villa,2,0,2,2,H,0,0,4.2,3.75,1.85,1.73,2.08,5,13,3,3,0,10
2023-11-05,2023/24,Luton Town,Liverpool,1,1,2,0,D,1,0,12.0,6.5,1.22,1.36,3.1,8,24,5,6,4,7
2023-11-06,2023/24,Tottenham Hotspur,Chelsea,1,4,5,-3,A,1,1,2.0,3.75,3.5,1.7,2.1,8,17,5,8,1,6
2023-11-11,2023/24,AFC Bournemouth,Newcastle United,2,0,2,2,H,0,0,4.75,4.0,1.73,1.7,2.1,19,8,10,5,6,5
2023-11-11,2023/24,Manchester United,Luton Town,1,0,1,1,H,0,0,1.33,5.25,9.5,1.53,2.4,15,10,4,4,11,3
2023-11-11,2023/24,Wolverhampton Wanderers,Tottenham Hotspur,2,1,3,1,H,1,1,3.1,3.75,2.2,1.62,2.25,17,6,4,2,11,3
2023-11-11,2023/24,Arsenal,Burnley,3,1,4,2,H,1,1,1.18,7.0,17.0,1.48,2.6,16,8,6,5,3,3
2023-11-11,2023/24,Crystal Palace,Everton,2,3,5,-1,A,1,1,2.45,3.2,3.0,2.25,1.62,13,8,4,4,9,2
2023-11-12,2023/24,Aston Villa,Fulham,3,1,4,2,H,1,1,1.57,4.2,5.5,1.7,2.1,12,9,6,5,2,2
2023-11-12,2023/24,Brighton & Hove Albion,Sheffield United,1,1,2,0,D,1,0,1.25,5.75,13.0,1.4,2.88,11,9,6,1,6,3
2023-11-12,2023/24,Liverpool,Brentford,3,0,3,3,H,0,1,1.4,5.0,6.5,1.44,2.7,17,16,10,3,6,8
2023-11-12,2023/24,West Ham United,Nottingham Forest,3,2,5,1,H,1,1,1.85,3.6,4.0,1.75,2.05,16,10,6,5,9,4
2023-11-12,2023/24,Chelsea,Manchester City,4,4,8,0,D,1,1,5.0,3.7,1.73,1.88,2.02,17,15,9,10,3,3
2023-11-25,2023/24,Sheffield United,AFC Bournemouth,1,3,4,-2,A,1,1,3.2,3.5,2.2,1.85,2.05,10,23,2,11,4,7
2023-11-25,2023/24,Nottingham Forest,Brighton & Hove Albion,2,3,5,-1,A,1,1,3.2,3.6,2.15,1.73,2.08,18,11,5,5,6,4
2023-11-25,2023/24,Newcastle United,Chelsea,4,1,5,3,H,1,1,2.55,3.5,2.63,1.86,2.04,14,7,5,4,4,2
2023-11-25,2023/24,Brentford,Arsenal,0,1,1,-1,A,0,0,4.5,3.75,1.75,1.9,2.0,9,15,3,4,1,8
2023-11-25,2023/24,Burnley,West Ham United,1,2,3,-1,A,1,1,3.4,3.5,2.05,1.75,2.05,11,11,5,3,4,5
2023-11-25,2023/24,Manchester City,Liverpool,1,1,2,0,D,1,0,1.73,4.2,4.2,1.48,2.6,16,8,5,3,9,6
2023-11-25,2023/24,Luton Town,Crystal Palace,2,1,3,1,H,1,1,3.6,3.3,2.1,2.15,1.67,8,16,3,8,4,5
2023-11-26,2023/24,Everton,Manchester United,0,3,3,-3,A,0,1,2.7,3.4,2.55,1.85,2.05,24,9,6,4,6,5
2023-11-26,2023/24,Tottenham Hotspur,Aston Villa,1,2,3,-1,A,1,1,2.3,3.8,2.8,1.5,2.5,18,15,8,5,9,3
2023-11-27,2023/24,Fulham,Wolverhampton Wanderers,3,2,5,1,H,1,1,2.38,3.3,3.0,2.08,1.73,12,10,6,6,6,2
2023-12-02,2023/24,Arsenal,Wolverhampton Wanderers,2,1,3,1,H,1,1,1.25,5.5,12.0,1.65,2.2,19,6,6,3,4,0
2023-12-02,2023/24,Brentford,Luton Town,3,1,4,2,H,1,1,1.45,4.5,6.5,1.7,2.1,27,7,6,1,7,5
2023-12-02,2023/24,Nottingham Forest,Everton,0,1,1,-1,A,0,0,2.75,3.25,2.6,2.05,1.75,13,12,2,3,4,3
2023-12-02,2023/24,Newcastle United,Manchester United,1,0,1,1,H,0,0,1.91,3.75,3.8,1.67,2.15,22,8,4,1,7,3
2023-12-02,2023/24,Burnley,Sheffield United,5,0,5,5,H,0,1,1.8,3.6,4.5,2.06,1.84,19,6,7,3,6,1
2023-12-03,2023/24,Manchester City,Tottenham Hotspur,3,3,6,0,D,1,1,1.29,6.0,9.0,1.36,3.1,18,8,4,4,10,8
2023-12-03,2023/24,AFC Bournemouth,Aston Villa,2,2,4,0,D,1,1,3.4,4.0,1.95,1.53,2.4,15,11,7,3,7,7
2023-12-03,2023/24,Chelsea,Brighton & Hove Albion,3,2,5,1,H,1,1,1.73,4.2,4.2,1.53,2.4,8,18,5,9,5,8
2023-12-03,2023/24,Liverpool,Fulham,4,3,7,1,H,1,1,1.25,6.5,9.0,1.4,2.88,26,9,12,5,3,4
2023-12-03,2023/24,West Ham United,Crystal Palace,1,1,2,0,D,1,0,2.0,3.5,3.8,2.04,1.86,9,9,3,2,2,3
2023-12-05,2023/24,Luton Town,Arsenal,3,4,7,-1,A,1,1,17.0,7.0,1.18,1.65,2.2,6,23,4,9,3,8
2023-12-05,2023/24,Wolverhampton Wanderers,Burnley,1,0,1,1,H,0,0,1.85,3.6,4.2,2.05,1.85,7,12,4,3,6,8
2023-12-06,2023/24,Brighton & Hove Albion,Brentford,2,1,3,1,H,1,1,1.91,3.8,3.75,1.62,2.25,18,8,7,2,7,3
2023-12-06,2023/24,Crystal Palace,AFC Bournemouth,0,2,2,-2,A,0,0,2.25,3.5,3.1,2.01,1.89,16,11,3,4,3,9
2023-12-06,2023/24,Fulham,Nottingham Forest,5,0,5,5,H,0,1,2.0,3.4,3.75,2.06,1.84,14,4,6,1,6,1
2023-12-06,2023/24,Sheffield United,Liverpool,0,2,2,-2,A,0,0,12.0,7.5,1.2,1.33,3.4,6,15,1,8,2,12
2023-12-06,2023/24,Aston Villa,Manchester City,1,0,1,1,H,0,0,4.75,4.2,1.7,1.53,2.4,22,2,7,2,6,0
2023-12-06,2023/24,Manchester United,Chelsea,2,1,3,1,H,1,1,2.88,3.4,2.45,1.65,2.2,28,13,9,3,12,4
2023-12-07,2023/24,Everton,Newcastle United,3,0,3,3,H,0,1,3.25,3.25,2.25,1.96,1.94,21,13,6,3,5,2
2023-12-07,2023/24,Tottenham Hotspur,West Ham United,1,2,3,-1,A,1,1,1.75,4.2,4.2,1.5,2.5,23,11,7,5,8,4
2023-12-09,2023/24,Wolverhampton Wanderers,Nottingham Forest,1,1,2,0,D,1,0,1.85,3.6,4.33,2.06,1.84,10,8,4,2,4,3
2023-12-09,2023/24,Sheffield United,Brentford,1,0,1,1,H,0,0,4.2,3.8,1.75,1.95,1.95,9,10,4,4,3,4
2023-12-09,2023/24,Aston Villa,Arsenal,1,0,1,1,H,0,0,3.3,3.6,2.1,1.7,2.1,10,12,3,5,3,3
2023-12-09,2023/24,Brighton & Hove Albion,Burnley,1,1,2,0,D,1,0,1.5,4.75,6.0,1.57,2.35,29,6,11,3,9,1
2023-12-09,2023/24,Crystal Palace,Liverpool,1,2,3,-1,A,1,1,6.0,4.5,1.5,1.65,2.2,8,14,4,2,6,5
2023-12-09,2023/24,Manchester United,AFC Bournemouth,0,3,3,-3,A,0,1,1.55,4.33,5.75,1.5,2.5,20,10,3,4,10,4
2023-12-10,2023/24,Everton,Chelsea,2,0,2,2,H,0,0,3.1,3.5,2.25,1.75,2.05,9,16,5,4,4,8
2023-12-10,2023/24,Fulham,West Ham United,5,0,5,5,H,0,1,2.38,3.5,2.9,1.9,2.0,14,9,8,5,3,6
2023-12-10,2023/24,Luton Town,Manchester City,1,2,3,-1,A,1,1,17.0,8.0,1.14,1.36,3.1,4,18,2,6,6,3
2023-12-10,2023/24,Tottenham Hotspur,Newcastle United,4,1,5,3,H,1,1,2.15,3.8,3.1,1.53,2.4,23,9,12,3,3,6
2023-12-15,2023/24,Nottingham Forest,Tottenham Hotspur,0,2,2,-2,A,0,0,4.2,4.2,1.73,1.62,2.25,15,12,1,6,6,4
2023-12-16,2023/24,Chelsea,Sheffield United,2,0,2,2,H,0,0,1.22,6.5,13.0,1.5,2.5,15,6,6,1,7,6
2023-12-16,2023/24,Manchester City,Crystal Palace,2,2,4,0,D,1,1,1.18,8.0,13.0,1.44,2.7,19,5,9,2,6,1
2023-12-16,2023/24,Newcastle United,Fulham,3,0,3,3,H,0,1,1.8,3.8,4.0,1.7,2.1,27,6,10,4,5,1
2023-12-16,2023/24,Burnley,Everton,0,2,2,-2,A,0,0,3.6,3.4,2.1,2.05,1.75,14,9,2,6,8,6
2023-12-17,2023/24,West Ham United,Wolverhampton Wanderers,3,0,3,3,H,0,1,2.15,3.5,3.3,1.95,1.95,13,14,4,3,6,6
2023-12-17,2023/24,Arsenal,Brighton & Hove Albion,2,0,2,2,H,0,0,1.44,5.0,6.0,1.53,2.4,26,6,9,1,10,1
2023-12-17,2023/24,Brentford,Aston Villa,1,2,3,-1,A,1,1,3.2,3.75,2.1,1.7,2.1,4,15,3,5,7,12
2023-12-17,2023/24,Liverpool,Manchester United,0,0,0,0,D,0,0,1.3,6.0,8.0,1.33,3.4,34,6,8,1,12,0
2023-12-21,2023/24,Crystal Palace,Brighton & Hove Albion,1,1,2,0,D,1,0,3.3,3.3,2.15,1.99,1.91,11,18,3,6,3,1
2023-12-22,2023/24,Aston Villa,Sheffield United,1,1,2,0,D,1,0,1.22,6.5,12.0,1.44,2.7,12,5,4,2,9,1
2023-12-23,2023/24,West Ham United,Manchester United,2,0,2,2,H,0,0,2.6,3.6,2.6,1.7,2.1,12,11,5,3,4,4
2023-12-23,2023/24,Fulham,Burnley,0,2,2,-2,A,0,0,1.67,3.75,5.25,1.92,1.98,19,7,5,2,8,6
2023-12-23,2023/24,Luton Town,Newcastle United,1,0,1,1,H,0,0,4.75,4.2,1.65,1.75,2.05,16,15,5,2,6,7
2023-12-23,2023/24,Nottingham Forest,AFC Bournemouth,2,3,5,-1,A,1,1,2.75,3.4,2.55,1.95,1.95,11,18,5,7,6,6
2023-12-23,2023/24,Tottenham Hotspur,Everton,2,1,3,1,H,1,1,1.75,4.2,4.0,1.53,2.4,13,18,6,8,3,8
2023-12-23,2023/24,Liverpool,Arsenal,1,1,2,0,D,1,0,2.38,3.6,2.8,1.7,2.1,13,13,3,2,4,5
2023-12-24,2023/24,Wolverhampton Wanderers,Chelsea,2,1,3,1,H,1,1,3.75,3.75,1.91,1.86,2.04,14,16,6,5,10,6
2023-12-26,2023/24,Newcastle United,Nottingham Forest,1,3,4,-2,A,1,1,1.5,4.33,5.75,1.8,2.0,19,15,7,6,10,2
2023-12-26,2023/24,AFC Bournemouth,Fulham,3,0,3,3,H,0,1,2.15,3.6,3.2,1.73,2.08,16,8,4,3,6,5
2023-12-26,2023/24,Sheffield United,Luton Town,2,3,5,-1,A,1,1,2.3,3.3,3.1,2.1,1.7,21,12,6,4,9,4
2023-12-26,2023/24,Burnley,Liverpool,0,2,2,-2,A,0,0,6.5,5.25,1.4,1.44,2.7,9,19,0,10,4,4
2023-12-26,2023/24,Manchester United,Aston Villa,3,2,5,1,H,1,1,2.6,3.5,2.6,1.62,2.25,13,10,7,4,3,6
2023-12-27,2023/24,Everton,Manchester City,1,3,4,-2,A,1,1,5.75,4.0,1.57,1.73,2.08,7,23,2,9,8,4
2023-12-27,2023/24,Chelsea,Crystal Palace,2,1,3,1,H,1,1,1.67,4.0,5.0,1.91,1.99,9,13,4,5,4,3
2023-12-27,2023/24,Brentford,Wolverhampton Wanderers,1,4,5,-3,A,1,1,1.95,3.5,4.2,2.03,1.87,14,11,4,5,8,2
2023-12-28,2023/24,Brighton & Hove Albion,Tottenham Hotspur,4,2,6,2,H,1,1,2.5,3.6,2.6,1.44,2.7,15,19,9,3,7,6
2023-12-28,2023/24,Arsenal,West Ham United,0,2,2,-2,A,0,0,1.33,5.5,7.5,1.57,2.35,30,6,8,3,10,3
2023-12-30,2023/24,Luton Town,Chelsea,2,3,5,-1,A,1,1,6.5,4.2,1.5,1.65,2.2,15,12,6,8,7,2
2023-12-30,2023/24,Aston Villa,Burnley,3,2,5,1,H,1,1,1.36,5.25,7.5,1.57,2.35,19,9,7,5,6,2
2023-12-30,2023/24,Crystal Palace,Brentford,3,1,4,2,H,1,1,2.2,3.3,3.4,2.15,1.67,13,9,6,4,7,4
2023-12-30,2023/24,Manchester City,Sheffield United,2,0,2,2,H,0,0,1.08,11.0,29.0,1.3,3.5,18,4,4,2,12,2
2023-12-30,2023/24,Wolverhampton Wanderers,Everton,3,0,3,3,H,0,1,2.63,3.3,2.7,2.05,1.75,12,10,6,0,5,2
2023-12-30,2023/24,Nottingham Forest,Manchester United,2,1,3,1,H,1,1,3.2,3.6,2.15,1.73,2.08,8,10,2,5,4,5
2023-12-31,2023/24,Fulham,Arsenal,2,1,3,1,H,1,1,5.25,4.5,1.55,1.73,2.08,15,13,4,3,5,4
2023-12-31,2023/24,Tottenham Hotspur,AFC Bournemouth,3,1,4,2,H,1,1,1.75,4.2,4.0,1.4,2.88,12,24,6,4,4,13
2024-01-01,2023/24,Liverpool,Newcastle United,4,2,6,2,H,1,1,1.45,4.5,7.0,1.44,2.7,34,5,15,3,7,3
2024-01-02,2023/24,West Ham United,Brighton & Hove Albion,0,0,0,0,D,0,0,2.45,3.75,2.75,1.6,2.3,6,22,2,8,2,0
2024-01-12,2023/24,Burnley,Luton Town,1,1,2,0,D,1,0,2.0,3.6,3.6,1.99,1.91,13,14,7,5,2,8
2024-01-13,2023/24,Newcastle United,Manchester City,2,3,5,-1,A,1,1,5.5,4.33,1.55,1.6,2.3,12,27,5,11,3,13
2024-01-13,2023/24,Chelsea,Fulham,1,0,1,1,H,0,0,1.6,4.2,5.25,1.62,2.25,17,14,3,4,6,4
2024-01-14,2023/24,Everton,Aston Villa,0,0,0,0,D,0,0,2.8,3.5,2.45,1.73,2.08,10,16,2,5,4,5
2024-01-14,2023/24,Manchester United,Tottenham Hotspur,2,2,4,0,D,1,1,2.2,3.75,3.0,1.48,2.6,9,16,2,6,8,13
2024-01-20,2023/24,Arsenal,Crystal Palace,5,0,5,5,H,0,1,1.3,5.75,9.0,1.73,2.08,21,12,6,5,6,7
2024-01-20,2023/24,Brentford,Nottingham Forest,3,2,5,1,H,1,1,1.91,3.6,4.0,1.86,2.04,11,12,5,3,6,4
2024-01-21,2023/24,Sheffield United,West Ham United,2,2,4,0,D,1,1,3.4,3.3,2.2,2.05,1.75,21,16,6,5,4,1
2024-01-21,2023/24,AFC Bournemouth,Liverpool,0,4,4,-4,A,0,1,4.2,4.5,1.7,1.44,2.7,11,14,1,7,8,5
2024-01-22,2023/24,Brighton & Hove Albion,Wolverhampton Wanderers,0,0,0,0,D,0,0,1.65,4.33,5.0,1.62,2.25,11,8,4,3,8,2
2024-01-30,2023/24,Nottingham Forest,Arsenal,1,2,3,-1,A,1,1,7.5,5.0,1.4,1.62,2.25,9,19,3,3,2,11
2024-01-30,2023/24,Fulham,Everton,0,0,0,0,D,0,0,2.45,3.2,3.0,2.05,1.75,25,21,6,4,15,6
2024-01-30,2023/24,Luton Town,Brighton & Hove Albion,4,0,4,4,H,0,1,4.2,4.2,1.75,1.65,2.2,18,9,8,2,7,4
2024-01-30,2023/24,Crystal Palace,Sheffield United,3,2,5,1,H,1,1,1.62,3.6,6.5,2.08,1.73,12,9,4,5,11,1
2024-01-30,2023/24,Aston Villa,Newcastle United,1,3,4,-2,A,1,1,1.85,4.0,3.8,1.5,2.5,12,14,6,5,8,7
2024-01-31,2023/24,Liverpool,Chelsea,4,1,5,3,H,1,1,1.57,4.33,5.25,1.44,2.7,28,4,13,3,8,1
2024-01-31,2023/24,Manchester City,Burnley,3,1,4,2,H,1,1,1.08,12.0,21.0,1.33,3.4,14,8,4,3,7,3
2024-01-31,2023/24,Tottenham Hotspur,Brentford,3,2,5,1,H,1,1,1.67,4.2,4.75,1.5,2.5,19,9,5,5,5,3
2024-02-01,2023/24,West Ham United,AFC Bournemouth,1,1,2,0,D,1,0,2.4,3.75,2.75,1.62,2.25,9,9,3,4,1,5
2024-02-01,2023/24,Wolverhampton Wanderers,Manchester United,3,4,7,-1,A,1,1,2.63,3.6,2.55,1.75,2.05,16,21,7,8,4,5
2024-02-03,2023/24,Everton,Tottenham Hotspur,2,2,4,0,D,1,1,3.0,3.6,2.25,1.62,2.25,14,9,5,6,9,5
2024-02-03,2023/24,Brighton & Hove Albion,Crystal Palace,4,1,5,3,H,1,1,1.7,4.0,4.75,1.73,2.08,13,7,6,5,3,2
2024-02-03,2023/24,Burnley,Fulham,2,2,4,0,D,1,1,2.9,3.4,2.38,1.99,1.91,12,15,4,7,2,13
2024-02-03,2023/24,Newcastle United,Luton Town,4,4,8,0,D,1,1,1.44,4.75,6.5,1.57,2.35,19,11,6,8,8,2
2024-02-03,2023/24,Sheffield United,Aston Villa,0,5,5,-5,A,0,1,5.25,4.2,1.62,1.62,2.25,10,14,5,10,3,4
2024-02-04,2023/24,Arsenal,Liverpool,3,1,4,2,H,1,1,2.2,3.6,3.1,1.67,2.15,15,10,7,1,2,4
2024-02-04,2023/24,AFC Bournemouth,Nottingham Forest,1,1,2,0,D,1,0,1.7,4.2,4.5,1.65,2.2,9,8,2,6,11,6
2024-02-04,2023/24,Chelsea,Wolverhampton Wanderers,2,4,6,-2,A,1,1,1.62,4.0,5.5,1.7,2.1,15,14,6,7,10,1
2024-02-04,2023/24,Manchester United,West Ham United,3,0,3,3,H,0,1,1.62,4.2,5.0,1.6,2.3,12,22,5,3,5,8
2024-02-05,2023/24,Brentford,Manchester City,1,3,4,-2,A,1,1,7.0,4.75,1.4,1.57,2.35,9,25,3,15,8,13
2024-02-10,2023/24,Wolverhampton Wanderers,Brentford,0,2,2,-2,A,0,0,2.1,3.6,3.4,1.75,2.05,17,9,5,6,7,4
2024-02-10,2023/24,Nottingham Forest,Newcastle United,2,3,5,-1,A,1,1,3.3,3.75,2.05,1.7,2.1,13,7,3,5,4,4
2024-02-10,2023/24,Tottenham Hotspur,Brighton & Hove Albion,2,1,3,1,H,1,1,1.8,4.2,3.8,1.4,2.88,16,6,6,3,9,6
2024-02-10,2023/24,Manchester City,Everton,2,0,2,2,H,0,0,1.18,8.0,13.0,1.44,2.7,19,5,3,1,9,0
2024-02-10,2023/24,Liverpool,Burnley,3,1,4,2,H,1,1,1.17,8.0,17.0,1.33,3.4,25,9,10,4,9,3
2024-02-10,2023/24,Fulham,AFC Bournemouth,3,1,4,2,H,1,1,2.38,3.5,2.8,1.73,2.08,7,25,6,4,1,14
2024-02-10,2023/24,Luton Town,Sheffield United,1,3,4,-2,A,1,1,1.75,3.75,4.75,1.85,2.05,20,7,5,3,13,1
2024-02-11,2023/24,West Ham United,Arsenal,0,6,6,-6,A,0,1,6.0,4.33,1.53,1.67,2.15,5,25,1,12,2,6
2024-02-11,2023/24,Aston Villa,Manchester United,1,2,3,-1,A,1,1,2.15,3.75,3.1,1.53,2.4,23,17,10,5,10,8
2024-02-12,2023/24,Crystal Palace,Chelsea,1,3,4,-2,A,1,1,4.2,3.8,1.85,1.86,2.04,13,14,4,5,1,7
2024-02-17,2023/24,Brentford,Liverpool,1,4,5,-3,A,1,1,5.5,4.33,1.57,1.48,2.6,15,15,6,8,1,6
2024-02-17,2023/24,Burnley,Arsenal,0,5,5,-5,A,0,1,10.0,5.75,1.29,1.57,2.35,8,16,0,7,4,6
2024-02-17,2023/24,Fulham,Aston Villa,1,2,3,-1,A,1,1,2.9,3.75,2.2,1.6,2.3,15,12,4,3,4,4
2024-02-17,2023/24,Newcastle United,AFC Bournemouth,2,2,4,0,D,1,1,1.83,4.2,3.75,1.48,2.6,17,12,5,7,4,2
2024-02-17,2023/24,Nottingham Forest,West Ham United,2,0,2,2,H,0,0,2.38,3.5,2.9,1.89,2.01,19,10,8,3,5,3
2024-02-17,2023/24,Tottenham Hotspur,Wolverhampton Wanderers,1,2,3,-1,A,1,1,1.53,4.75,5.25,1.44,2.7,15,12,4,7,10,4
2024-02-17,2023/24,Manchester City,Chelsea,1,1,2,0,D,1,0,1.33,5.5,8.0,1.44,2.7,31,9,5,6,12,1
2024-02-18,2023/24,Luton Town,Manchester United,1,2,3,-1,A,1,1,4.0,4.0,1.8,1.57,2.35,22,21,4,9,8,6
2024-02-18,2023/24,Sheffield United,Brighton & Hove Albion,0,5,5,-5,A,0,1,5.0,4.2,1.62,1.57,2.35,6,24,1,10,5,10
2024-02-19,2023/24,Everton,Crystal Palace,1,1,2,0,D,1,0,1.7,3.6,5.25,2.1,1.7,19,10,4,4,3,6
2024-02-20,2023/24,Manchester City,Brentford,1,0,1,1,H,0,0,1.18,8.0,13.0,1.33,3.4,25,6,11,2,10,1
2024-02-21,2023/24,Liverpool,Luton Town,4,1,5,3,H,1,1,1.2,7.0,13.0,1.3,3.5,29,12,13,3,13,4
2024-02-24,2023/24,Aston Villa,Nottingham Forest,4,2,6,2,H,1,1,1.53,4.5,5.75,1.57,2.35,16,10,6,3,7,2
2024-02-24,2023/24,Brighton & Hove Albion,Everton,1,1,2,0,D,1,0,1.83,3.8,4.2,1.65,2.2,23,6,7,3,11,3
2024-02-24,2023/24,Crystal Palace,Burnley,3,0,3,3,H,0,1,1.95,3.5,4.0,2.1,1.7,15,2,6,0,12,3
2024-02-24,2023/24,Manchester United,Fulham,1,2,3,-1,A,1,1,1.57,4.33,5.5,1.57,2.35,21,17,9,5,10,9
2024-02-24,2023/24,AFC Bournemouth,Manchester City,0,1,1,-1,A,0,0,7.0,5.25,1.4,1.48,2.6,13,15,4,6,3,8
2024-02-24,2023/24,Arsenal,Newcastle United,4,1,5,3,H,1,1,1.36,5.25,8.0,1.48,2.6,18,3,8,2,9,0
2024-02-25,2023/24,Wolverhampton Wanderers,Sheffield United,1,0,1,1,H,0,0,1.44,4.75,7.0,1.65,2.2,13,12,2,4,5,6
2024-02-26,2023/24,West Ham United,Brentford,4,2,6,2,H,1,1,2.5,3.5,2.75,1.7,2.1,17,14,6,8,1,7
2024-03-02,2023/24,Luton Town,Aston Villa,2,3,5,-1,A,1,1,4.33,4.2,1.73,1.44,2.7,13,12,5,8,8,6
2024-03-02,2023/24,Tottenham Hotspur,Crystal Palace,3,1,4,2,H,1,1,1.5,4.33,6.5,1.53,2.4,14,4,6,1,11,1
2024-03-02,2023/24,Nottingham Forest,Liverpool,0,1,1,-1,A,0,0,6.0,4.33,1.53,1.48,2.6,8,22,2,2,3,12
2024-03-02,2023/24,Everton,West Ham United,1,3,4,-2,A,1,1,2.05,3.6,3.5,1.92,1.98,22,12,11,5,4,5
2024-03-02,2023/24,Fulham,Brighton & Hove Albion,3,0,3,3,H,0,1,2.55,3.6,2.63,1.62,2.25,12,15,5,5,2,6
2024-03-02,2023/24,Brentford,Chelsea,2,2,4,0,D,1,1,3.1,3.75,2.15,1.53,2.4,14,17,5,6,0,6
2024-03-02,2023/24,Newcastle United,Wolverhampton Wanderers,3,0,3,3,H,0,1,1.91,4.0,3.6,1.57,2.35,14,12,7,3,3,5
2024-03-03,2023/24,Burnley,AFC Bournemouth,0,2,2,-2,A,0,0,3.75,3.6,1.95,1.7,2.1,20,10,6,3,7,2
2024-03-03,2023/24,Manchester City,Manchester United,3,1,4,2,H,1,1,1.25,5.75,11.0,1.36,3.1,27,3,8,1,15,2
2024-03-04,2023/24,Sheffield United,Arsenal,0,6,6,-6,A,0,1,17.0,7.0,1.18,1.4,2.88,4,22,0,10,0,7
2024-03-09,2023/24,Manchester United,Everton,2,0,2,2,H,0,0,1.83,3.6,4.0,1.67,2.15,15,23,8,6,5,8
2024-03-09,2023/24,AFC Bournemouth,Sheffield United,2,2,4,0,D,1,1,1.33,5.25,8.0,1.53,2.4,32,13,12,9,10,3
2024-03-09,2023/24,Crystal Palace,Luton Town,1,1,2,0,D,1,0,1.75,3.8,4.2,1.75,2.05,21,8,4,2,8,6
2024-03-09,2023/24,Wolverhampton Wanderers,Fulham,2,1,3,1,H,1,1,2.5,3.4,2.75,1.95,1.95,8,23,3,6,3,4
2024-03-09,2023/24,Arsenal,Brentford,2,1,3,1,H,1,1,1.22,7.0,11.0,1.44,2.7,17,9,6,4,10,4
2024-03-10,2023/24,Liverpool,Manchester City,1,1,2,0,D,1,0,3.0,3.75,2.2,1.5,2.5,19,10,6,6,7,4
2024-03-10,2023/24,West Ham United,Burnley,2,2,4,0,D,1,1,1.67,4.0,4.75,1.7,2.1,22,11,4,4,4,4
2024-03-10,2023/24,Brighton & Hove Albion,Nottingham Forest,1,0,1,1,H,0,0,1.8,4.0,4.0,1.62,2.25,10,9,3,4,6,3
2024-03-10,2023/24,Aston Villa,Tottenham Hotspur,0,4,4,-4,A,0,1,2.38,4.0,2.6,1.36,3.1,10,9,1,5,6,4
2024-03-11,2023/24,Chelsea,Newcastle United,3,2,5,1,H,1,1,1.91,4.0,3.6,1.44,2.7,12,11,8,3,0,4
2024-03-13,2023/24,AFC Bournemouth,Luton Town,4,3,7,1,H,1,1,1.5,4.75,5.75,1.44,2.7,24,8,10,4,11,3
2024-03-16,2023/24,Burnley,Brentford,2,1,3,1,H,1,1,3.25,3.6,2.15,1.75,2.05,17,9,6,5,5,4
2024-03-16,2023/24,Luton Town,Nottingham Forest,1,1,2,0,D,1,0,2.8,3.5,2.45,1.67,2.15,10,16,4,6,6,7
2024-03-16,2023/24,Fulham,Tottenham Hotspur,3,0,3,3,H,0,1,3.5,3.8,1.95,1.48,2.6,16,14,7,5,4,5
2024-03-17,2023/24,West Ham United,Aston Villa,1,1,2,0,D,1,0,2.63,3.75,2.45,1.57,2.35,13,13,5,5,7,11
2024-03-30,2023/24,Sheffield United,Fulham,3,3,6,0,D,1,1,4.5,4.0,1.73,1.65,2.2,8,24,4,9,2,15
2024-03-30,2023/24,Aston Villa,Wolverhampton Wanderers,2,0,2,2,H,0,0,1.6,4.33,5.0,1.57,2.35,11,13,5,3,5,4
2024-03-30,2023/24,Tottenham Hotspur,Luton Town,2,1,3,1,H,1,1,1.2,8.0,11.0,1.25,4.0,17,7,4,3,3,6
2024-03-30,2023/24,Brentford,Manchester United,1,1,2,0,D,1,0,3.0,3.8,2.2,1.53,2.4,31,11,5,5,14,4
2024-03-30,2023/24,Nottingham Forest,Crystal Palace,1,1,2,0,D,1,0,2.2,3.3,3.4,2.08,1.73,12,10,5,3,4,6
2024-03-30,2023/24,AFC Bournemouth,Everton,2,1,3,1,H,1,1,2.2,3.6,3.2,1.7,2.1,11,7,4,3,9,8
2024-03-30,2023/24,Newcastle United,West Ham United,4,3,7,1,H,1,1,1.83,4.2,3.8,1.5,2.5,24,10,9,4,3,4
2024-03-30,2023/24,Chelsea,Burnley,2,2,4,0,D,1,1,1.29,6.0,9.5,1.48,2.6,33,18,13,7,12,4
2024-03-31,2023/24,Liverpool,Brighton & Hove Albion,2,1,3,1,H,1,1,1.36,5.5,7.5,1.36,3.1,30,9,8,3,8,4
2024-03-31,2023/24,Manchester City,Arsenal,0,0,0,0,D,0,0,1.91,3.8,3.8,1.7,2.1,12,6,1,2,7,4
2024-04-02,2023/24,Newcastle United,Everton,1,1,2,0,D,1,0,2.0,3.75,3.5,1.67,2.2,18,10,6,3,7,3
2024-04-02,2023/24,Nottingham Forest,Fulham,3,1,4,2,H,1,1,2.7,3.4,2.63,1.8,2.0,16,18,4,3,3,8
2024-04-02,2023/24,AFC Bournemouth,Crystal Palace,1,0,1,1,H,0,0,1.95,3.8,3.6,1.73,2.1,11,3,6,2,9,2
2024-04-02,2023/24,Burnley,Wolverhampton Wanderers,1,1,2,0,D,1,0,2.45,3.6,2.75,1.84,2.06,13,8,6,2,7,4
2024-04-02,2023/24,West Ham United,Tottenham Hotspur,1,1,2,0,D,1,0,3.3,4.2,1.95,1.33,3.4,11,13,4,4,9,5
2024-04-03,2023/24,Arsenal,Luton Town,2,0,2,2,H,0,0,1.1,10.0,19.0,1.25,4.0,13,5,4,1,3,1
2024-04-03,2023/24,Brentford,Brighton & Hove Albion,0,0,0,0,D,0,0,2.38,3.8,2.75,1.57,2.38,5,24,2,6,1,5
2024-04-03,2023/24,Manchester City,Aston Villa,4,1,5,3,H,1,1,1.3,6.0,8.0,1.4,3.0,25,8,11,3,2,3
2024-04-04,2023/24,Chelsea,Manchester United,4,3,7,1,H,1,1,2.0,4.0,3.4,1.4,3.0,28,19,10,5,12,3
2024-04-04,2023/24,Liverpool,Sheffield United,3,1,4,2,H,1,1,1.09,12.0,21.0,1.2,4.5,29,8,9,3,13,1
2024-04-06,2023/24,Crystal Palace,Manchester City,2,4,6,-2,A,1,1,9.5,5.25,1.33,1.67,2.2,7,18,4,8,2,9
2024-04-06,2023/24,Aston Villa,Brentford,3,3,6,0,D,1,1,1.7,4.0,4.75,1.53,2.5,11,8,3,3,11,3
2024-04-06,2023/24,Everton,Burnley,1,0,1,1,H,0,0,1.65,4.0,5.25,1.8,2.0,12,6,3,1,3,5
2024-04-06,2023/24,Fulham,Newcastle United,0,1,1,-1,A,0,0,2.38,3.8,2.8,1.5,2.63,14,12,4,5,14,3
2024-04-06,2023/24,Luton Town,AFC Bournemouth,2,1,3,1,H,1,1,3.75,3.8,1.91,1.5,2.63,19,8,9,1,7,2
2024-04-06,2023/24,Wolverhampton Wanderers,West Ham United,1,2,3,-1,A,1,1,2.5,3.6,2.7,1.8,2.0,14,11,7,4,4,4
2024-04-06,2023/24,Brighton & Hove Albion,Arsenal,0,3,3,-3,A,0,1,5.0,4.33,1.62,1.62,2.3,10,20,2,7,8,7
2024-04-07,2023/24,Manchester United,Liverpool,2,2,4,0,D,1,1,4.75,4.5,1.6,1.33,3.4,9,28,5,7,6,11
2024-04-07,2023/24,Sheffield United,Chelsea,2,2,4,0,D,1,1,7.0,5.25,1.4,1.4,3.0,11,6,6,3,7,6
2024-04-07,2023/24,Tottenham Hotspur,Nottingham Forest,3,1,4,2,H,1,1,1.4,5.5,6.5,1.4,3.0,17,13,7,6,12,2
2024-04-13,2023/24,AFC Bournemouth,Manchester United,2,2,4,0,D,1,1,2.4,3.9,2.6,1.44,2.75,20,8,5,2,7,2
2024-04-13,2023/24,Nottingham Forest,Wolverhampton Wanderers,2,2,4,0,D,1,1,2.1,3.4,3.5,1.86,2.04,18,11,9,4,10,1
2024-04-13,2023/24,Manchester City,Luton Town,5,1,6,4,H,1,1,1.1,11.0,19.0,1.29,3.75,33,4,13,2,12,1
2024-04-13,2023/24,Burnley,Brighton & Hove Albion,1,1,2,0,D,1,0,3.5,3.75,2.0,1.67,2.2,11,20,3,8,4,5
2024-04-13,2023/24,Brentford,Sheffield United,2,0,2,2,H,0,0,1.44,5.0,6.5,1.53,2.5,9,8,5,2,3,6
2024-04-13,2023/24,Newcastle United,Tottenham Hotspur,4,0,4,4,H,0,1,2.7,4.0,2.3,1.36,3.2,18,11,5,2,16,3
2024-04-14,2023/24,Liverpool,Crystal Palace,0,1,1,-1,A,0,0,1.22,7.0,12.0,1.4,3.0,21,8,6,5,11,1
2024-04-14,2023/24,West Ham United,Fulham,0,2,2,-2,A,0,0,2.38,3.6,2.8,1.67,2.2,15,18,4,10,8,3
2024-04-14,2023/24,Arsenal,Aston Villa,0,2,2,-2,A,0,0,1.29,5.75,10.0,1.5,2.63,18,11,4,2,4,6
2024-04-15,2023/24,Chelsea,Everton,6,0,6,6,H,0,1,1.7,4.2,4.5,1.53,2.5,14,10,10,2,4,8
2024-04-20,2023/24,Luton Town,Brentford,1,5,6,-4,A,1,1,3.1,3.75,2.15,1.57,2.38,6,21,3,9,4,9
2024-04-20,2023/24,Sheffield United,Burnley,1,4,5,-3,A,1,1,2.75,3.6,2.45,1.67,2.2,18,16,11,9,11,2
2024-04-20,2023/24,Wolverhampton Wanderers,Arsenal,0,2,2,-2,A,0,0,8.5,4.5,1.4,1.62,2.3,5,24,3,9,1,2
2024-04-21,2023/24,Everton,Nottingham Forest,2,0,2,2,H,0,0,2.05,3.5,3.6,1.93,1.97,7,8,4,3,6,4
2024-04-21,2023/24,Aston Villa,AFC Bournemouth,3,1,4,2,H,1,1,1.85,4.0,3.6,1.44,2.75,14,14,4,6,8,4
2024-04-21,2023/24,Crystal Palace,West Ham United,5,2,7,3,H,1,1,2.1,3.6,3.4,1.8,2.0,18,4,7,1,4,0
2024-04-21,2023/24,Fulham,Liverpool,1,3,4,-2,A,1,1,5.25,4.5,1.57,1.44,2.75,12,14,5,7,1,4
2024-04-23,2023/24,Arsenal,Chelsea,5,0,5,5,H,0,1,1.44,5.0,6.0,1.53,2.5,27,7,10,1,4,2
2024-04-24,2023/24,Wolverhampton Wanderers,AFC Bournemouth,0,1,1,-1,A,0,0,2.7,3.6,2.5,1.67,2.2,15,21,4,6,8,12
2024-04-24,2023/24,Crystal Palace,Newcastle United,2,0,2,2,H,0,0,2.75,3.6,2.4,1.57,2.38,20,7,7,2,7,2
2024-04-24,2023/24,Everton,Liverpool,2,0,2,2,H,0,0,7.0,5.0,1.4,1.53,2.5,16,23,6,7,4,13
2024-04-24,2023/24,Manchester United,Sheffield United,4,2,6,2,H,1,1,1.3,6.5,7.5,1.36,3.2,25,10,13,4,9,4
2024-04-25,2023/24,Brighton & Hove Albion,Manchester City,0,4,4,-4,A,0,1,6.5,5.0,1.4,1.5,2.63,7,14,3,6,4,4
2024-04-27,2023/24,West Ham United,Liverpool,2,2,4,0,D,1,1,5.5,5.0,1.5,1.36,3.2,11,28,8,8,5,8
2024-04-27,2023/24,Fulham,Crystal Palace,1,1,2,0,D,1,0,2.1,3.5,3.5,1.73,2.1,9,14,2,4,5,9
2024-04-27,2023/24,Manchester United,Burnley,1,1,2,0,D,1,0,1.5,4.75,5.5,1.36,3.2,27,16,10,7,6,5
2024-04-27,2023/24,Newcastle United,Sheffield United,5,1,6,4,H,1,1,1.22,7.0,11.0,1.33,3.4,20,15,7,5,4,5
2024-04-27,2023/24,Wolverhampton Wanderers,Luton Town,2,1,3,1,H,1,1,1.95,3.8,3.6,1.62,2.3,13,9,5,6,4,4
2024-04-27,2023/24,Everton,Brentford,1,0,1,1,H,0,0,2.3,3.5,3.0,1.87,2.03,18,10,1,4,6,6
2024-04-27,2023/24,Aston Villa,Chelsea,2,2,4,0,D,1,1,2.15,3.8,3.0,1.44,2.75,9,21,4,5,2,4
2024-04-28,2023/24,Tottenham Hotspur,Arsenal,2,3,5,-1,A,1,1,4.2,4.2,1.75,1.5,2.63,14,9,2,3,8,6
2024-04-28,2023/24,Nottingham Forest,Manchester City,0,2,2,-2,A,0,0,8.0,6.0,1.3,1.53,2.5,14,11,2,5,4,5
2024-04-28,2023/24,AFC Bournemouth,Brighton & Hove Albion,3,0,3,3,H,0,1,2.25,3.8,2.9,1.44,2.75,15,13,6,1,8,2
2024-05-02,2023/24,Chelsea,Tottenham Hotspur,2,0,2,2,H,0,0,2.15,3.8,3.0,1.3,3.5,16,19,5,3,4,9
2024-05-03,2023/24,Luton Town,Everton,1,1,2,0,D,1,0,2.6,3.6,2.55,1.73,2.1,18,10,5,3,8,7
2024-05-04,2023/24,Arsenal,AFC Bournemouth,3,0,3,3,H,0,1,1.22,7.5,11.0,1.33,3.4,25,7,9,2,6,1
2024-05-04,2023/24,Brentford,Fulham,0,0,0,0,D,0,0,2.1,3.8,3.2,1.57,2.38,7,15,3,3,7,6
2024-05-04,2023/24,Burnley,Newcastle United,1,4,5,-3,A,1,1,3.4,4.0,1.95,1.5,2.63,17,23,5,11,4,11
2024-05-04,2023/24,Sheffield United,Nottingham Forest,1,3,4,-2,A,1,1,4.75,4.2,1.65,1.57,2.38,17,15,5,4,5,3
2024-05-04,2023/24,Manchester City,Wolverhampton Wanderers,5,1,6,4,H,1,1,1.08,12.0,21.0,1.3,3.5,20,2,12,1,6,0
2024-05-05,2023/24,Brighton & Hove Albion,Aston Villa,1,0,1,1,H,0,0,2.75,3.75,2.45,1.5,2.63,15,2,8,1,7,3
2024-05-05,2023/24,Chelsea,West Ham United,5,0,5,5,H,0,1,1.65,4.5,4.5,1.4,3.0,25,13,14,2,8,6
2024-05-05,2023/24,Liverpool,Tottenham Hotspur,4,2,6,2,H,1,1,1.5,5.75,5.0,1.25,4.0,25,11,13,6,8,3
2024-05-06,2023/24,Crystal Palace,Manchester United,4,0,4,4,H,0,1,2.38,3.75,2.8,1.53,2.5,18,7,10,2,6,3
2024-05-11,2023/24,Everton,Sheffield United,1,0,1,1,H,0,0,1.4,4.8,7.5,1.53,2.5,15,13,6,1,3,6
2024-05-11,2023/24,Nottingham Forest,Chelsea,2,3,5,-1,A,1,1,3.4,3.8,2.0,1.5,2.63,20,12,4,5,5,6
2024-05-11,2023/24,Wolverhampton Wanderers,Crystal Palace,1,3,4,-2,A,1,1,2.88,3.5,2.38,1.8,2.0,13,13,7,3,8,3
2024-05-11,2023/24,West Ham United,Luton Town,3,1,4,2,H,1,1,1.8,4.2,3.8,1.44,2.75,24,4,8,1,7,6
2024-05-11,2023/24,Fulham,Manchester City,0,4,4,-4,A,0,1,13.0,7.0,1.2,1.36,3.2,1,16,1,9,1,7
2024-05-11,2023/24,Newcastle United,Brighton & Hove Albion,1,1,2,0,D,1,0,1.57,4.75,4.75,1.33,3.4,18,15,7,4,8,4
2024-05-11,2023/24,AFC Bournemouth,Brentford,1,2,3,-1,A,1,1,1.95,4.0,3.5,1.44,2.75,13,11,4,5,3,8
2024-05-11,2023/24,Tottenham Hotspur,Burnley,2,1,3,1,H,1,1,1.36,5.75,7.0,1.25,4.0,21,7,9,3,9,3
2024-05-12,2023/24,Manchester United,Arsenal,0,1,1,-1,A,0,0,7.0,5.5,1.36,1.36,3.2,14,11,2,5,4,7
2024-05-13,2023/24,Aston Villa,Liverpool,3,3,6,0,D,1,1,4.2,4.33,1.7,1.33,3.4,19,14,5,7,5,4
2024-05-14,2023/24,Tottenham Hotspur,Manchester City,0,2,2,-2,A,0,0,6.5,6.0,1.36,1.25,4.0,10,8,5,5,7,4
2024-05-15,2023/24,Manchester United,Newcastle United,3,2,5,1,H,1,1,2.75,4.0,2.3,1.33,3.4,17,21,8,8,9,9
2024-05-15,2023/24,Brighton & Hove Albion,Chelsea,1,2,3,-1,A,1,1,3.3,4.0,1.95,1.4,3.0,12,13,2,6,4,6
2024-05-19,2023/24,Luton Town,Fulham,2,4,6,-2,A,1,1,2.9,3.9,2.2,1.44,2.75,15,15,6,7,4,4
2024-05-19,2023/24,Burnley,Nottingham Forest,1,2,3,-1,A,1,1,3.0,3.5,2.3,1.53,2.5,20,12,3,6,4,3
2024-05-19,2023/24,Sheffield United,Tottenham Hotspur,0,3,3,-3,A,0,1,7.0,6.0,1.33,1.22,4.33,6,18,1,9,2,6
2024-05-19,2023/24,Manchester City,West Ham United,3,1,4,2,H,1,1,1.08,12.0,21.0,1.2,4.5,28,3,12,2,11,2
2024-05-19,2023/24,Liverpool,Wolverhampton Wanderers,2,0,2,2,H,0,0,1.17,8.0,15.0,1.22,4.33,36,4,14,3,10,2
2024-05-19,2023/24,Brighton & Hove Albion,Manchester United,0,2,2,-2,A,0,0,2.15,4.0,2.9,1.33,3.4,17,11,3,4,7,5
2024-05-19,2023/24,Chelsea,AFC Bournemouth,2,1,3,1,H,1,1,1.45,5.0,6.0,1.29,3.75,16,22,6,5,6,5
2024-05-19,2023/24,Brentford,Newcastle United,2,4,6,-2,A,1,1,2.9,3.9,2.2,1.36,3.2,10,12,5,7,3,0
2024-05-19,2023/24,Arsenal,Everton,2,1,3,1,H,1,1,1.18,8.0,12.0,1.36,3.2,26,5,5,2,8,1
2024-05-19,2023/24,Crystal Palace,Aston Villa,5,0,5,5,H,0,1,1.85,4.33,3.6,1.4,3.0,15,8,9,2,2,4
2024-08-16,2024/25,Manchester United,Fulham,1,0,1,1,H,0,0,1.6,4.2,5.25,1.53,2.5,14,10,5,2,7,8
2024-08-17,2024/25,Ipswich Town,Liverpool,0,2,2,-2,A,0,0,8.5,5.5,1.33,1.4,3.0,7,18,2,5,2,10
2024-08-17,2024/25,Arsenal,Wolverhampton Wanderers,2,0,2,2,H,0,0,1.18,7.5,13.0,1.44,2.75,18,9,6,3,8,2
2024-08-17,2024/25,Everton,Brighton & Hove Albion,0,3,3,-3,A,0,1,2.63,3.3,2.63,1.8,2.0,9,10,1,5,1,5
2024-08-17,2024/25,Newcastle United,Southampton,1,0,1,1,H,0,0,1.36,5.25,8.0,1.4,3.0,3,19,1,4,3,12
2024-08-17,2024/25,Nottingham Forest,AFC Bournemouth,1,1,2,0,D,1,0,2.45,3.5,2.8,1.73,2.1,14,13,8,4,2,6
2024-08-17,2024/25,West Ham United,Aston Villa,1,2,3,-1,A,1,1,2.45,3.6,2.75,1.57,2.38,14,15,3,3,5,3
2024-08-18,2024/25,Chelsea,Manchester City,0,2,2,-2,A,0,0,4.1,3.9,1.8,1.5,2.63,10,11,3,5,4,3
2024-08-18,2024/25,Brentford,Crystal Palace,2,1,3,1,H,1,1,2.4,3.4,2.9,1.8,2.0,9,14,5,6,4,7
2024-08-19,2024/25,Leicester City,Tottenham Hotspur,1,1,2,0,D,1,0,5.0,4.33,1.62,1.53,2.5,7,15,3,7,2,13
2024-08-24,2024/25,Brighton & Hove Albion,Manchester United,2,1,3,1,H,1,1,2.5,3.7,2.63,1.57,2.38,14,11,5,4,4,4
2024-08-24,2024/25,Crystal Palace,West Ham United,0,2,2,-2,A,0,0,2.15,3.6,3.2,1.73,2.1,14,18,2,3,3,3
2024-08-24,2024/25,Fulham,Leicester City,2,1,3,1,H,1,1,1.8,3.75,4.2,1.89,2.01,18,10,6,4,7,5
2024-08-24,2024/25,Manchester City,Ipswich Town,4,1,5,3,H,1,1,1.08,12.0,21.0,1.3,3.5,14,1,5,1,10,1
2024-08-24,2024/25,Southampton,Nottingham Forest,0,1,1,-1,A,0,0,2.55,3.3,2.8,2.01,1.89,5,23,1,8,4,10
2024-08-24,2024/25,Tottenham Hotspur,Everton,4,0,4,4,H,0,1,1.44,4.75,6.5,1.5,2.63,13,10,7,1,12,5
2024-08-24,2024/25,Aston Villa,Arsenal,0,2,2,-2,A,0,0,4.33,3.8,1.75,1.73,2.1,11,9,3,4,4,1
2024-08-25,2024/25,AFC Bournemouth,Newcastle United,1,1,2,0,D,1,0,2.9,3.8,2.2,1.57,2.38,16,14,4,5,8,9
2024-08-25,2024/25,Wolverhampton Wanderers,Chelsea,2,6,8,-4,A,1,1,4.33,4.0,1.75,1.62,2.3,12,14,4,8,5,5
2024-08-25,2024/25,Liverpool,Brentford,2,0,2,2,H,0,0,1.27,5.75,11.0,1.36,3.2,19,8,8,2,9,4
2024-08-31,2024/25,Nottingham Forest,Wolverhampton Wanderers,1,1,2,0,D,1,0,2.0,3.7,3.7,1.85,2.05,16,11,5,3,7,3
2024-08-31,2024/25,West Ham United,Manchester City,1,3,4,-2,A,1,1,7.0,5.5,1.38,1.44,2.75,10,23,2,8,3,11
2024-08-31,2024/25,Ipswich Town,Fulham,1,1,2,0,D,1,0,3.0,3.5,2.3,1.84,2.06,11,9,4,4,8,6
2024-08-31,2024/25,Leicester City,Aston Villa,1,2,3,-1,A,1,1,4.5,4.0,1.7,1.67,2.2,9,10,3,5,1,4
2024-08-31,2024/25,Everton,AFC Bournemouth,2,3,5,-1,A,1,1,2.75,3.4,2.55,1.92,1.98,18,17,8,7,8,4
2024-08-31,2024/25,Brentford,Southampton,3,1,4,2,H,1,1,1.75,3.9,4.33,1.73,2.1,20,18,7,6,2,8
2024-08-31,2024/25,Arsenal,Brighton & Hove Albion,1,1,2,0,D,1,0,1.33,5.5,8.5,1.53,2.5,11,22,7,4,3,7
2024-09-01,2024/25,Chelsea,Crystal Palace,1,1,2,0,D,1,0,1.6,4.33,5.0,1.5,2.63,13,9,7,3,4,5
2024-09-01,2024/25,Newcastle United,Tottenham Hotspur,2,1,3,1,H,1,1,2.5,4.0,2.5,1.36,3.2,9,20,3,6,7,12
2024-09-01,2024/25,Manchester United,Liverpool,0,3,3,-3,A,0,1,3.7,4.2,1.85,1.44,2.75,8,11,3,3,5,2
2024-09-14,2024/25,Southampton,Manchester United,0,3,3,-3,A,0,1,4.5,4.0,1.7,1.62,2.3,6,20,4,10,0,7
2024-09-14,2024/25,Brighton & Hove Albion,Ipswich Town,0,0,0,0,D,0,0,1.38,5.0,7.5,1.53,2.5,21,6,6,1,9,2
2024-09-14,2024/25,Crystal Palace,Leicester City,2,2,4,0,D,1,1,1.62,4.0,5.5,1.73,2.1,20,9,4,4,5,2
2024-09-14,2024/25,Fulham,West Ham United,1,1,2,0,D,1,0,2.38,3.25,3.0,1.73,2.1,21,11,5,3,3,2
2024-09-14,2024/25,Liverpool,Nottingham Forest,0,1,1,-1,A,0,0,1.22,6.5,12.0,1.44,2.75,14,5,5,3,7,2
2024-09-14,2024/25,Manchester City,Brentford,2,1,3,1,H,1,1,1.18,8.0,12.0,1.36,3.2,18,8,7,5,12,3
2024-09-14,2024/25,Aston Villa,Everton,3,2,5,1,H,1,1,1.5,4.2,6.5,1.67,2.2,17,6,8,2,6,2
2024-09-14,2024/25,AFC Bournemouth,Chelsea,0,1,1,-1,A,0,0,3.4,3.8,2.0,1.44,2.75,19,10,7,3,6,3
2024-09-15,2024/25,Wolverhampton Wanderers,Newcastle United,1,2,3,-1,A,1,1,3.4,3.5,2.1,1.57,2.38,12,14,5,6,4,7
2024-09-15,2024/25,Tottenham Hotspur,Arsenal,0,1,1,-1,A,0,0,3.0,3.5,2.3,1.57,2.38,15,7,5,4,7,6
2024-09-21,2024/25,West Ham United,Chelsea,0,3,3,-3,A,0,1,3.6,3.9,1.95,1.5,2.63,15,12,7,5,6,5
2024-09-21,2024/25,Aston Villa,Wolverhampton Wanderers,3,1,4,2,H,1,1,1.57,4.2,5.25,1.57,2.38,9,10,4,4,6,5
2024-09-21,2024/25,Fulham,Newcastle United,3,1,4,2,H,1,1,3.0,3.4,2.4,1.67,2.2,22,15,11,4,6,0
2024-09-21,2024/25,Leicester City,Everton,1,1,2,0,D,1,0,2.45,3.4,2.88,1.87,2.03,12,16,2,5,6,1
2024-09-21,2024/25,Liverpool,AFC Bournemouth,3,0,3,3,H,0,1,1.3,6.25,9.0,1.36,3.2,19,19,13,6,3,9
2024-09-21,2024/25,Southampton,Ipswich Town,1,1,2,0,D,1,0,2.25,3.5,3.2,1.8,2.0,11,13,3,6,2,10
2024-09-21,2024/25,Tottenham Hotspur,Brentford,3,1,4,2,H,1,1,1.55,4.5,5.5,1.44,2.75,23,6,10,6,9,4
2024-09-21,2024/25,Crystal Palace,Manchester United,0,0,0,0,D,0,0,2.88,3.75,2.3,1.57,2.38,9,15,4,6,4,11
2024-09-22,2024/25,Brighton & Hove Albion,Nottingham Forest,2,2,4,0,D,1,1,1.75,3.75,4.75,1.86,2.04,14,4,3,3,9,1
2024-09-22,2024/25,Manchester City,Arsenal,2,2,4,0,D,1,1,1.8,3.6,4.5,2.04,1.86,33,5,11,3,8,2
2024-09-28,2024/25,Wolverhampton Wanderers,Liverpool,1,2,3,-1,A,1,1,8.0,5.75,1.33,1.44,2.75,8,10,3,6,2,10
2024-09-28,2024/25,Nottingham Forest,Fulham,0,1,1,-1,A,0,0,2.38,3.3,3.0,2.02,1.88,11,14,1,2,6,5
2024-09-28,2024/25,Everton,Crystal Palace,2,1,3,1,H,1,1,2.7,3.3,2.63,1.88,2.02,8,17,2,5,5,8
2024-09-28,2024/25,Chelsea,Brighton & Hove Albion,4,2,6,2,H,1,1,1.73,4.2,4.2,1.5,2.63,15,15,7,5,8,2
2024-09-28,2024/25,Brentford,West Ham United,1,1,2,0,D,1,0,2.2,3.5,3.2,1.67,2.2,8,19,3,3,7,7
2024-09-28,2024/25,Arsenal,Leicester City,4,2,6,2,H,1,1,1.17,8.0,15.0,1.5,2.63,36,5,16,3,17,0
2024-09-28,2024/25,Newcastle United,Manchester City,1,1,2,0,D,1,0,5.25,4.33,1.6,1.5,2.63,11,16,4,6,5,6
2024-09-29,2024/25,Ipswich Town,Aston Villa,2,2,4,0,D,1,1,4.0,3.75,1.85,1.73,2.1,15,7,5,3,10,0
2024-09-29,2024/25,Manchester United,Tottenham Hotspur,0,3,3,-3,A,0,1,2.35,3.75,2.75,1.44,2.75,11,24,2,10,5,3
2024-09-30,2024/25,AFC Bournemouth,Southampton,3,1,4,2,H,1,1,1.65,4.1,5.0,1.5,2.63,14,9,6,3,7,4
2024-10-05,2024/25,Crystal Palace,Liverpool,0,1,1,-1,A,0,0,6.0,4.5,1.5,1.57,2.38,9,16,5,4,3,8
2024-10-05,2024/25,Arsenal,Southampton,3,1,4,2,H,1,1,1.14,9.0,17.0,1.36,3.2,29,8,6,2,13,1
2024-10-05,2024/25,Brentford,Wolverhampton Wanderers,5,3,8,2,H,1,1,2.05,3.6,3.4,1.73,2.1,19,17,12,6,10,3
2024-10-05,2024/25,Leicester City,AFC Bournemouth,1,0,1,1,H,0,0,3.1,3.75,2.15,1.67,2.2,6,17,2,2,0,9
2024-10-05,2024/25,Manchester City,Fulham,3,2,5,1,H,1,1,1.25,7.0,9.5,1.44,2.75,20,11,7,4,8,3
2024-10-05,2024/25,West Ham United,Ipswich Town,4,1,5,3,H,1,1,1.8,3.8,4.33,1.67,2.2,23,9,13,2,5,5
2024-10-05,2024/25,Everton,Newcastle United,0,0,0,0,D,0,0,3.2,3.6,2.2,1.67,2.2,8,14,2,3,0,10
2024-10-06,2024/25,Brighton & Hove Albion,Tottenham Hotspur,3,2,5,1,H,1,1,2.9,4.0,2.2,1.4,3.0,11,13,4,3,4,7
2024-10-06,2024/25,Chelsea,Nottingham Forest,1,1,2,0,D,1,0,1.48,4.5,6.5,1.57,2.38,22,16,8,9,11,3
2024-10-06,2024/25,Aston Villa,Manchester United,0,0,0,0,D,0,0,2.2,3.75,3.0,1.53,2.5,11,10,1,4,6,3
2024-10-19,2024/25,Tottenham Hotspur,West Ham United,4,1,5,3,H,1,1,1.5,5.0,5.25,1.36,3.2,22,11,7,4,13,5
2024-10-19,2024/25,Fulham,Aston Villa,1,3,4,-2,A,1,1,2.45,3.5,2.8,1.73,2.1,10,14,4,5,6,11
2024-10-19,2024/25,Ipswich Town,Everton,0,2,2,-2,A,0,0,2.38,3.3,3.0,1.86,2.04,13,11,2,8,5,8
2024-10-19,2024/25,Manchester United,Brentford,2,1,3,1,H,1,1,1.7,4.2,4.5,1.5,2.63,23,8,11,2,9,2
2024-10-19,2024/25,Newcastle United,Brighton & Hove Albion,0,1,1,-1,A,0,0,1.95,3.7,3.6,1.49,2.45,21,10,6,5,9,4
2024-10-19,2024/25,Southampton,Leicester City,2,3,5,-1,A,1,1,2.3,3.5,3.0,1.73,2.1,14,18,7,4,10,6
2024-10-19,2024/25,AFC Bournemouth,Arsenal,2,0,2,2,H,0,0,5.0,3.9,1.65,1.73,2.1,13,6,4,1,7,4
2024-10-20,2024/25,Wolverhampton Wanderers,Manchester City,1,2,3,-1,A,1,1,8.0,6.0,1.33,1.44,2.75,3,22,2,7,1,18
2024-10-20,2024/25,Liverpool,Chelsea,2,1,3,1,H,1,1,1.62,4.1,5.0,1.4,3.0,9,12,5,2,1,6
2024-10-21,2024/25,Nottingham Forest,Crystal Palace,1,0,1,1,H,0,0,2.3,3.5,3.0,2.1,1.73,20,20,6,7,6,6
2024-10-25,2024/25,Leicester City,Nottingham Forest,1,3,4,-2,A,1,1,3.0,3.3,2.4,2.0,1.8,11,20,1,5,6,7
2024-10-26,2024/25,Everton,Fulham,1,1,2,0,D,1,0,2.75,3.25,2.63,1.91,1.99,10,14,5,3,4,2
2024-10-26,2024/25,Manchester City,Southampton,1,0,1,1,H,0,0,1.11,10.0,17.0,1.29,3.75,22,5,8,2,12,1
2024-10-26,2024/25,Brentford,Ipswich Town,4,3,7,1,H,1,1,1.65,4.33,4.75,1.67,2.2,20,11,9,5,5,5
2024-10-26,2024/25,Aston Villa,AFC Bournemouth,1,1,2,0,D,1,0,1.85,3.9,3.8,1.57,2.38,18,11,8,3,9,7
2024-10-26,2024/25,Brighton & Hove Albion,Wolverhampton Wanderers,2,2,4,0,D,1,1,1.62,4.5,4.5,1.57,2.38,19,14,6,7,9,6
2024-10-27,2024/25,Chelsea,Newcastle United,2,1,3,1,H,1,1,1.73,4.33,4.2,1.44,2.75,17,11,7,3,7,4
2024-10-27,2024/25,Crystal Palace,Tottenham Hotspur,1,0,1,1,H,0,0,3.9,4.0,1.83,1.57,2.38,14,11,6,3,8,8
2024-10-27,2024/25,West Ham United,Manchester United,2,1,3,1,H,1,1,2.88,3.75,2.3,1.53,2.5,12,18,3,5,6,5
2024-10-27,2024/25,Arsenal,Liverpool,2,2,4,0,D,1,1,2.5,3.25,2.9,1.92,1.98,9,9,3,4,1,3
2024-11-02,2024/25,Newcastle United,Arsenal,1,0,1,1,H,0,0,3.75,3.75,1.95,1.84,2.06,9,10,4,1,4,6
2024-11-02,2024/25,AFC Bournemouth,Manchester City,2,1,3,1,H,1,1,5.5,4.2,1.57,1.57,2.38,12,18,6,4,3,10
2024-11-02,2024/25,Ipswich Town,Leicester City,1,1,2,0,D,1,0,2.25,3.5,3.1,1.73,2.1,14,20,2,6,4,6
2024-11-02,2024/25,Liverpool,Brighton & Hove Albion,2,1,3,1,H,1,1,1.4,5.0,7.5,1.4,3.0,16,13,8,5,10,7
2024-11-02,2024/25,Nottingham Forest,West Ham United,3,0,3,3,H,0,1,2.15,3.5,3.4,1.89,2.01,19,4,6,2,11,6
2024-11-02,2024/25,Southampton,Everton,1,0,1,1,H,0,0,2.63,3.4,2.63,1.84,2.06,9,16,2,5,3,6
2024-11-02,2024/25,Wolverhampton Wanderers,Crystal Palace,2,2,4,0,D,1,1,2.5,3.4,2.88,1.9,2.0,11,19,6,7,3,6
2024-11-03,2024/25,Manchester United,Chelsea,1,1,2,0,D,1,0,2.6,3.5,2.6,1.44,2.75,11,12,4,3,4,8
2024-11-03,2024/25,Tottenham Hotspur,Aston Villa,4,1,5,3,H,1,1,1.91,4.0,3.6,1.44,2.75,16,12,6,1,6,4
2024-11-04,2024/25,Fulham,Brentford,2,1,3,1,H,1,1,2.0,3.7,3.5,1.67,2.2,26,5,12,2,11,3
2024-11-09,2024/25,Brentford,AFC Bournemouth,3,2,5,1,H,1,1,2.5,3.5,2.7,1.62,2.3,12,15,6,3,6,4
2024-11-09,2024/25,Crystal Palace,Fulham,0,2,2,-2,A,0,0,2.7,3.5,2.55,1.95,1.95,13,17,5,7,1,8
2024-11-09,2024/25,West Ham United,Everton,0,0,0,0,D,0,0,2.15,3.4,3.4,1.84,2.06,11,18,6,4,7,6
2024-11-09,2024/25,Wolverhampton Wanderers,Southampton,2,0,2,2,H,0,0,1.91,3.75,3.75,1.67,2.2,8,9,4,0,1,9
2024-11-09,2024/25,Brighton & Hove Albion,Manchester City,2,1,3,1,H,1,1,4.1,4.2,1.73,1.53,2.5,10,15,4,6,0,4
2024-11-09,2024/25,Liverpool,Aston Villa,2,0,2,2,H,0,0,1.42,5.25,6.5,1.44,2.75,14,12,5,2,2,9
2024-11-10,2024/25,Manchester United,Leicester City,3,0,3,3,H,0,1,1.38,5.5,6.5,1.44,2.75,13,6,3,5,1,5
2024-11-10,2024/25,Nottingham Forest,Newcastle United,1,3,4,-2,A,1,1,2.7,3.3,2.7,1.97,1.93,9,17,3,6,4,5
2024-11-10,2024/25,Tottenham Hotspur,Ipswich Town,1,2,3,-1,A,1,1,1.25,6.5,9.0,1.3,3.5,17,8,5,3,12,2
2024-11-10,2024/25,Chelsea,Arsenal,1,1,2,0,D,1,0,2.7,3.4,2.55,1.73,2.1,17,13,3,3,4,3
2024-11-23,2024/25,Fulham,Wolverhampton Wanderers,1,4,5,-3,A,1,1,1.62,4.0,5.25,1.67,2.2,10,10,3,5,7,2
2024-11-23,2024/25,Manchester City,Tottenham Hotspur,0,4,4,-4,A,0,1,1.48,4.75,6.0,1.3,3.5,23,9,5,7,9,3
2024-11-23,2024/25,Everton,Brentford,0,0,0,0,D,0,0,2.45,3.4,2.88,1.86,2.04,27,9,5,2,10,4
2024-11-23,2024/25,Leicester City,Chelsea,1,2,3,-1,A,1,1,6.5,4.75,1.44,1.5,2.63,4,16,1,7,2,9
2024-11-23,2024/25,Aston Villa,Crystal Palace,2,2,4,0,D,1,1,1.62,4.0,5.5,1.73,2.1,17,13,5,6,10,1
2024-11-23,2024/25,Arsenal,Nottingham Forest,3,0,3,3,H,0,1,1.38,4.75,9.0,1.8,2.0,19,7,7,0,8,1
2024-11-23,2024/25,AFC Bournemouth,Brighton & Hove Albion,1,2,3,-1,A,1,1,2.4,3.6,2.8,1.57,2.38,19,6,5,4,7,0
2024-11-24,2024/25,Southampton,Liverpool,2,3,5,-1,A,1,1,11.0,5.75,1.27,1.44,2.75,7,27,5,11,3,10
2024-11-24,2024/25,Ipswich Town,Manchester United,1,1,2,0,D,1,0,5.25,4.0,1.62,1.57,2.38,11,11,6,4,4,3
2024-11-25,2024/25,Newcastle United,West Ham United,0,2,2,-2,A,0,0,1.5,4.5,6.0,1.53,2.5,18,15,2,6,8,3
2024-11-29,2024/25,Brighton & Hove Albion,Southampton,1,1,2,0,D,1,0,1.38,5.0,7.5,1.44,2.75,22,10,5,2,7,6
2024-11-30,2024/25,Wolverhampton Wanderers,AFC Bournemouth,2,4,6,-2,A,1,1,2.8,3.6,2.4,1.67,2.2,10,12,3,8,3,4
2024-11-30,2024/25,Nottingham Forest,Ipswich Town,1,0,1,1,H,0,0,1.7,3.8,4.75,1.92,1.98,12,7,5,3,8,7
2024-11-30,2024/25,West Ham United,Arsenal,2,5,7,-3,A,1,1,7.0,4.5,1.45,1.73,2.1,12,16,5,7,2,10
2024-11-30,2024/25,Brentford,Leicester City,4,1,5,3,H,1,1,1.65,4.2,4.75,1.57,2.38,13,7,6,3,5,4
2024-11-30,2024/25,Crystal Palace,Newcastle United,1,1,2,0,D,1,0,2.9,3.6,2.3,1.8,2.0,16,1,4,0,8,9
2024-12-01,2024/25,Chelsea,Aston Villa,3,0,3,3,H,0,1,1.7,4.1,4.5,1.53,2.5,17,10,8,4,3,4
2024-12-01,2024/25,Manchester United,Everton,4,0,4,4,H,0,1,1.53,4.2,6.0,1.73,2.1,11,8,5,2,2,2
2024-12-01,2024/25,Tottenham Hotspur,Fulham,1,1,2,0,D,1,0,1.7,4.5,4.1,1.44,2.75,8,14,3,6,7,11
2024-12-01,2024/25,Liverpool,Manchester City,2,0,2,2,H,0,0,2.1,3.6,3.3,1.57,2.38,18,8,7,2,7,4
2024-12-03,2024/25,Ipswich Town,Crystal Palace,0,1,1,-1,A,0,0,3.0,3.4,2.35,2.01,1.89,9,13,2,3,4,7
2024-12-03,2024/25,Leicester City,West Ham United,3,1,4,2,H,1,1,2.9,3.4,2.38,1.73,2.1,8,31,6,10,3,9
2024-12-04,2024/25,Arsenal,Manchester United,2,0,2,2,H,0,0,1.44,4.5,7.0,1.62,2.3,14,5,6,2,13,0
2024-12-04,2024/25,Everton,Wolverhampton Wanderers,4,0,4,4,H,0,1,2.1,3.4,3.5,2.03,1.87,13,6,4,2,3,4
2024-12-04,2024/25,Manchester City,Nottingham Forest,3,0,3,3,H,0,1,1.36,4.75,9.0,1.57,2.38,17,12,7,3,8,2
2024-12-04,2024/25,Newcastle United,Liverpool,3,3,6,0,D,1,1,4.2,4.0,1.75,1.57,2.38,17,16,6,5,5,6
2024-12-04,2024/25,Southampton,Chelsea,1,5,6,-4,A,1,1,8.5,5.25,1.33,1.44,2.75,6,26,4,13,5,7
2024-12-04,2024/25,Aston Villa,Brentford,3,1,4,2,H,1,1,1.8,3.75,4.33,1.57,2.38,20,9,10,1,10,5
2024-12-05,2024/25,AFC Bournemouth,Tottenham Hotspur,1,0,1,1,H,0,0,2.63,3.75,2.45,1.44,2.75,21,12,8,4,5,9
2024-12-05,2024/25,Fulham,Brighton & Hove Albion,3,1,4,2,H,1,1,2.35,3.6,2.88,1.62,2.3,6,13,2,3,5,6
2024-12-07,2024/25,Crystal Palace,Manchester City,2,2,4,0,D,1,1,5.5,4.2,1.57,1.62,2.3,12,12,3,4,6,8
2024-12-07,2024/25,Manchester United,Nottingham Forest,2,3,5,-1,A,1,1,1.65,3.9,5.25,1.8,2.0,17,11,7,3,5,3
2024-12-07,2024/25,Aston Villa,Southampton,1,0,1,1,H,0,0,1.36,5.5,7.0,1.44,2.75,18,4,5,0,14,1
2024-12-07,2024/25,Brentford,Newcastle United,4,2,6,2,H,1,1,2.88,3.75,2.3,1.57,2.38,11,16,8,3,3,4
2024-12-08,2024/25,Fulham,Arsenal,1,1,2,0,D,1,0,5.0,4.33,1.6,1.8,2.0,2,12,2,4,0,6
2024-12-08,2024/25,Ipswich Town,AFC Bournemouth,1,2,3,-1,A,1,1,3.5,3.75,2.0,1.73,2.1,18,22,5,6,6,13
2024-12-08,2024/25,Leicester City,Brighton & Hove Albion,2,2,4,0,D,1,1,4.5,3.8,1.73,1.57,2.38,10,16,3,7,5,5
2024-12-08,2024/25,Tottenham Hotspur,Chelsea,3,4,7,-1,A,1,1,3.4,3.9,2.0,1.36,3.2,13,17,5,8,5,10
2024-12-09,2024/25,West Ham United,Wolverhampton Wanderers,2,1,3,1,H,1,1,1.9,3.9,3.75,1.62,2.3,19,19,4,5,11,0
2024-12-14,2024/25,Arsenal,Everton,0,0,0,0,D,0,0,1.22,6.5,12.0,1.67,2.2,13,2,5,0,8,2
2024-12-14,2024/25,Liverpool,Fulham,2,2,4,0,D,1,1,1.33,5.5,8.0,1.5,2.63,16,12,4,3,5,4
2024-12-14,2024/25,Newcastle United,Leicester City,4,0,4,4,H,0,1,1.3,6.0,8.5,1.44,2.75,27,4,11,1,5,2
2024-12-14,2024/25,Wolverhampton Wanderers,Ipswich Town,1,2,3,-1,A,1,1,1.9,3.8,3.8,1.73,2.1,16,10,6,5,7,3
2024-12-14,2024/25,Nottingham Forest,Aston Villa,2,1,3,1,H,1,1,2.63,3.3,2.7,1.9,2.0,17,8,6,2,4,3
2024-12-15,2024/25,Chelsea,Brentford,2,1,3,1,H,1,1,1.33,6.0,7.5,1.33,3.4,26,9,8,4,8,5
2024-12-15,2024/25,Southampton,Tottenham Hotspur,0,5,5,-5,A,0,1,4.33,4.5,1.67,1.3,3.5,9,18,3,9,2,5
2024-12-15,2024/25,Brighton & Hove Albion,Crystal Palace,1,3,4,-2,A,1,1,1.85,3.8,3.9,1.73,2.1,17,13,5,5,8,5
2024-12-15,2024/25,Manchester City,Manchester United,1,2,3,-1,A,1,1,1.57,4.5,5.0,1.44,2.75,10,10,3,3,8,2
2024-12-16,2024/25,AFC Bournemouth,West Ham United,1,1,2,0,D,1,0,1.7,4.0,4.75,1.53,2.5,29,16,9,3,12,6
2024-12-21,2024/25,Aston Villa,Manchester City,2,1,3,1,H,1,1,3.25,3.7,2.1,1.57,2.38,11,12,6,6,5,4
2024-12-21,2024/25,Brentford,Nottingham Forest,0,2,2,-2,A,0,0,2.3,3.6,2.9,1.73,2.1,7,10,3,6,9,5
2024-12-21,2024/25,Ipswich Town,Newcastle United,0,4,4,-4,A,0,1,4.75,3.75,1.73,1.62,2.3,10,15,2,7,2,1
2024-12-21,2024/25,West Ham United,Brighton & Hove Albion,1,1,2,0,D,1,0,2.88,3.7,2.35,1.5,2.63,11,12,4,6,8,4
2024-12-21,2024/25,Crystal Palace,Arsenal,1,5,6,-4,A,1,1,6.25,4.2,1.55,1.87,2.03,15,14,6,6,3,3
2024-12-22,2024/25,Tottenham Hotspur,Liverpool,3,6,9,-3,A,1,1,4.5,4.0,1.73,1.3,3.5,9,24,5,12,7,5
2024-12-22,2024/25,Manchester United,AFC Bournemouth,0,3,3,-3,A,0,1,1.8,3.8,4.2,1.57,2.38,23,10,7,5,13,1
2024-12-22,2024/25,Everton,Chelsea,0,0,0,0,D,0,0,5.0,4.2,1.62,1.67,2.2,5,12,4,5,2,5
2024-12-22,2024/25,Fulham,Southampton,0,0,0,0,D,0,0,1.42,4.75,7.0,1.57,2.38,16,5,5,1,6,5
2024-12-22,2024/25,Leicester City,Wolverhampton Wanderers,0,3,3,-3,A,0,1,2.55,3.4,2.7,1.67,2.2,9,8,5,4,6,1
2024-12-26,2024/25,Southampton,West Ham United,0,1,1,-1,A,0,0,3.25,3.5,2.2,1.67,2.2,18,16,5,2,2,2
2024-12-26,2024/25,Liverpool,Leicester City,3,1,4,2,H,1,1,1.08,12.0,23.0,1.2,4.5,19,4,7,1,14,1
2024-12-26,2024/25,Wolverhampton Wanderers,Manchester United,2,0,2,2,H,0,0,3.9,3.7,1.91,1.67,2.2,7,11,4,4,4,4
2024-12-26,2024/25,Nottingham Forest,Tottenham Hotspur,1,0,1,1,H,0,0,2.3,3.75,2.88,1.5,2.63,10,13,3,4,2,7
2024-12-26,2024/25,Chelsea,Fulham,1,2,3,-1,A,1,1,1.48,4.75,6.0,1.44,2.75,12,14,8,7,3,1
2024-12-26,2024/25,AFC Bournemouth,Crystal Palace,0,0,0,0,D,0,0,1.9,3.8,3.8,1.73,2.1,18,10,4,4,5,2
2024-12-26,2024/25,Manchester City,Everton,1,1,2,0,D,1,0,1.33,5.5,7.5,1.53,2.5,24,8,5,3,8,5
2024-12-26,2024/25,Newcastle United,Aston Villa,3,0,3,3,H,0,1,1.91,3.8,3.75,1.62,2.3,22,4,8,1,9,6
2024-12-27,2024/25,Brighton & Hove Albion,Brentford,0,0,0,0,D,0,0,1.62,4.33,4.75,1.44,2.75,24,8,7,3,5,3
2024-12-27,2024/25,Arsenal,Ipswich Town,1,0,1,1,H,0,0,1.14,9.0,15.0,1.4,3.0,13,3,5,0,5,1
2024-12-29,2024/25,Leicester City,Manchester City,0,2,2,-2,A,0,0,7.5,5.5,1.36,1.36,3.2,11,14,4,5,4,4
2024-12-29,2024/25,Crystal Palace,Southampton,2,1,3,1,H,1,1,1.57,3.9,5.5,1.73,2.1,19,7,10,3,8,7
2024-12-29,2024/25,Everton,Nottingham Forest,0,2,2,-2,A,0,0,2.6,3.2,2.8,2.2,1.67,13,11,2,7,5,4
2024-12-29,2024/25,Fulham,AFC Bournemouth,2,2,4,0,D,1,1,2.3,3.6,2.88,1.67,2.2,11,16,6,9,1,7
2024-12-29,2024/25,Tottenham Hotspur,Wolverhampton Wanderers,2,2,4,0,D,1,1,1.6,5.0,4.2,1.33,3.4,13,11,3,3,5,5
2024-12-29,2024/25,West Ham United,Liverpool,0,5,5,-5,A,0,1,7.0,5.0,1.4,1.4,3.0,7,22,0,13,3,6
2024-12-30,2024/25,Manchester United,Newcastle United,0,2,2,-2,A,0,0,2.75,3.5,2.55,1.62,2.3,10,12,0,4,2,3
2024-12-30,2024/25,Ipswich Town,Chelsea,2,0,2,2,H,0,0,6.5,4.75,1.42,1.44,2.75,9,20,6,5,4,7
2024-12-30,2024/25,Aston Villa,Brighton & Hove Albion,2,2,4,0,D,1,1,1.9,3.8,3.6,1.57,2.38,20,13,4,4,12,3
2025-01-01,2024/25,Brentford,Arsenal,1,3,4,-2,A,1,1,6.5,4.75,1.44,1.53,2.5,5,14,2,5,4,3
2025-01-04,2024/25,Tottenham Hotspur,Newcastle United,1,2,3,-1,A,1,1,2.88,3.8,2.25,1.33,3.4,13,14,4,4,9,10
2025-01-04,2024/25,Aston Villa,Leicester City,2,1,3,1,H,1,1,1.33,5.5,8.5,1.5,2.63,13,4,5,2,7,2
2025-01-04,2024/25,AFC Bournemouth,Everton,1,0,1,1,H,0,0,1.73,3.75,4.75,1.91,1.99,19,9,8,0,9,3
2025-01-04,2024/25,Crystal Palace,Chelsea,1,1,2,0,D,1,0,3.8,3.75,1.91,1.57,2.38,13,15,6,1,6,6
2025-01-04,2024/25,Manchester City,West Ham United,4,1,5,3,H,1,1,1.3,6.25,7.5,1.33,3.4,10,17,7,4,7,1
2025-01-04,2024/25,Southampton,Brentford,0,5,5,-5,A,0,1,3.0,3.4,2.4,1.67,2.2,8,20,1,11,2,2
2025-01-04,2024/25,Brighton & Hove Albion,Arsenal,1,1,2,0,D,1,0,4.33,3.75,1.8,1.73,2.1,11,9,4,3,2,5
2025-01-05,2024/25,Fulham,Ipswich Town,2,2,4,0,D,1,1,1.55,4.2,5.75,1.73,2.1,15,7,4,3,9,2
2025-01-05,2024/25,Liverpool,Manchester United,2,2,4,0,D,1,1,1.29,6.25,8.0,1.44,2.75,19,13,6,4,6,9
2025-01-06,2024/25,Wolverhampton Wanderers,Nottingham Forest,0,3,3,-3,A,0,1,3.3,3.2,2.3,2.1,1.73,13,11,6,3,5,3
2025-01-14,2024/25,Nottingham Forest,Liverpool,1,1,2,0,D,1,0,5.25,4.1,1.62,1.62,2.3,6,23,3,7,0,9
2025-01-14,2024/25,West Ham United,Fulham,3,2,5,1,H,1,1,3.0,3.4,2.38,1.86,2.04,4,21,3,5,0,3
2025-01-14,2024/25,Chelsea,AFC Bournemouth,2,2,4,0,D,1,1,1.48,4.75,6.0,1.4,3.0,26,7,10,3,9,3
2025-01-14,2024/25,Brentford,Manchester City,2,2,4,0,D,1,1,4.75,4.2,1.62,1.4,3.0,18,21,6,8,4,5
2025-01-15,2024/25,Everton,Aston Villa,0,1,1,-1,A,0,0,3.25,3.2,2.3,2.08,1.82,10,11,3,3,8,5
2025-01-15,2024/25,Leicester City,Crystal Palace,0,2,2,-2,A,0,0,3.9,3.6,1.91,1.73,2.1,21,9,4,4,4,3
2025-01-15,2024/25,Newcastle United,Wolverhampton Wanderers,3,0,3,3,H,0,1,1.36,5.5,8.0,1.44,2.75,17,13,5,7,4,2
2025-01-15,2024/25,Arsenal,Tottenham Hotspur,2,1,3,1,H,1,1,1.4,5.25,7.0,1.44,2.75,14,10,4,2,10,4
2025-01-16,2024/25,Ipswich Town,Brighton & Hove Albion,0,2,2,-2,A,0,0,3.9,3.7,1.91,1.73,2.1,5,11,3,5,1,9
2025-01-16,2024/25,Manchester United,Southampton,3,1,4,2,H,1,1,1.29,6.0,9.5,1.53,2.5,23,13,9,5,5,4
2025-01-18,2024/25,Newcastle United,AFC Bournemouth,1,4,5,-3,A,1,1,1.62,4.2,5.0,1.53,2.5,13,19,5,10,7,6
2025-01-18,2024/25,Brentford,Liverpool,0,2,2,-2,A,0,0,6.5,5.0,1.42,1.36,3.2,11,37,6,8,2,15
2025-01-18,2024/25,Leicester City,Fulham,0,2,2,-2,A,0,0,4.33,3.7,1.8,1.73,2.1,8,17,4,2,5,2
2025-01-18,2024/25,West Ham United,Crystal Palace,0,2,2,-2,A,0,0,2.6,3.5,2.63,1.8,2.0,7,12,0,7,2,4
2025-01-18,2024/25,Arsenal,Aston Villa,2,2,4,0,D,1,1,1.5,4.1,7.0,1.87,2.03,18,8,6,4,10,1
2025-01-19,2024/25,Ipswich Town,Manchester City,0,6,6,-6,A,0,1,7.5,5.25,1.36,1.44,2.75,8,17,4,9,4,7
2025-01-19,2024/25,Nottingham Forest,Southampton,3,2,5,1,H,1,1,1.38,4.75,8.0,1.73,2.1,14,10,5,4,2,8
2025-01-19,2024/25,Everton,Tottenham Hotspur,3,2,5,1,H,1,1,2.8,3.5,2.45,1.67,2.2,12,11,6,6,3,8
2025-01-19,2024/25,Manchester United,Brighton & Hove Albion,1,3,4,-2,A,1,1,2.1,3.6,3.3,1.67,2.2,10,6,1,3,4,2
2025-01-20,2024/25,Chelsea,Wolverhampton Wanderers,3,1,4,2,H,1,1,1.36,5.75,6.5,1.36,3.2,19,9,7,4,3,6
2025-01-25,2024/25,AFC Bournemouth,Nottingham Forest,5,0,5,5,H,0,1,2.05,3.7,3.4,1.85,2.05,16,18,10,4,3,9
2025-01-25,2024/25,Brighton & Hove Albion,Everton,0,1,1,-1,A,0,0,1.67,3.75,5.5,1.89,1.89,16,3,1,1,9,1
2025-01-25,2024/25,Liverpool,Ipswich Town,4,1,5,3,H,1,1,1.08,12.0,15.0,1.25,4.0,16,3,6,3,3,4
2025-01-25,2024/25,Southampton,Newcastle United,1,3,4,-2,A,1,1,6.5,5.25,1.42,1.41,2.7,12,17,5,9,3,8
2025-01-25,2024/25,Wolverhampton Wanderers,Arsenal,0,1,1,-1,A,0,0,7.0,4.5,1.45,1.73,2.1,9,9,4,3,1,5
2025-01-25,2024/25,Manchester City,Chelsea,3,1,4,2,H,1,1,2.05,4.0,3.3,1.4,3.0,15,10,6,4,2,4
2025-01-26,2024/25,Crystal Palace,Brentford,1,2,3,-1,A,1,1,2.05,3.75,3.3,1.73,2.1,16,13,5,6,4,7
2025-01-26,2024/25,Tottenham Hotspur,Leicester City,1,2,3,-1,A,1,1,1.45,5.5,5.5,1.33,3.4,15,12,6,3,6,4
2025-01-26,2024/25,Aston Villa,West Ham United,1,1,2,0,D,1,0,1.53,4.33,5.75,1.67,2.2,14,14,4,4,4,3
2025-01-26,2024/25,Fulham,Manchester United,0,1,1,-1,A,0,0,2.3,3.4,3.1,1.88,2.02,9,4,3,1,3,0
2025-02-01,2024/25,Newcastle United,Fulham,1,2,3,-1,A,1,1,1.7,4.0,4.75,1.62,2.3,11,15,4,4,4,7
2025-02-01,2024/25,Wolverhampton Wanderers,Aston Villa,2,0,2,2,H,0,0,3.3,3.6,2.1,1.73,2.1,8,10,5,3,5,8
2025-02-01,2024/25,Ipswich Town,Southampton,1,2,3,-1,A,1,1,1.95,3.6,3.8,1.73,2.1,15,9,6,4,1,2
2025-02-01,2024/25,AFC Bournemouth,Liverpool,0,2,2,-2,A,0,0,4.5,4.33,1.67,1.44,2.75,14,19,3,7,3,3
2025-02-01,2024/25,Nottingham Forest,Brighton & Hove Albion,7,0,7,7,H,0,1,2.38,3.5,2.8,1.95,1.95,14,10,9,5,4,6
2025-02-01,2024/25,Everton,Leicester City,4,0,4,4,H,0,1,1.75,3.75,4.5,2.04,1.86,13,9,7,1,5,6
2025-02-02,2024/25,Brentford,Tottenham Hotspur,0,2,2,-2,A,0,0,2.1,3.9,3.2,1.33,3.4,20,13,4,2,10,3
2025-02-02,2024/25,Manchester United,Crystal Palace,0,2,2,-2,A,0,0,2.0,3.5,3.8,1.87,2.03,17,11,2,3,11,0
2025-02-02,2024/25,Arsenal,Manchester City,5,1,6,4,H,1,1,1.95,3.5,4.0,1.73,2.1,12,7,7,4,5,2
2025-02-03,2024/25,Chelsea,West Ham United,2,1,3,1,H,1,1,1.36,4.75,8.0,1.4,3.0,22,14,3,5,4,3
2025-02-12,2024/25,Everton,Liverpool,2,2,4,0,D,1,1,7.5,4.5,1.44,1.73,2.1,10,6,3,4,2,3
2025-02-14,2024/25,Brighton & Hove Albion,Chelsea,3,0,3,3,H,0,1,2.7,3.6,2.45,1.57,2.38,13,8,5,0,2,9
2025-02-15,2024/25,Southampton,AFC Bournemouth,1,3,4,-2,A,1,1,6.0,4.5,1.5,1.5,2.63,11,14,4,7,4,6
2025-02-15,2024/25,Crystal Palace,Everton,1,2,3,-1,A,1,1,1.8,3.4,5.0,2.2,1.67,17,11,6,6,6,2
2025-02-15,2024/25,West Ham United,Brentford,0,1,1,-1,A,0,0,2.35,3.6,2.88,1.62,2.3,13,14,3,5,9,2
2025-02-15,2024/25,Fulham,Nottingham Forest,2,1,3,1,H,1,1,2.2,3.4,3.3,2.1,1.73,24,8,10,2,8,4
2025-02-15,2024/25,Aston Villa,Ipswich Town,1,1,2,0,D,1,0,1.4,4.75,7.0,1.57,2.38,25,4,6,3,16,1
2025-02-15,2024/25,Leicester City,Arsenal,0,2,2,-2,A,0,0,8.5,5.0,1.33,1.73,2.1,6,11,2,5,3,7
2025-02-15,2024/25,Manchester City,Newcastle United,4,0,4,4,H,0,1,1.95,4.2,3.3,1.44,2.75,11,3,7,1,7,4
2025-02-16,2024/25,Liverpool,Wolverhampton Wanderers,2,1,3,1,H,1,1,1.15,8.0,12.0,1.36,3.2,10,16,3,4,4,3
2025-02-16,2024/25,Tottenham Hotspur,Manchester United,1,0,1,1,H,0,0,2.45,3.75,2.62,1.5,2.63,22,16,7,6,10,5
2025-02-19,2024/25,Aston Villa,Liverpool,2,2,4,0,D,1,1,3.9,4.0,1.83,1.57,2.38,9,17,4,3,6,8
2025-02-21,2024/25,Leicester City,Brentford,0,4,4,-4,A,0,1,3.6,3.8,1.91,1.57,2.38,8,14,3,6,5,6
2025-02-22,2024/25,Ipswich Town,Tottenham Hotspur,1,4,5,-3,A,1,1,4.1,3.6,1.9,1.53,2.5,17,10,5,6,4,4
2025-02-22,2024/25,Fulham,Crystal Palace,0,2,2,-2,A,0,0,2.05,3.4,3.7,2.02,1.88,10,10,0,5,7,7
2025-02-22,2024/25,Southampton,Brighton & Hove Albion,0,4,4,-4,A,0,1,6.0,4.1,1.55,1.57,2.38,6,18,1,12,5,6
2025-02-22,2024/25,Arsenal,West Ham United,0,1,1,-1,A,0,0,1.27,6.0,10.0,1.67,2.2,20,5,2,2,2,0
2025-02-22,2024/25,Everton,Manchester United,2,2,4,0,D,1,1,2.5,3.2,2.9,2.2,1.67,9,9,8,3,7,9
2025-02-22,2024/25,AFC Bournemouth,Wolverhampton Wanderers,0,1,1,-1,A,0,0,1.53,4.5,5.5,1.57,2.38,8,13,3,5,6,7
2025-02-22,2024/25,Aston Villa,Chelsea,2,1,3,1,H,1,1,2.63,3.4,2.6,1.57,2.38,12,15,6,7,2,3
2025-02-23,2024/25,Manchester City,Liverpool,0,2,2,-2,A,0,0,2.88,3.8,2.25,1.4,3.0,16,8,5,4,7,5
2025-02-23,2024/25,Newcastle United,Nottingham Forest,4,3,7,1,H,1,1,1.8,3.8,4.2,1.67,2.2,13,17,5,5,7,6
2025-02-25,2024/25,Brighton & Hove Albion,AFC Bournemouth,2,1,3,1,H,1,1,2.0,3.8,3.3,1.62,2.3,11,19,4,5,1,9
2025-02-25,2024/25,Crystal Palace,Aston Villa,4,1,5,3,H,1,1,2.45,3.4,2.8,1.9,2.0,19,6,6,2,3,8
2025-02-25,2024/25,Wolverhampton Wanderers,Fulham,1,2,3,-1,A,1,1,2.63,3.3,2.63,2.05,1.85,18,11,5,5,7,5
2025-02-25,2024/25,Chelsea,Southampton,4,0,4,4,H,0,1,1.17,8.0,13.0,1.29,3.75,19,7,10,2,4,2
2025-02-26,2024/25,Brentford,Everton,1,1,2,0,D,1,0,2.0,3.7,3.5,1.87,2.03,12,14,3,4,2,5
2025-02-26,2024/25,Manchester United,Ipswich Town,3,2,5,1,H,1,1,1.53,4.33,6.0,1.67,2.2,10,12,6,3,5,6
2025-02-26,2024/25,Nottingham Forest,Arsenal,0,0,0,0,D,0,0,3.9,3.6,1.95,2.2,1.67,6,13,2,1,3,11
2025-02-26,2024/25,Tottenham Hotspur,Manchester City,0,1,1,-1,A,0,0,3.25,4.0,2.0,1.36,3.2,11,12,6,5,8,3
2025-02-26,2024/25,Liverpool,Newcastle United,2,0,2,2,H,0,0,1.5,4.5,5.75,1.44,2.75,12,3,3,0,4,2
2025-02-27,2024/25,West Ham United,Leicester City,2,0,2,2,H,0,0,1.62,4.2,5.0,1.73,2.1,8,10,2,2,3,3
2025-03-08,2024/25,Wolverhampton Wanderers,Everton,1,1,2,0,D,1,0,2.6,3.1,2.88,2.3,1.62,11,12,3,4,5,5
2025-03-08,2024/25,Brentford,Aston Villa,0,1,1,-1,A,0,0,2.2,3.8,2.9,1.53,2.5,13,12,3,4,6,5
2025-03-08,2024/25,Liverpool,Southampton,3,1,4,2,H,1,1,1.1,9.0,19.0,1.29,3.75,28,6,7,4,6,4
2025-03-08,2024/25,Brighton & Hove Albion,Fulham,2,1,3,1,H,1,1,1.95,3.6,3.75,1.73,2.1,9,6,4,1,3,7
2025-03-08,2024/25,Nottingham Forest,Manchester City,1,0,1,1,H,0,0,4.0,3.75,1.85,1.57,2.38,9,14,4,3,3,2
2025-03-08,2024/25,Crystal Palace,Ipswich Town,1,0,1,1,H,0,0,1.45,4.75,6.25,1.73,2.1,19,15,4,8,5,4
2025-03-09,2024/25,Chelsea,Leicester City,1,0,1,1,H,0,0,1.18,8.0,12.0,1.33,3.2,20,3,7,3,12,2
2025-03-09,2024/25,Tottenham Hotspur,AFC Bournemouth,2,2,4,0,D,1,1,2.7,3.9,2.35,1.37,3.0,12,17,4,8,3,6
2025-03-09,2024/25,Manchester United,Arsenal,1,1,2,0,D,1,0,5.75,3.5,1.7,2.15,1.62,10,17,6,6,2,9
2025-03-10,2024/25,West Ham United,Newcastle United,0,1,1,-1,A,0,0,3.25,3.4,2.2,1.73,2.1,9,9,2,3,3,4
2025-03-15,2024/25,Everton,West Ham United,1,1,2,0,D,1,0,2.05,3.2,3.9,2.3,1.62,13,10,5,5,6,5
2025-03-15,2024/25,Ipswich Town,Nottingham Forest,2,4,6,-2,A,1,1,3.75,3.5,2.0,1.87,2.03,11,11,4,6,6,3
2025-03-15,2024/25,Manchester City,Brighton & Hove Albion,2,2,4,0,D,1,1,1.67,4.33,4.5,1.44,2.75,11,15,3,3,4,5
2025-03-15,2024/25,Southampton,Wolverhampton Wanderers,1,2,3,-1,A,1,1,3.7,3.4,2.0,1.84,2.06,10,5,3,3,5,1
2025-03-15,2024/25,AFC Bournemouth,Brentford,1,2,3,-1,A,1,1,1.73,4.2,4.2,1.44,2.75,17,10,5,4,4,3
2025-03-16,2024/25,Leicester City,Manchester United,0,3,3,-3,A,0,1,4.5,3.5,1.83,1.8,2.0,11,18,3,5,6,4
2025-03-16,2024/25,Arsenal,Chelsea,1,0,1,1,H,0,0,1.8,3.6,4.5,1.86,1.92,12,8,4,2,5,4
2025-03-16,2024/25,Fulham,Tottenham Hotspur,2,0,2,2,H,0,0,2.0,3.75,3.6,1.57,2.38,13,12,4,4,6,5
2025-04-01,2024/25,Nottingham Forest,Manchester United,1,0,1,1,H,0,0,2.3,3.4,3.1,1.95,1.95,8,23,2,6,3,10
2025-04-01,2024/25,Arsenal,Fulham,2,1,3,1,H,1,1,1.48,4.33,7.0,2.1,1.73,17,9,4,3,5,4
2025-04-01,2024/25,Wolverhampton Wanderers,West Ham United,1,0,1,1,H,0,0,2.5,3.2,2.9,2.2,1.67,9,10,2,1,1,2
2025-04-02,2024/25,AFC Bournemouth,Ipswich Town,1,2,3,-1,A,1,1,1.36,5.25,7.5,1.53,2.5,24,10,7,2,8,3
2025-04-02,2024/25,Brighton & Hove Albion,Aston Villa,0,3,3,-3,A,0,1,2.05,3.8,3.25,1.62,2.3,11,8,4,5,4,0
2025-04-02,2024/25,Manchester City,Leicester City,2,0,2,2,H,0,0,1.2,8.0,10.0,1.4,3.0,18,2,5,0,5,0
2025-04-02,2024/25,Newcastle United,Brentford,2,1,3,1,H,1,1,1.73,4.5,4.0,1.44,2.75,21,12,4,3,4,5
2025-04-02,2024/25,Southampton,Crystal Palace,1,1,2,0,D,1,0,5.75,3.8,1.62,1.8,2.0,8,9,2,3,2,2
2025-04-02,2024/25,Liverpool,Everton,1,0,1,1,H,0,0,1.36,5.0,8.0,1.73,2.1,17,5,3,0,11,5
2025-04-03,2024/25,Chelsea,Tottenham Hotspur,1,0,1,1,H,0,0,1.65,4.5,4.5,1.4,3.0,11,8,5,2,4,6
2025-04-05,2024/25,West Ham United,AFC Bournemouth,2,2,4,0,D,1,1,3.0,3.5,2.3,1.8,2.0,9,11,3,4,4,7
2025-04-05,2024/25,Aston Villa,Nottingham Forest,2,1,3,1,H,1,1,1.95,3.6,3.7,1.8,2.0,17,19,8,3,4,4
2025-04-05,2024/25,Crystal Palace,Brighton & Hove Albion,2,1,3,1,H,1,1,2.35,3.6,2.8,1.8,2.0,8,11,3,5,2,4
2025-04-05,2024/25,Everton,Arsenal,1,1,2,0,D,1,0,5.25,3.25,1.75,2.38,1.57,5,14,2,5,3,8
2025-04-05,2024/25,Ipswich Town,Wolverhampton Wanderers,1,2,3,-1,A,1,1,2.7,3.25,2.63,2.1,1.73,6,22,2,7,4,8
2025-04-06,2024/25,Brentford,Chelsea,0,0,0,0,D,0,0,3.2,3.6,2.15,1.53,2.5,9,21,2,5,3,6
2025-04-06,2024/25,Fulham,Liverpool,3,2,5,1,H,1,1,4.5,3.5,1.83,1.8,2.0,12,14,6,6,4,4
2025-04-06,2024/25,Tottenham Hotspur,Southampton,3,1,4,2,H,1,1,1.38,5.5,6.5,1.4,3.0,13,12,8,4,4,1
2025-04-06,2024/25,Manchester United,Manchester City,0,0,0,0,D,0,0,3.4,3.6,2.1,1.67,2.2,13,9,2,5,5,3
2025-04-07,2024/25,Leicester City,Newcastle United,0,3,3,-3,A,0,1,6.5,4.2,1.48,1.62,2.3,7,16,2,5,12,2
2025-04-12,2024/25,Southampton,Aston Villa,0,3,3,-3,A,0,1,6.0,4.2,1.55,1.62,2.3,7,25,2,10,2,14
2025-04-12,2024/25,Nottingham Forest,Everton,0,1,1,-1,A,0,0,2.1,3.3,3.7,2.2,1.67,10,13,5,5,1,7
2025-04-12,2024/25,Arsenal,Brentford,1,1,2,0,D,1,0,1.6,4.33,5.0,1.73,2.1,14,3,3,2,13,5
2025-04-12,2024/25,Manchester City,Crystal Palace,5,2,7,3,H,1,1,1.5,4.75,5.75,1.53,2.5,21,8,9,3,1,4
2025-04-12,2024/25,Brighton & Hove Albion,Leicester City,2,2,4,0,D,1,1,1.29,6.0,10.0,1.62,2.3,21,15,7,6,3,6
2025-04-13,2024/25,Liverpool,West Ham United,2,1,3,1,H,1,1,1.3,6.0,8.0,1.53,2.5,15,11,6,4,10,3
2025-04-13,2024/25,Wolverhampton Wanderers,Tottenham Hotspur,4,2,6,2,H,1,1,2.2,3.6,3.1,1.67,2.2,13,11,5,4,1,4
2025-04-13,2024/25,Newcastle United,Manchester United,4,1,5,3,H,1,1,1.65,4.2,4.75,1.67,2.2,13,9,6,5,7,2
2025-04-13,2024/25,Chelsea,Ipswich Town,2,2,4,0,D,1,1,1.27,7.0,8.5,1.44,2.75,34,13,9,4,15,4
2025-04-14,2024/25,AFC Bournemouth,Fulham,1,0,1,1,H,0,0,2.15,3.5,3.3,1.73,2.1,12,12,3,7,6,9
2025-04-16,2024/25,Newcastle United,Crystal Palace,5,0,5,5,H,0,1,1.67,3.9,5.0,1.73,2.1,14,11,7,4,5,4
2025-04-19,2024/25,Brentford,Brighton & Hove Albion,4,2,6,2,H,1,1,2.4,3.75,2.63,1.57,2.38,16,12,8,3,4,8
2025-04-19,2024/25,Crystal Palace,AFC Bournemouth,0,0,0,0,D,0,0,2.45,3.6,2.63,1.8,2.0,5,15,0,4,5,4
2025-04-19,2024/25,Everton,Manchester City,0,2,2,-2,A,0,0,3.7,3.6,1.91,1.86,2.04,8,12,3,7,2,5
2025-04-19,2024/25,West Ham United,Southampton,1,1,2,0,D,1,0,1.48,4.33,6.5,1.73,2.1,12,15,4,4,2,5
2025-04-19,2024/25,Aston Villa,Newcastle United,4,1,5,3,H,1,1,2.3,3.6,2.75,1.62,2.3,23,10,9,3,7,7
2025-04-20,2024/25,Fulham,Chelsea,1,2,3,-1,A,1,1,2.7,3.7,2.35,1.84,2.06,6,13,1,8,6,4
2025-04-20,2024/25,Ipswich Town,Arsenal,0,4,4,-4,A,0,1,8.0,4.5,1.4,1.73,2.1,4,24,0,7,0,12
2025-04-20,2024/25,Manchester United,Wolverhampton Wanderers,0,1,1,-1,A,0,0,2.0,3.6,3.6,1.97,1.93,12,4,2,2,9,2
2025-04-20,2024/25,Leicester City,Liverpool,0,1,1,-1,A,0,0,11.0,6.25,1.22,1.44,2.75,5,28,0,10,1,13
2025-04-21,2024/25,Tottenham Hotspur,Nottingham Forest,1,2,3,-1,A,1,1,2.45,3.6,2.63,1.57,2.38,22,4,6,3,7,1
2025-04-22,2024/25,Manchester City,Aston Villa,2,1,3,1,H,1,1,1.8,4.1,3.9,1.53,2.5,14,7,6,3,10,2
2025-04-23,2024/25,Arsenal,Crystal Palace,2,2,4,0,D,1,1,1.4,4.75,7.5,1.91,1.99,12,15,6,4,3,6
2025-04-26,2024/25,Wolverhampton Wanderers,Leicester City,3,0,3,3,H,0,1,1.5,4.2,6.25,1.73,2.1,20,8,6,2,4,2
2025-04-26,2024/25,Southampton,Fulham,1,2,3,-1,A,1,1,5.25,4.0,1.6,1.73,2.1,7,26,3,5,0,13
2025-04-26,2024/25,Brighton & Hove Albion,West Ham United,3,2,5,1,H,1,1,1.67,4.2,4.75,1.67,2.2,16,12,9,4,8,1
2025-04-26,2024/25,Chelsea,Everton,1,0,1,1,H,0,0,1.55,4.0,6.0,1.88,2.02,10,6,7,3,10,2
2025-04-26,2024/25,Newcastle United,Ipswich Town,3,0,3,3,H,0,1,1.18,7.5,13.0,1.36,3.2,25,4,5,0,11,2
2025-04-27,2024/25,AFC Bournemouth,Manchester United,1,1,2,0,D,1,0,1.67,4.0,4.5,1.67,2.2,8,25,1,6,5,10
2025-04-27,2024/25,Liverpool,Tottenham Hotspur,5,1,6,4,H,1,1,1.25,6.0,11.0,1.33,3.4,25,8,8,3,8,2
2025-05-01,2024/25,Nottingham Forest,Brentford,0,2,2,-2,A,0,0,2.15,3.5,3.25,1.8,2.0,14,11,5,3,4,5
2025-05-02,2024/25,Manchester City,Wolverhampton Wanderers,1,0,1,1,H,0,0,1.4,4.75,7.5,1.53,2.5,9,6,2,1,4,5
2025-05-03,2024/25,Aston Villa,Fulham,1,0,1,1,H,0,0,1.77,3.75,4.5,1.68,2.05,10,11,3,3,5,3
2025-05-03,2024/25,Everton,Ipswich Town,2,2,4,0,D,1,1,1.45,4.33,6.5,1.95,1.95,8,12,3,5,3,3
2025-05-03,2024/25,Leicester City,Southampton,2,0,2,2,H,0,0,2.3,3.6,2.88,1.68,2.05,14,8,4,2,7,7
2025-05-03,2024/25,Arsenal,AFC Bournemouth,1,2,3,-1,A,1,1,2.05,3.7,3.4,1.87,2.03,13,9,4,2,2,3
2025-05-04,2024/25,Chelsea,Liverpool,3,1,4,2,H,1,1,2.15,3.7,3.1,1.53,2.5,17,11,7,2,3,6
2025-05-04,2024/25,West Ham United,Tottenham Hotspur,1,1,2,0,D,1,0,2.1,3.7,3.25,1.57,2.38,11,7,2,2,1,3
2025-05-04,2024/25,Brighton & Hove Albion,Newcastle United,1,1,2,0,D,1,0,2.88,3.7,2.3,1.53,2.5,5,13,2,5,1,4
2025-05-04,2024/25,Brentford,Manchester United,4,3,7,1,H,1,1,1.65,4.1,4.75,1.67,2.2,12,14,6,5,7,4
2025-05-05,2024/25,Crystal Palace,Nottingham Forest,1,1,2,0,D,1,0,2.25,3.4,3.2,2.01,1.89,20,12,3,4,7,4
2025-05-10,2024/25,Fulham,Everton,1,3,4,-2,A,1,1,1.82,3.4,4.5,2.0,1.8,18,11,6,7,5,5
2025-05-10,2024/25,Ipswich Town,Brentford,0,1,1,-1,A,0,0,5.0,4.0,1.65,1.53,2.5,11,15,4,5,5,6
2025-05-10,2024/25,Southampton,Manchester City,0,0,0,0,D,0,0,11.0,7.5,1.2,1.36,3.2,2,26,0,5,1,15
2025-05-10,2024/25,Wolverhampton Wanderers,Brighton & Hove Albion,0,2,2,-2,A,0,0,2.7,3.5,2.5,1.73,2.1,10,7,3,2,7,4
2025-05-10,2024/25,AFC Bournemouth,Aston Villa,0,1,1,-1,A,0,0,2.4,3.6,2.75,1.62,2.3,10,6,4,3,10,0
2025-05-11,2024/25,Newcastle United,Chelsea,2,0,2,2,H,0,0,2.1,3.75,3.1,1.57,2.38,15,10,6,3,2,8
2025-05-11,2024/25,Manchester United,West Ham United,0,2,2,-2,A,0,0,1.9,3.6,4.0,1.73,2.1,20,9,5,4,8,5
2025-05-11,2024/25,Nottingham Forest,Leicester City,2,2,4,0,D,1,1,1.33,5.25,8.0,1.67,2.2,15,10,4,6,4,4
2025-05-11,2024/25,Tottenham Hotspur,Crystal Palace,0,2,2,-2,A,0,0,2.63,3.6,2.5,1.53,2.5,8,23,1,10,4,8
2025-05-11,2024/25,Liverpool,Arsenal,2,2,4,0,D,1,1,2.0,3.6,3.6,1.73,2.1,14,15,5,7,3,1
2025-05-16,2024/25,Chelsea,Manchester United,1,0,1,1,H,0,0,1.44,5.0,6.25,1.5,2.63,11,4,3,1,7,2
2025-05-16,2024/25,Aston Villa,Tottenham Hotspur,2,0,2,2,H,0,0,1.3,6.0,8.5,1.36,3.2,18,3,7,1,9,1
2025-05-18,2024/25,Everton,Southampton,2,0,2,2,H,0,0,1.4,4.75,7.5,1.8,2.0,13,6,5,2,4,5
2025-05-18,2024/25,West Ham United,Nottingham Forest,1,2,3,-1,A,1,1,2.75,3.3,2.55,1.98,1.92,16,10,5,5,8,7
2025-05-18,2024/25,Brentford,Fulham,2,3,5,-1,A,1,1,1.91,3.9,3.6,1.62,2.3,11,16,6,7,5,3
2025-05-18,2024/25,Leicester City,Ipswich Town,2,0,2,2,H,0,0,2.3,3.6,2.9,1.73,2.1,9,20,3,2,2,2
2025-05-18,2024/25,Arsenal,Newcastle United,1,0,1,1,H,0,0,1.95,3.7,3.7,1.73,2.1,12,14,4,5,10,7
2025-05-19,2024/25,Brighton & Hove Albion,Liverpool,3,2,5,1,H,1,1,2.6,3.75,2.45,1.44,2.75,25,18,12,5,3,3
2025-05-20,2024/25,Crystal Palace,Wolverhampton Wanderers,4,2,6,2,H,1,1,2.25,3.3,3.2,2.02,1.88,14,12,10,3,0,10
2025-05-20,2024/25,Manchester City,AFC Bournemouth,3,1,4,2,H,1,1,1.55,4.33,5.75,1.53,2.5,12,8,5,2,3,1
2025-05-25,2024/25,Southampton,Arsenal,1,2,3,-1,A,1,1,8.5,6.0,1.3,1.5,2.63,7,23,2,8,5,8
2025-05-25,2024/25,Nottingham Forest,Chelsea,0,1,1,-1,A,0,0,3.0,3.75,2.2,1.67,2.2,10,6,2,2,7,4
2025-05-25,2024/25,Newcastle United,Everton,0,1,1,-1,A,0,0,1.33,5.5,8.5,1.53,2.5,17,14,6,6,12,3
2025-05-25,2024/25,Manchester United,Aston Villa,2,0,2,2,H,0,0,4.33,4.2,1.7,1.62,2.3,25,6,10,1,4,3
2025-05-25,2024/25,Tottenham Hotspur,Brighton & Hove Albion,1,4,5,-3,A,1,1,4.2,4.33,1.7,1.33,3.4,4,23,2,8,2,11
2025-05-25,2024/25,Ipswich Town,West Ham United,1,3,4,-2,A,1,1,3.0,3.8,2.2,1.5,2.63,14,10,4,6,4,0
2025-05-25,2024/25,Fulham,Manchester City,0,2,2,-2,A,0,0,5.0,4.2,1.6,1.53,2.5,13,20,3,5,1,6
2025-05-25,2024/25,AFC Bournemouth,Leicester City,2,0,2,2,H,0,0,1.33,5.25,8.5,1.5,2.63,20,3,7,0,6,1
2025-05-25,2024/25,Liverpool,Crystal Palace,1,1,2,0,D,1,0,1.4,6.0,5.75,1.3,3.5,14,8,3,5,11,0
2025-05-25,2024/25,Wolverhampton Wanderers,Brentford,1,1,2,0,D,1,0,2.7,3.7,2.45,1.53,2.5,18,13,6,7,8,3
